observation_date,DGS1,Close,High,Low,Open,Volume,Log return,Volatility_5_days,Volatility_20_days,Volatility_100_days,Lag_1,Lag_2,Lag_3,Lag_5,Lag_20,Rolling_Mean_3d,Rolling_Std_3d,Rolling_Max_3d,Rolling_Mean_5d,Rolling_Std_5d,Rolling_Max_5d,Rolling_Mean_20d,Rolling_Std_20d,Rolling_Max_20d,EMA_9,EMA_21,EMA_Cross_Diff,MACD_Line,MACD_Signal,MACD_Diff,RSI_14,Stoch_%K,Stoch_%D,ROC_12
2022-02-11,1.07,42407.9375,43810.83203125,42114.5390625,43571.12890625,26954925781.0,-0.026921126055171385,1.9286643747210477e-07,2.3346898082734304e-06,2.1018096355417943e-06,43565.11328125,44338.796875,44118.4453125,41500.875,42591.5703125,43437.282552083336,971.7561437912103,44338.796875,43654.115625,754.9720033853166,44338.796875,40042.292578125,2967.4383801045815,44338.796875,41926.39342352666,41564.35916091067,362.0342626159836,-401.8763613510746,-1404.5384818202956,1002.662120469221,51.180716715211936,67.5710741214346,80.96169905835224,0.15075974574479112
2022-02-14,1.13,42586.91796875,42775.77734375,41681.95703125,42157.3984375,20827783012.0,0.009185768314631915,5.6058091916075004e-08,2.3260993370978036e-06,1.8342748424469308e-06,42407.9375,43565.11328125,44338.796875,43840.28515625,43099.69921875,42853.322916666664,622.8905557029292,43565.11328125,43403.4421875,876.0703147267728,44338.796875,40016.653515625,2941.7355782687764,44338.796875,42058.498332571326,41657.31905253243,401.1792800388939,-289.86451938738173,-1181.603689333713,891.7391699463312,51.78478269049752,69.3551891545867,73.37567873039355,0.14671358737015883
2022-02-15,1.11,44575.203125,44667.21875,42491.03515625,42586.46484375,22721659051.0,0.04563060448723988,4.1627745590110134e-07,2.653074746243196e-06,1.818897645856565e-06,42586.91796875,42407.9375,43565.11328125,44118.4453125,42375.6328125,43190.01953125,1202.9375267836108,44575.203125,43494.79375,986.162444962419,44575.203125,40126.63203125,3072.7669836181426,44575.203125,42561.83929105706,41922.581240938576,639.2580501184857,-40.19301228605036,-953.3215539241805,913.1285416381302,58.00179112586237,89.17483462894114,75.36703263498748,0.17972717072604394
2022-02-16,1.09,43961.859375,44578.27734375,43456.69140625,44578.27734375,19792547657.0,-0.013855295049898686,4.6053219112612603e-07,2.647648936952105e-06,1.6998938436098055e-06,44575.203125,42586.91796875,42407.9375,44338.796875,41744.328125,43707.993489583336,1018.1627480294919,44575.203125,43419.40625,917.5317594888264,44575.203125,40237.50859375,3172.5981189334275,44575.203125,42841.84330784565,42107.97016221689,733.8731456287642,106.94890082508937,-741.2674629743266,848.216363799416,55.61929204372916,82.01797607158683,80.18266661837156,0.14236719016452026
2022-02-17,1.05,40538.01171875,44132.97265625,40249.37109375,43937.0703125,26246662813.0,-0.08108233071910398,3.73076254861902e-06,3.6962053569212337e-06,1.8513118823487826e-06,43961.859375,44575.203125,42586.91796875,43565.11328125,40680.41796875,43025.024739583336,2175.539694710735,44575.203125,42813.9859375,1566.5242777009857,44575.203125,40230.38828125,3171.711451480585,44575.203125,42381.07699002652,41965.24666735626,415.83032267026283,-52.11521277245629,-603.4370129339526,551.3218001614963,44.604726135408264,44.82702191978367,72.00661087343721,0.046323867913361516
2022-02-18,1.03,40030.9765625,40929.15234375,39637.6171875,40552.1328125,23310007704.0,-0.012586526423760347,3.3060436873279914e-06,1.7684039159471692e-06,1.7962775034456917e-06,40538.01171875,43961.859375,44575.203125,42407.9375,36457.31640625,41510.282552083336,2138.2101981365536,43961.859375,42338.59375,2016.5732343859906,44575.203125,40409.0712890625,3046.1404260719755,44575.203125,41911.05690452122,41789.40393055115,121.65297397007089,-216.5914371691324,-526.0678977809886,309.47646061185617,43.23911499936984,39.36659540402218,55.40386446513089,0.08329482014942124
2022-02-22,1.17,38286.02734375,38359.85546875,36488.93359375,37068.76953125,25493150450.0,0.03213453434150715,4.031674109153763e-06,1.8936118747432276e-06,1.810083963351455e-06,40030.9765625,40538.01171875,43961.859375,42586.91796875,36654.328125,39618.338541666664,1181.338651060371,40538.01171875,41478.415625,2689.254913743469,44575.203125,40490.65625,2960.943623241538,44575.203125,41186.050992366974,41470.91514993286,-284.86415756588394,-482.1845257315581,-517.2912233711025,35.10669763954445,38.83281147502565,20.57466970563564,34.92276234314716,0.030451834595689675
2022-02-23,1.16,37296.5703125,39122.39453125,37201.81640625,38285.28125,21849073843.0,-0.02618363461542117,2.9880200845561267e-06,1.9797892497879362e-06,1.806134043116777e-06,38286.02734375,40030.9765625,40538.01171875,44575.203125,36954.00390625,38537.858072916664,1384.4885055948955,40030.9765625,40022.6890625,2560.7814353266867,43961.859375,40507.7845703125,2940.3272575534866,44575.203125,40408.15485639358,41091.42925562078,-683.2743992272008,-763.7063437564575,-566.5742474481735,-197.13209630828396,36.557834993088214,9.91888510560249,23.2867167384201,-0.101306410708208
2022-02-24,1.08,38332.609375,38968.83984375,34459.21875,37278.56640625,46383802093.0,0.027399579951550734,3.3868608874351892e-06,2.085729759097491e-06,1.8219233845485673e-06,37296.5703125,38286.02734375,40030.9765625,43961.859375,36852.12109375,37971.735677083336,585.1740540717005,38332.609375,38896.8390625,1344.62092471949,40538.01171875,40581.808984375,2861.0164061378796,44575.203125,39993.04576011487,40840.62744829162,-847.5816881767532,-892.9216737616516,-631.8437327108692,-261.07794105078244,40.489152214431996,34.57781497367228,21.69045659497014,-0.12563047347023948
2022-02-25,1.13,39214.21875,39630.32421875,38111.34375,38333.74609375,26545599159.0,0.022738450595305437,3.954915092352167e-07,2.1522850689244316e-06,1.7628573631076525e-06,38332.609375,37296.5703125,38286.02734375,40538.01171875,37138.234375,38281.1328125,959.860020954523,39214.21875,38632.08046875,1035.4731211343103,40030.9765625,40685.608203125,2765.573073287607,44575.203125,39837.28035809189,40692.77211208329,-855.491753991395,-913.6551967143023,-688.2060255115558,-225.44917120274647,43.6869702004094,42.44795480698818,28.981551628754318,-0.1111604574404732
2022-02-28,1.01,43193.234375,43760.45703125,37518.21484375,37706.0,35690014104.0,0.13576425730332176,1.8349089652689413e-05,5.634877451677157e-06,2.0257642797751858e-06,39214.21875,38332.609375,37296.5703125,40030.9765625,37784.33203125,40246.6875,2589.5776948088137,43193.234375,39264.53203125,2298.698442554705,43193.234375,40956.0533203125,2731.17931356775,44575.203125,40508.47116147351,40920.08686325753,-411.615701784016,-602.0730329682119,-670.9794270028871,68.90639403467515,55.34897391100015,77.96868570631517,51.66481849565855,-0.02583657159732078
2022-03-01,0.91,44354.63671875,44793.6015625,42952.5859375,43194.50390625,32479047645.0,0.02653338033252517,1.7790360984237494e-05,5.750558288914014e-06,2.0357950227665343e-06,43193.234375,39214.21875,38332.609375,38286.02734375,38483.125,42254.029947916664,2695.8399322385276,44354.63671875,40478.25390625,3111.3561543238716,44354.63671875,41249.62890625,2766.7074347442067,44575.203125,41277.704272928815,41232.3186683023,45.38560462651367,-258.4472415521159,-588.4729899127328,330.02574836061694,58.07794291532939,88.33654147923423,69.58439399751252,0.01812283678462978
2022-03-02,1.06,43924.1171875,45077.578125,43432.8515625,44357.6171875,29183112630.0,-0.00975371593540686,1.6808135247960217e-05,5.76249312962588e-06,1.9739291703880944e-06,44354.63671875,43193.234375,39214.21875,37296.5703125,38743.2734375,43823.99609375,587.1388473584735,44354.63671875,41803.76328125,2814.6108177890583,44354.63671875,41508.67109375,2762.2239637523176,44575.203125,41806.98685584305,41477.027624593,329.95923125005356,-20.622926080221077,-474.9029771462305,454.28005106600943,56.69468131217116,84.49328730341388,83.59950482965444,0.035752261884935965
2022-03-03,1.08,42451.7890625,44021.578125,41914.75,43925.1953125,24967782593.0,-0.03409447865241333,1.7490059806273534e-05,5.50712157566329e-06,1.8624877635377354e-06,43924.1171875,44354.63671875,43193.234375,38332.609375,36952.984375,43576.84765625,997.8248324356043,44354.63671875,42627.59921875,2041.17833218758,44354.63671875,41783.611328125,2550.4498124081697,44575.203125,41935.94729717445,41565.64230076636,370.3049964080856,48.491008276163484,-370.2241800617517,418.7151883379152,52.122583982431316,75.27123569878233,82.70035482714349,-0.003173014453620615
2022-03-04,1.05,39137.60546875,42479.61328125,38805.84765625,42458.140625,28516271427.0,-0.08128527556523579,2.91617675673946e-05,7.158889800365549e-06,2.0240214290645923e-06,42451.7890625,43924.1171875,44354.63671875,39214.21875,37154.6015625,41837.837239583336,2451.606868786259,43924.1171875,42612.2765625,2073.24336287317,44354.63671875,41882.7615234375,2394.8199694958907,44575.203125,41376.27893148956,41344.91167967396,31.367251815601776,-162.2918199577325,-328.6377080409479,166.3458880832154,43.59926150862677,44.059412132582864,67.94131171159303,-0.12198705277913413
2022-03-07,1.07,38062.0390625,39430.2265625,37260.203125,38429.3046875,28546143503.0,-0.009360315270734887,2.997399860832764e-06,4.276936610345764e-06,2.026258300036514e-06,39137.60546875,42451.7890625,43924.1171875,43193.234375,41500.875,39883.811197916664,2288.0326720364023,42451.7890625,41586.0375,2841.41991028639,44354.63671875,41710.8197265625,2542.573232564398,44575.203125,40713.43095769166,41046.46871447633,-333.03775678467355,-411.38575118136214,-345.1873166690308,-66.19843451233135,41.24220390234956,33.930103373431926,51.08691706826571,-0.13420315692686735
2022-03-08,1.12,38737.26953125,39304.44140625,37957.38671875,38059.90234375,25776583476.0,0.017584738215960627,2.7302294537396496e-06,4.115696264306151e-06,2.0166540446136697e-06,38062.0390625,39137.60546875,42451.7890625,44354.63671875,43840.28515625,38645.638020833336,543.6064972381041,39137.60546875,40462.5640625,2570.702380097715,43924.1171875,41455.6689453125,2573.4907026967458,44575.203125,40318.19867240333,40836.541516001205,-518.3428435978785,-547.9921185795683,-385.7482770511383,-162.24384152843004,43.31408905792143,40.28918809550086,39.42623453383856,-0.044421078172097506
2022-03-09,1.15,41982.92578125,42465.671875,38706.09375,38742.81640625,32284121034.0,0.0804608330138592,8.573785618131324e-06,5.524450713886022e-06,2.1876748965078634e-06,38737.26953125,38062.0390625,39137.60546875,43924.1171875,44118.4453125,39594.078125,2096.1700527534954,41982.92578125,40074.32578125,2000.5966492314017,42451.7890625,41348.89296875,2500.461358971034,44575.203125,40651.14409417266,40940.75826738746,-289.6141732147953,-389.8622255886585,-386.57106675864236,-3.2911588300161156,52.06388949324859,70.85564507228783,48.35831218040687,0.04876096928843188
2022-03-10,1.19,39437.4609375,42004.7265625,38832.94140625,41974.0703125,31078064711.0,-0.06254685680053029,1.2096747618140602e-05,6.475902198770447e-06,2.3048733023727513e-06,41982.92578125,38737.26953125,38062.0390625,42451.7890625,44338.796875,40052.552083333336,1708.0175530576685,41982.92578125,39471.46015625,1495.45797150431,41982.92578125,41103.826171875,2431.2302007236644,44575.203125,40408.40746283813,40804.09487376132,-395.68741092319397,-464.5854339936268,-402.17394020563927,-62.411493787987524,46.05922301258779,46.8833462090277,52.67605979227213,0.030074512129761866
2022-03-11,1.22,38794.97265625,40081.6796875,38347.43359375,39439.96875,26364890465.0,-0.016425482290646443,4.886478190627717e-06,6.4657059750621205e-06,2.1585510401544237e-06,39437.4609375,41982.92578125,38737.26953125,39137.60546875,43565.11328125,40071.786458333336,1685.982779148365,41982.92578125,39402.93359375,1522.192096500417,41982.92578125,40865.319140625,2410.9605394403334,44575.203125,40085.7205015205,40621.447399442106,-535.7268979216024,-569.0874637668239,-435.5566449178762,-133.53081884894772,44.65916612857326,40.83261597321856,52.85720241817803,0.040175338675787264
2022-03-14,1.28,39666.75390625,39742.5,37680.734375,37846.31640625,24322159070.0,0.04689129940953407,6.931497241495734e-06,6.845955016709447e-06,2.2219005786426647e-06,38794.97265625,39437.4609375,41982.92578125,38062.0390625,42407.9375,39299.729166666664,451.9161066898667,39666.75390625,39723.8765625,1325.2222626784594,41982.92578125,40728.2599609375,2396.522333185375,44575.203125,40001.9271824664,40534.65708187919,-532.729899412785,-574.9331427769721,-463.4319444896954,-111.50119828727668,47.01273843887813,49.042747305301106,45.58623649584913,0.03480442769231651
2022-03-15,1.28,39338.78515625,39794.62890625,38310.2109375,39664.25,23934000868.0,-0.008302471898177899,6.6807530924421336e-06,6.8419138618419235e-06,2.186708332331702e-06,39666.75390625,38794.97265625,39437.4609375,38737.26953125,42586.91796875,39266.837239583336,440.32148936608513,39666.75390625,39844.1796875,1237.6786668625157,41982.92578125,40565.8533203125,2373.8884255266976,44575.203125,39869.29877722312,40425.94145227654,-556.6426750534156,-599.1238953601132,-490.570334663779,-108.55356069633422,46.21641819688198,45.95405216495604,45.276471814491906,0.0031765622322896814
2022-03-16,1.35,41143.9296875,41465.453125,39022.34765625,39335.5703125,39616916192.0,0.04486546767419952,2.8645839756987184e-06,6.8238142141369075e-06,2.225519686160023e-06,39338.78515625,39666.75390625,38794.97265625,41982.92578125,44575.203125,40049.822916666664,961.6096373954565,41143.9296875,39676.38046875,880.5859199319873,41143.9296875,40394.2896484375,2185.384266342276,44354.63671875,40124.2249592785,40491.213110024124,-366.988150745623,-467.249007906903,-485.9060693124038,18.657061405500826,51.123635602697,49.680699243671945,48.225832904643035,-0.04744503895466845
2022-03-17,1.3,40951.37890625,41287.53515625,40662.87109375,41140.84375,22009601093.0,-0.0046909168777933274,8.362869703551539e-07,6.779487574136427e-06,2.123417176800906e-06,41143.9296875,39338.78515625,39666.75390625,39437.4609375,43961.859375,40478.03125,991.3022734936327,41143.9296875,39979.1640625,1026.142680079597,41143.9296875,40243.765625,2024.4795106864974,44354.63671875,40289.655748672805,40533.04636422647,-243.39061555366789,-373.9636284018852,-463.51758113030013,89.55395272841491,50.59336550689809,47.217586226194854,47.61744587827428,-0.07672834373731541
2022-03-18,1.29,41801.15625,42195.74609375,40302.3984375,40944.83984375,34421564942.0,0.020538517974936,8.928249022891989e-07,5.272163526199146e-06,2.1179308745992483e-06,40951.37890625,41143.9296875,39338.78515625,38794.97265625,40538.01171875,41298.821614583336,445.5603385564803,41801.15625,40580.40078125,1039.4461847941077,41801.15625,40306.9228515625,2053.635243895295,44354.63671875,40591.95584893825,40648.32908111498,-56.37323217673111,-228.82659278226492,-416.5793834606931,187.7527906784282,52.91453480365947,58.087953117254834,51.66207952904055,-0.048332466841340516
2022-03-21,1.4,41077.99609375,41454.41015625,40668.04296875,41246.1328125,24615543271.0,-0.0041257618874652735,2.5861263911998847e-07,5.239746674438265e-06,2.08485567018059e-06,41801.15625,40951.37890625,41143.9296875,39666.75390625,40030.9765625,41276.84375,458.4601141702102,41801.15625,40862.64921875,913.2802232613022,41801.15625,40359.273828125,2059.567298447319,44354.63671875,40689.1638979006,40687.38971862725,1.7741792733504553,-170.19551930213493,-367.3026106289815,197.10709132684656,50.73028226113396,48.837275540063004,51.38093829450423,-0.032361250234411165
2022-03-22,1.59,42358.80859375,43124.70703125,40948.28125,41074.10546875,32004652376.0,0.030703791309973028,4.6689624518018595e-07,5.219187070588068e-06,2.057831434393862e-06,41077.99609375,41801.15625,40951.37890625,39338.78515625,38286.02734375,41745.986979166664,642.1860333053398,42358.80859375,41466.65390625,597.608974709296,42358.80859375,40562.912890625,2045.0832259256983,44354.63671875,41023.092837070486,40839.336889092956,183.75594797753,-20.14686607067415,-297.87146171732,277.72459564664587,54.32636131426054,75.40781969274,60.77768278335262,0.08230455303587791
2022-03-23,1.52,42892.95703125,42893.5078125,41877.5078125,42364.37890625,25242943069.0,0.012531246090631498,9.742042533008677e-08,5.099135246686658e-06,2.0336433761913516e-06,42358.80859375,41077.99609375,41801.15625,41143.9296875,37296.5703125,42109.920572916664,932.7270427883201,42892.95703125,41816.459375,828.6911818935201,42892.95703125,40842.7322265625,1955.5464610151607,44354.63671875,41397.06567590639,41026.02962928905,371.03604661734425,140.2523457610514,-210.24670022164574,350.4990459826971,55.776027457338614,96.04825909054274,73.43111810778193,0.1269222061597215
2022-03-24,1.55,43960.93359375,44131.85546875,42726.1640625,42886.65234375,31042992291.0,0.02459372596578646,1.8377664533118578e-07,5.06624563386813e-06,2.0141125258916796e-06,42892.95703125,42358.80859375,41077.99609375,40951.37890625,38332.609375,43070.899739583336,815.7504731798665,43960.93359375,42418.3703125,1093.827897094919,43960.93359375,41124.1484375,1980.1334168688736,44354.63671875,41909.83925947512,41292.83908060368,617.0001788714435,349.5176381276615,-98.29383255178429,447.8114706794458,58.60503647206651,97.51265246770728,89.65624375033,0.13484853542106223
2022-03-25,1.67,44348.73046875,44999.4921875,43706.28515625,43964.546875,30574413034.0,0.008782716407665703,1.294221209861852e-07,4.967715075891955e-06,1.9969375279068396e-06,43960.93359375,42892.95703125,42358.80859375,41801.15625,39214.21875,43734.20703125,753.9050178504683,44348.73046875,42927.88515625,1307.0145492432562,44348.73046875,41380.8740234375,2051.0533360483087,44354.63671875,42397.617501330096,41570.64738861698,826.9701127131193,540.4241832795306,29.44977061447868,510.9744126650519,59.615268302339075,91.10830368456054,94.8897384142702,0.05635159159289915
2022-03-28,1.69,47128.00390625,48086.8359375,46690.203125,46821.8515625,36362175703.0,0.006546412763370313,1.3316630188705152e-07,1.7144845103737927e-06,1.9974012194305244e-06,44348.73046875,43960.93359375,42892.95703125,41077.99609375,43193.234375,45145.889322916664,1727.478008590015,47128.00390625,44137.88671875,1852.804441381796,47128.00390625,41577.6125,2394.075002582102,47128.00390625,43343.69478231408,42075.86161749271,1267.8331648213716,905.544580526388,204.66873259686056,700.8758479295275,66.01637295696716,90.78586706567135,93.13560773931306,0.1950060370503537
2022-03-29,1.67,47465.73046875,48022.2890625,47100.4375,47100.4375,31397059069.0,0.007140599739189568,3.480935579266374e-08,1.6300437070400254e-06,1.96281558071225e-06,47128.00390625,44348.73046875,43960.93359375,42358.80859375,44354.63671875,46314.154947916664,1710.4633422658815,47465.73046875,45159.27109375,2026.3780517283958,47465.73046875,41733.1671875,2669.2639605241634,47465.73046875,44168.101919601264,42565.84969487973,1602.252224721531,1208.2291237479803,405.38081082708453,802.8483129208958,66.7069465699771,94.03133378028666,91.97516817683952,0.22350209882421734
2022-03-30,1.64,47062.6640625,47655.1484375,46746.2109375,47456.8984375,29333883962.0,-0.008527995234731023,2.8802017114397098e-08,1.6271840273797457e-06,1.9643911958126605e-06,47465.73046875,47128.00390625,44348.73046875,42892.95703125,43924.1171875,47218.799479166664,216.32963044381228,47465.73046875,45993.2125,1690.7295801233868,47465.73046875,41890.09453125,2888.135283880515,47465.73046875,44747.014348181016,42974.65100102703,1772.363347153987,1399.4526950184882,604.1951876653653,795.2575073531228,65.0090541663375,90.15796771875875,91.65838952157226,0.1864511064789871
2022-03-31,1.63,45538.67578125,47512.02734375,45390.5390625,47062.1484375,33327427106.0,-0.03291800954258228,7.046920774007244e-08,1.6171428865300091e-06,1.9781022539675304e-06,47062.6640625,47465.73046875,47128.00390625,43960.93359375,42451.7890625,46689.0234375,1016.410561555668,47465.73046875,46308.7609375,1324.0900692812288,47465.73046875,42044.4388671875,3000.0472264055757,47465.73046875,44905.34663479481,43207.74416286548,1697.6024719293346,1411.7518387344826,765.7065178791888,646.0453208552938,58.904202810859076,75.51282638416014,86.56737596106852,0.1576024933249618
2022-04-01,1.72,46281.64453125,46616.2421875,44403.140625,45554.1640625,38162644287.0,0.016183454010016973,9.145421812606756e-08,9.108788611437397e-07,1.9846762576943044e-06,45538.67578125,47062.6640625,47465.73046875,44348.73046875,39137.60546875,46294.328125,762.0733071757784,47062.6640625,46695.34375,778.5631883049363,47465.73046875,42401.6408203125,3060.4243821609366,47465.73046875,45180.606214085856,43487.18965090044,1693.4165631854194,1464.5677423440575,905.4787627721626,559.0889795718949,60.835153903079835,81.53563825706723,82.40214411999538,0.12487175830729891
2022-04-04,1.72,46622.67578125,46791.08984375,45235.81640625,46445.2734375,32499785455.0,0.0036337857461319345,8.790262019842587e-08,9.037909099374544e-07,1.8684697956853606e-06,46281.64453125,45538.67578125,47062.6640625,47128.00390625,38062.0390625,46147.665364583336,554.2804460069873,46622.67578125,46594.278125,740.2123129256505,47465.73046875,42829.67265625,3019.9208620957825,47465.73046875,45469.020127518685,43772.233844568575,1696.78628295011,1516.462265202339,1027.6754632581979,488.7868019441412,61.724164338268594,83.84729384803076,80.29858616308604,0.13848854486642082
2022-04-05,1.77,45555.9921875,47106.140625,45544.80859375,46624.5078125,29640604055.0,-0.023144860605896156,1.5478168997316973e-07,9.25448350584056e-07,1.8809966380634232e-06,46622.67578125,46281.64453125,45538.67578125,47465.73046875,38737.26953125,46153.4375,544.7763343249139,46622.67578125,46212.33046875,667.2416190622976,47062.6640625,43170.6087890625,2916.7287387082742,47465.73046875,45486.41453951495,43934.39369392597,1552.0208455889806,1454.7471771687706,1113.0898060403124,341.6573711284582,57.33993041652509,67.48841839888881,77.62378350132894,0.08982612622108999
2022-04-06,1.79,43206.73828125,45544.35546875,43193.953125,45544.35546875,39393395788.0,-0.052945705100574614,8.827114331431694e-07,6.060114355384626e-07,1.933634499169979e-06,45555.9921875,46622.67578125,46281.64453125,47062.6640625,41982.92578125,45128.46875,1747.6382543837863,46622.67578125,45441.1453125,1333.9537064339092,46622.67578125,43231.7994140625,2903.3071227420523,47465.73046875,45030.47928786196,43868.24320186452,1162.2360859974433,1202.4117147958168,1130.9541877914132,71.45752700440357,49.07274176553885,37.309565960931664,62.88175940261707,0.05182195798065936
2022-04-07,1.78,43503.84765625,43860.69921875,42899.90625,43207.5,26101973106.0,0.006852924231532498,5.361178399307518e-07,3.4247077561492255e-07,1.9307338344413737e-06,43206.73828125,45555.9921875,46622.67578125,45538.67578125,39437.4609375,44088.859375,1279.2292649537162,45555.9921875,45034.1796875,1583.7640986392196,46622.67578125,43435.11875,2762.5777765127805,47465.73046875,44725.15296153957,43835.11633408138,890.0366274581902,1014.711325873468,1107.7056154078243,-92.99428953435631,50.05353292382465,38.224610114410666,47.67419815807705,0.027031899633479073
2022-04-08,1.81,42287.6640625,43903.01953125,42183.2890625,43505.13671875,27215995394.0,-0.028353972258937432,7.066241543892686e-07,3.7444313774099904e-07,1.9287392287192553e-06,43503.84765625,43206.73828125,45555.9921875,46281.64453125,38794.97265625,42999.416666666664,634.044416686976,43503.84765625,44235.38359375,1790.9521507831823,46622.67578125,43609.7533203125,2556.5255542375403,47465.73046875,44237.65518173166,43694.43885484671,543.2163268849472,759.0714601123836,1037.9787843487363,-278.9073242363527,46.1366568095229,18.762660946554526,31.432279007298956,-0.014111709955296647
2022-04-11,1.85,39521.90234375,42424.58984375,39373.05859375,42201.0390625,33949912166.0,-0.06574699455484989,2.8985129697322754e-06,5.156837778311451e-07,1.965190365652476e-06,42287.6640625,43503.84765625,43206.73828125,46622.67578125,39666.75390625,41771.138020833336,2040.6056654153547,43503.84765625,42815.22890625,2194.514937807529,45555.9921875,43602.5107421875,2568.4612166620973,47465.73046875,43294.50461413533,43315.117353837915,-20.612739702584804,329.50286452905857,896.2836003848008,-566.7807358557423,38.71666617802276,1.7081426817355956,19.5651379142336,-0.10097672836118077
2022-04-12,1.77,40127.18359375,40617.5859375,39388.328125,39533.71484375,30991500854.0,0.015198991801760542,2.6947419835462093e-06,5.273884773323404e-07,1.9713419541152147e-06,39521.90234375,42287.6640625,43503.84765625,45555.9921875,39338.78515625,40645.583333333336,1453.9302557983924,42287.6640625,41729.4671875,1808.5211456969273,43503.84765625,43641.9306640625,2504.840910171695,47465.73046875,42661.04041005827,43025.305193829925,-364.2647837716577,37.47579830817995,724.5220399694767,-687.0462416612968,40.954715227265055,8.654398319471634,9.708400649253923,-0.09518980206151972
2022-04-13,1.78,41166.73046875,41430.0546875,39712.74609375,40123.5703125,27691105228.0,0.025576417495491555,1.4683332591622386e-06,4.3332903002858334e-07,1.8946229711732435e-06,40127.18359375,39521.90234375,42287.6640625,43206.73828125,41143.9296875,40271.938802083336,831.9137232626136,41166.73046875,41321.465625,1611.2891805104143,43503.84765625,43643.070703125,2503.6490511410716,47465.73046875,42362.17842179662,42856.34385518629,-494.1654333896731,-108.82059458064032,557.8535130594533,-666.6741076400937,44.690634098879634,20.584320716968055,10.3156205727251,-0.1264911081181911
2022-04-14,1.84,39935.515625,41451.48046875,39695.74609375,41160.21875,24342001973.0,-0.030364373354540675,1.9230881479777964e-06,4.945983184692093e-07,1.908498102433842e-06,41166.73046875,40127.18359375,39521.90234375,43503.84765625,40951.37890625,40409.809895833336,662.4807301648472,41166.73046875,40607.79921875,1117.640222527788,42287.6640625,43592.2775390625,2570.5423743880733,47465.73046875,41876.8458624373,42590.814016078446,-713.9681536411445,-320.4167236151261,382.1994657245375,-702.6161893396636,41.35332026357399,6.454801506414725,11.897840180951476,-0.1586452956561506
2022-04-18,1.84,40826.21484375,40986.3203125,38696.19140625,39721.203125,33705182072.0,0.027546268364385895,1.8981244378765185e-06,5.185802351399355e-07,1.8797729824352077e-06,39935.515625,41166.73046875,40127.18359375,42287.6640625,41801.15625,40642.8203125,635.7654154144273,41166.73046875,40315.509375,669.901372634021,41166.73046875,43543.53046875,2615.153569979503,47465.73046875,41666.71965869985,42430.39590950313,-763.6762508032843,-411.49276482602,223.46101961442602,-634.953784440446,44.577705653543106,22.839385946945757,16.626169390109517,-0.1325137312768332
2022-04-19,1.94,41502.75,41672.9609375,40618.6328125,40828.17578125,25303206547.0,0.016435294339235185,3.217325053975526e-07,5.369665311225887e-07,1.8733267055225682e-06,40826.21484375,39935.515625,41166.73046875,39521.90234375,41077.99609375,40754.826822916664,786.0522143499606,41502.75,40711.67890625,668.9633940610101,41502.75,43564.7681640625,2595.729692259105,47465.73046875,41633.92572695988,42346.064463184666,-712.1387362247842,-424.19064487926516,93.93068671568778,-518.121331594953,46.96291836752681,31.32684512226547,20.207010858541988,-0.08862633161835909
2022-04-20,1.93,41374.37890625,42126.30078125,40961.09765625,41501.74609375,27819532341.0,-0.003097867846211244,2.734580621875559e-07,4.7076573317963187e-07,1.8595852542877547e-06,41502.75,40826.21484375,39935.515625,40127.18359375,42358.80859375,41234.447916666664,359.3194481169561,41502.75,40961.11796875,627.7908450542342,41502.75,43515.5466796875,2628.9226490118867,47465.73046875,41582.01636281791,42257.72941255424,-675.7130497363323,-439.54547411039675,-12.764545449529122,-426.78092866086763,46.55351010579806,30.37928018383112,28.181837084347453,-0.10603049383188079
2022-04-21,2.01,40527.36328125,42893.58203125,40063.828125,41371.515625,35372786395.0,-0.02068443970831879,2.2816935520233513e-07,4.895302683596566e-07,1.7509204730204026e-06,41374.37890625,41502.75,40826.21484375,41166.73046875,42892.95703125,41134.830729166664,529.983310715183,41502.75,40833.24453125,640.428358447937,41502.75,43397.2669921875,2710.3628816871283,47465.73046875,41371.08574650433,42100.42340061749,-729.3376541131584,-514.1347437460645,-113.0385851088362,-401.0961586372283,43.83794289754026,21.773875529680943,27.826666945259188,-0.13073708014097551
2022-04-22,2.06,39740.3203125,40777.7578125,39315.41796875,40525.86328125,28011716745.0,-0.019611085251920457,1.3704112428003025e-07,4.742409743189325e-07,1.7586160977249296e-06,40527.36328125,41374.37890625,41502.75,39935.515625,43960.93359375,40547.354166666664,817.2127009396354,41374.37890625,40794.20546875,710.9043265493534,41502.75,43186.236328125,2826.008271070203,47465.73046875,41044.93265970347,41885.86857442499,-840.9359147215218,-629.4985993011214,-216.33058794729325,-413.1680113538282,41.42018998525648,12.415400843587882,21.522852185699985,-0.1276598663698021
2022-04-25,2.03,40458.30859375,40491.75390625,38338.37890625,39472.60546875,35445730570.0,0.02474905007609607,1.1623624814994258e-07,5.11826536108578e-07,1.7697132896877128e-06,39740.3203125,40527.36328125,41374.37890625,40826.21484375,44348.73046875,40241.997395833336,435.8348992715008,40527.36328125,40720.62421875,725.6498733575687,41502.75,42991.715234375,2875.244247690762,47465.73046875,40927.60784651278,41756.09039436362,-828.4825478508428,-655.4341947581997,-304.1513093094746,-351.28288544872515,44.43109584394495,24.17868728077425,19.45598788468103,-0.06361113559670639
2022-04-26,1.99,38117.4609375,40713.890625,37884.984375,40448.421875,34569088416.0,-0.05959955698854813,9.946711856029788e-07,7.93672723898628e-07,1.8650611904844647e-06,40458.30859375,39740.3203125,40527.36328125,41502.75,47128.00390625,39438.696614583336,1199.2183199074573,40458.30859375,40043.56640625,1222.5969162638337,41374.37890625,42541.1880859375,2898.8521951540124,47465.73046875,40365.57846471023,41425.30589828511,-1059.7274335748807,-855.0190561447089,-414.3248586765215,-440.6941974681874,37.638682468637576,3.0351912664174145,13.20975979692652,-0.12381403045797401
2022-04-27,1.97,39241.12109375,39397.91796875,37997.3125,38120.30078125,30981015184.0,0.029052734994520435,1.3554197548639125e-06,8.658986931859951e-07,1.8833813854148257e-06,38117.4609375,40458.30859375,39740.3203125,41374.37890625,47465.73046875,39272.296875,1170.7351897185727,40458.30859375,39616.91484375,992.6821834189753,40527.36328125,42129.9576171875,2742.6519191418497,47062.6640625,40140.68699051818,41226.74364332737,-1086.0566528091877,-912.0084472606904,-513.8615763933553,-398.1468708673351,42.206050154025085,22.534542978559887,16.582807175250522,-0.07204330237412249
2022-04-28,2.04,39773.828125,40269.46484375,38941.421875,39241.4296875,33903704907.0,0.01348390672152533,1.2432671423597076e-06,8.760795803899335e-07,1.8138584941377783e-06,39241.12109375,38117.4609375,40458.30859375,40527.36328125,47062.6640625,39044.13671875,845.5709301723081,39773.828125,39466.2078125,869.4558705384884,40458.30859375,41765.5158203125,2528.6156841453912,46622.67578125,40067.31521741454,41094.66041438851,-1027.345196973969,-903.7698486648369,-591.8432308476517,-311.92661781718516,44.28923563879064,31.38638610374934,18.98537344957555,0.0063743333774477495
2022-04-29,2.1,38609.82421875,39887.26953125,38235.53515625,39768.6171875,30882994649.0,-0.029702353660828962,1.4751218097784492e-06,8.573333127386367e-07,1.8217403318519423e-06,39773.828125,39241.12109375,38117.4609375,39740.3203125,45538.67578125,39208.2578125,582.6974085083904,39773.828125,39240.10859375,925.5356498599172,40458.30859375,41419.0732421875,2458.1256496364003,46622.67578125,39775.817017681635,40868.76621478501,-1092.9491971033785,-979.8707471448361,-669.4487341070886,-310.42201303774743,40.82635984016523,14.471911970120129,22.797613684143126,-0.03781375215270122
2022-05-02,2.1,38529.328125,39074.97265625,38156.5625,38472.1875,32922642426.0,0.0015645616058179712,1.193627049585598e-06,8.33477949550229e-07,1.8216611831184455e-06,38609.82421875,39773.828125,39241.12109375,40458.30859375,46281.64453125,38970.993489583336,696.4391532258248,39773.828125,38854.3125,652.5851403531874,39773.828125,41031.457421875,2253.726262934461,46622.67578125,39526.51923914531,40656.09002480456,-1129.570785659249,-1034.7486808155445,-742.5087234487798,-292.23995736676466,40.59000587334826,12.864753654068277,19.574350575979256,-0.06406635440120934
2022-05-03,2.16,37750.453125,38629.99609375,37585.62109375,38528.109375,27326943244.0,-0.020422241840901023,2.1671311204463803e-07,8.70756443438734e-07,1.8325335528576198e-06,38529.328125,38609.82421875,39773.828125,38117.4609375,46622.67578125,38296.53515625,474.6304814463993,38609.82421875,38780.9109375,766.8255683935959,39773.828125,40587.8462890625,1947.6545814925014,45555.9921875,39171.30601631625,40391.941215731415,-1220.6351994151628,-1128.0846837676363,-819.6239155125512,-308.4607682550851,38.280708580650426,3.1053738561918345,10.147346493460086,-0.05471476869155867
2022-05-04,2.07,39698.37109375,39902.94921875,37732.05859375,37748.01171875,36754404490.0,0.0503126775329914,6.447855169070275e-07,1.0669389328025598e-06,1.8109270746974961e-06,37750.453125,38529.328125,38609.82421875,39241.12109375,45555.9921875,38659.384114583336,980.4499087484525,39698.37109375,38872.3609375,857.3520349394505,39773.828125,40294.965234375,1563.8500940809524,43503.84765625,39276.719031803004,40328.889386460374,-1052.17035465737,-1032.9660483025436,-862.2923420705497,-170.67370623199395,46.48144239196353,39.8034202752646,18.59118259517491,-0.02762547922496561
2022-05-05,2.08,36575.140625,39789.28125,35856.515625,39695.74609375,43106256317.0,-0.08194136472907587,4.449988901626117e-06,1.5091737714340332e-06,1.9938409135390157e-06,39698.37109375,37750.453125,38529.328125,39773.828125,43206.73828125,38007.98828125,1577.4616977159262,39698.37109375,38232.6234375,1157.4182235423216,39698.37109375,39963.3853515625,1616.146874719844,43503.84765625,38736.40335044241,39987.63949905489,-1251.2361486124792,-1195.8177980999535,-928.9974332764305,-266.82036482352305,37.807317016527946,10.211996853713789,17.706930328390076,-0.1187297076699737
2022-05-06,2.08,36040.921875,36624.359375,35482.1328125,36573.18359375,37795577489.0,-0.014713780107637575,3.905970322148322e-06,1.5300724582121218e-06,1.8658965290853814e-06,36575.140625,39698.37109375,37750.453125,38609.82421875,43503.84765625,37438.14453125,1975.554480034911,39698.37109375,37718.84296875,1474.7789017422187,39698.37109375,39590.2390625,1617.2225545164645,42287.6640625,38197.30705535393,39628.84698777717,-1431.5399324232421,-1352.396387848923,-1013.677224190929,-338.71916365799405,36.550871635172626,7.539538435834338,19.184985188270915,-0.1289072409602825
2022-05-09,1.99,30296.953125,34222.07421875,30296.953125,34060.015625,63355494961.0,-0.1170549632581519,2.224288292157741e-05,3.5413850565807072e-06,2.2587845438339897e-06,36040.921875,36575.140625,39698.37109375,38529.328125,42287.6640625,34304.338541666664,3480.761529679616,36575.140625,36072.36796875,3520.4067333274406,39698.37109375,38990.703515625,2529.7490147201484,41502.75,36617.236269283145,38780.493000251976,-2163.256730968831,-1917.8683298135147,-1194.5154453154462,-723.3528844980685,26.3941582594951,0.0,5.91717842984938,-0.2524321675025699
2022-05-10,2.01,31022.90625,32596.30859375,29944.802734375,30273.654296875,59811038817.0,0.02367869238648268,2.2514632107664793e-05,2.8688143667304416e-06,2.207145958530706e-06,30296.953125,36040.921875,36575.140625,37750.453125,39521.90234375,32453.59375,3127.8497873517695,36040.921875,34726.85859375,3974.989645856307,39698.37109375,38565.7537109375,3088.0495105546033,41502.75,35498.370265426514,38075.25784113816,-2576.8875757116475,-2281.135062636902,-1411.8393687797375,-869.2956938571647,29.0765756071643,8.325908496140517,5.288482310658289,-0.21935943127660218
2022-05-11,1.99,28936.35546875,32013.40234375,28170.4140625,31016.18359375,70388855818.0,-0.06962706368651972,2.7126087794485445e-05,3.704098255597716e-06,2.3336270001637985e-06,31022.90625,30296.953125,36040.921875,39698.37109375,40127.18359375,30085.404947916668,1059.2393563800342,31022.90625,32574.45546875,3494.7090214740733,36575.140625,38006.2123046875,3736.1002841735526,41502.75,34185.96730609121,37244.44853455742,-3058.481228466211,-2706.198404947114,-1670.711176013213,-1035.487228933901,26.12914049632542,6.075359103697002,4.8004225332791775,-0.2847858332560129
2022-05-12,1.96,29047.751953125,30032.439453125,26350.490234375,28936.734375,66989173272.0,0.0038423156405116288,1.496410326483408e-05,3.582063136347409e-06,2.3044667106104468e-06,28936.35546875,31022.90625,30296.953125,36575.140625,41166.73046875,29669.004557291668,1173.8354396259415,31022.90625,31068.977734375,2913.40884975304,36040.921875,37400.26337890625,4155.732351233404,41502.75,33158.32423549797,36499.294299881745,-3340.9700643837787,-2999.4990429899044,-1936.4687494085513,-1063.0302935813531,26.557173823729485,18.77871287714366,11.059993492327065,-0.23794105801659549
2022-05-13,2.04,29283.103515625,30924.802734375,28782.330078125,29030.91015625,42841124537.0,0.00806958299328464,1.4730788161692447e-05,3.4217232847959657e-06,2.306027780050312e-06,29047.751953125,28936.35546875,31022.90625,36040.921875,39935.515625,29089.0703125,177.02812522074487,29283.103515625,29717.4140625,906.5457648840484,31022.90625,36867.6427734375,4483.41506486912,41502.75,32383.280091523375,35843.276955858404,-3459.9968643350294,-3176.336181279956,-2184.442235782832,-991.8939454971237,27.512817384187713,20.41726333246352,15.09044510443473,-0.25376485942729676
2022-05-16,2.07,29862.91796875,31305.341796875,29251.884765625,31304.375,32613897286.0,-0.047163938825930174,2.3795698122316426e-06,3.698206210641001e-06,2.3176306563878863e-06,29283.103515625,29047.751953125,28936.35546875,30296.953125,40826.21484375,29397.924479166668,419.53760082875203,29862.91796875,29630.60703125,856.5817902738847,31022.90625,36319.4779296875,4641.377886775298,41502.75,31879.2076669687,35299.60795703037,-3420.400290061669,-3232.433228622249,-2394.0404343507157,-838.3927942715331,29.93175372413917,25.23481673721307,21.47693098227342,-0.24918170122076977
2022-05-17,2.16,30425.857421875,30694.490234375,29570.302734375,29862.408203125,29101473475.0,0.01867531097186692,2.250608394468844e-06,3.7133463171712017e-06,2.3270447540336745e-06,29862.91796875,29283.103515625,29047.751953125,31022.90625,41502.75,29857.29296875,571.3977187838094,30425.857421875,29511.197265625,624.0116309692321,30425.857421875,35765.63330078125,4651.196568993648,41374.37890625,31588.53761794996,34856.5397265617,-3268.0021086117376,-3194.640209867659,-2554.1603894541045,-640.4798204135545,32.294118450212764,29.279219927271605,24.977099998982737,-0.2119659170294963
2022-05-18,2.16,28720.271484375,30618.716796875,28720.271484375,30424.478515625,31285268319.0,-0.0576896230339532,1.430979864519123e-06,4.380352989178028e-06,2.371373383823587e-06,30425.857421875,29862.91796875,29283.103515625,28936.35546875,41374.37890625,29669.682291666668,869.0574593909272,30425.857421875,29467.98046875,678.8490452026675,30425.857421875,35132.9279296875,4708.400863126622,40527.36328125,31014.884391234973,34298.69715909018,-3283.812767855208,-3264.682276115571,-2696.264766786398,-568.4175093291728,29.09360376412748,17.485987249488712,24.000007971324465,-0.254586755543768
2022-05-19,2.11,30314.333984375,30430.751953125,28708.955078125,28720.359375,33773447707.0,0.05401747251089617,3.1572332204134726e-06,4.917001786837074e-06,2.4617426886705493e-06,28720.271484375,30425.857421875,29862.91796875,29047.751953125,40527.36328125,29820.154296875,954.1572303361856,30425.857421875,29721.296875,718.0216508538625,30425.857421875,34622.27646484375,4645.967983365065,40458.30859375,30874.77430986298,33936.482325025165,-3061.708015162185,-3155.1925015107663,-2788.0503137312717,-367.14218777949463,35.52498513591112,29.248151605328772,25.337786260696365,-0.19698092407003398
2022-05-20,2.07,29200.740234375,30664.9765625,28793.60546875,30311.119140625,30749382605.0,-0.03742660999960279,4.177883219017116e-06,5.1449089432526085e-06,2.3850900567576915e-06,30314.333984375,28720.271484375,30425.857421875,29283.103515625,39740.3203125,29411.781901041668,817.7180151365322,30314.333984375,29704.82421875,731.4077895159459,30425.857421875,34095.2974609375,4632.606952821113,40458.30859375,30539.967494765388,33505.96031678424,-2965.992822018856,-3122.286994324546,-2854.897649849927,-267.38934447461907,33.25569022491736,21.03123870941894,22.58845918807881,-0.26443480097922
2022-05-23,2.09,29098.91015625,30590.5859375,28975.560546875,30309.396484375,31483454557.0,-0.041229610336666056,3.7600150254212292e-06,5.394505305718539e-06,2.419424922535234e-06,29200.740234375,30314.333984375,28720.271484375,29862.91796875,40458.30859375,29537.994791666668,674.2545867876539,30314.333984375,29552.02265625,768.9645713705529,30425.857421875,33527.3275390625,4506.043165550341,39773.828125,30251.75602706231,33105.31939309931,-2853.5633660369967,-3069.0479052476003,-2897.7277009294617,-171.32020431813862,33.047800240496784,20.27986157378324,23.519750629510323,-0.20440742922639143
2022-05-24,2.02,29655.5859375,29774.35546875,28786.58984375,29101.125,26616506245.0,0.018949781767068075,3.7680292172396148e-06,4.678382069528423e-06,2.422960699696608e-06,29098.91015625,29200.740234375,30314.333984375,30425.857421875,38117.4609375,29318.412109375,296.4067880165211,29655.5859375,29397.968359375,611.0852174149908,30314.333984375,33104.2337890625,4449.275323455508,39773.828125,30132.52200914985,32791.7072607721,-2659.18525162225,-2947.9542784893347,-2907.7730164414365,-40.181262047898144,35.42435215766807,24.593698192659108,21.968266158620434,-0.17716905132577165
2022-05-25,2.01,29562.361328125,30157.78515625,29384.94921875,29653.134765625,27525063551.0,-0.0031485281301595336,1.632019893445943e-06,4.499698930357009e-06,2.412453378092914e-06,29655.5859375,29098.91015625,29200.740234375,28720.271484375,39241.12109375,29438.952473958332,298.15145534242566,29655.5859375,29566.386328125,479.48657556098425,30314.333984375,32620.29580078125,4269.380100345952,39773.828125,30018.48987294488,32498.13035780418,-2479.640484859301,-2826.922154814176,-2891.6028441159847,64.6806893018088,35.19901856639517,31.262526802581107,25.37869552300782,-0.024246391834987557
2022-05-26,1.99,29267.224609375,29834.16015625,28261.90625,29564.77734375,36774325352.0,-0.010033699544871766,5.098858221683022e-07,4.482503442161862e-06,2.404473756583889e-06,29562.361328125,29655.5859375,29098.91015625,30314.333984375,39773.828125,29495.057291666668,202.73999429966275,29655.5859375,29356.964453125,240.00725687247837,29655.5859375,32094.965625,3979.38866114566,39698.37109375,29868.236820230904,32204.411653401527,-2336.174833170622,-2723.4244496719366,-2857.9671652271754,134.54271555523883,34.451857859687536,37.0539700877191,30.970065027653106,-0.05659307437145733
2022-05-27,2.01,28627.57421875,29346.943359375,28326.61328125,29251.140625,36582005748.0,-0.02209788902256271,2.8257305498789255e-07,4.399492377961477e-06,2.4150595749585864e-06,29267.224609375,29562.361328125,29655.5859375,29200.740234375,38609.82421875,29152.38671875,477.8572389385789,29562.361328125,29242.33125,409.9738359303824,29655.5859375,31595.853125,3737.9441515856274,39698.37109375,29620.104299934726,31879.24461388775,-2259.140313953023,-2662.326569970217,-2818.839046175784,156.51247620556705,32.82556131532613,36.45773625416255,34.92474438148759,-0.010671048409447104
2022-05-31,2.08,31792.310546875,32249.86328125,31286.154296875,31723.865234375,33538210634.0,0.002075607477006969,3.70414236406565e-08,4.399882582534541e-06,2.331668812559257e-06,28627.57421875,29267.224609375,29562.361328125,29098.91015625,38529.328125,29895.703125,1673.3582820455292,31792.310546875,29781.011328125,1194.0747313406287,31792.310546875,31259.00224609375,3365.2125355393837,39698.37109375,30054.545549322782,31871.34151688659,-1816.7959675638085,-2331.6603580461306,-2721.4033085498536,389.742950503723,46.32557079374376,92.24404473595082,55.25191702594416,0.09448437173998725
2022-06-01,2.16,29799.080078125,31957.28515625,29501.587890625,31792.5546875,41135817341.0,-0.06474693067083415,9.198260958586538e-07,5.227371453158464e-06,2.4586754478902645e-06,31792.310546875,28627.57421875,29267.224609375,29655.5859375,37750.453125,30072.98828125,1600.049463123902,31792.310546875,29809.71015625,1192.0292250548184,31792.310546875,30861.43359375,3008.7562943272364,39698.37109375,30003.45245508323,31682.954113362808,-1679.5016582795797,-2205.023900535285,-2618.12742694694,413.1035264116549,40.76834799262527,58.45688713611318,62.38622270874219,0.017620282707558
2022-06-02,2.15,30467.48828125,30604.734375,29652.705078125,29794.890625,29083562061.0,0.022182633910983185,1.114094710705709e-06,4.771514882040432e-06,2.4292725994527806e-06,29799.080078125,31792.310546875,28627.57421875,29562.361328125,39698.37109375,30686.29296875,1014.4695874408957,31792.310546875,29990.735546875,1213.6076746871495,31792.310546875,30399.889453125,2174.044774993448,36575.140625,30096.259620316585,31572.45721953437,-1476.1975992177868,-2027.3585127713995,-2499.973644111832,472.6151313404325,43.22781812321893,55.30606307858523,68.66899831688308,0.020244850591380592
2022-06-03,2.18,29704.390625,30633.03515625,29375.689453125,30467.806640625,26175547452.0,-0.025365289710190808,1.3550156833799478e-06,3.5375225462768106e-06,2.4492244153772684e-06,30467.48828125,29799.080078125,31792.310546875,29267.224609375,36575.140625,29990.319661458332,415.94343596079995,30467.48828125,30078.16875,1163.1505561186164,31792.310546875,30056.351953125,1618.8458249776543,36040.921875,30017.88582125327,31402.63298366761,-1384.74716241434,-1925.9320702894802,-2385.165329347362,459.2332590578817,41.12815340951037,36.171010963672856,49.97798705945709,-0.023712291386611573
2022-06-06,2.23,31370.671875,31693.291015625,29894.1875,29910.283203125,31947336829.0,0.04779217112896639,2.3201577176400516e-06,3.93708970467681e-06,2.5063977541297218e-06,29704.390625,30467.48828125,29799.080078125,28627.57421875,36040.921875,30514.18359375,834.1214780729965,31370.671875,30626.78828125,931.8127156909933,31792.310546875,29822.839453125,877.0276431460883,31792.310546875,30288.44303200262,31399.72742833419,-1111.2843963315718,-1691.5962441821102,-2246.4515123143115,554.8552681322012,47.16314244622124,77.95383953837579,56.47697119354462,0.09228326382871854
2022-06-07,2.26,31155.478515625,31489.68359375,29311.68359375,31371.7421875,40770974039.0,-0.0068833346588697,2.3464750355231767e-06,1.6938655206568265e-06,2.483139019758684e-06,31370.671875,29704.390625,30467.48828125,31792.310546875,30296.953125,30743.513671875,906.316487431431,31370.671875,30499.421875,760.4373665109365,31370.671875,29865.76572265625,921.3451851770589,31792.310546875,30461.850128727096,31377.52298172426,-915.672852997166,-1505.8887709805313,-2098.3389640475557,592.4501930670244,46.50018033968888,72.55775934772366,62.22753661659076,0.027747419147772012
2022-06-08,2.29,30214.35546875,31253.69140625,29944.404296875,31151.48046875,30242059107.0,-0.03067294698343126,7.771370187955714e-07,1.7437026866283677e-06,2.4817647075475997e-06,31155.478515625,31370.671875,29704.390625,29799.080078125,31022.90625,30913.501953125,614.9645521819947,31370.671875,30582.476953125,683.6215047551512,31370.671875,29825.33818359375,884.9179250522644,31792.310546875,30412.351196731677,31271.78048054478,-859.4292838131041,-1418.305680092053,-1962.3323072564554,544.0266271644023,43.612811390112846,48.958632288423054,66.49007705817417,0.03471197052675312
2022-06-09,2.35,30111.998046875,30609.310546875,30020.265625,30215.279296875,21692004719.0,-0.0033934595457960626,6.16920732534842e-07,1.1635348545929055e-06,2.477697654319383e-06,30214.35546875,31155.478515625,31370.671875,30467.48828125,28936.35546875,30493.944010416668,575.1870883802378,31155.478515625,30511.37890625,716.2762721663707,31370.671875,29884.1203125,861.4947775706274,31792.310546875,30352.280566760342,31166.345713847528,-814.0651470871853,-1341.68868606869,-1838.2035830189025,496.51489695021246,43.29791171809352,46.39196918064838,55.96945360559837,0.034815320752052514
2022-06-10,2.58,29083.8046875,30245.80859375,28978.146484375,30110.330078125,29867476527.0,-0.03474221923779908,8.067053822811522e-07,1.295694217850668e-06,2.515564885626299e-06,30111.998046875,30214.35546875,31155.478515625,29704.390625,29047.751953125,29803.386067708332,625.2737660499656,30214.35546875,30387.26171875,916.776891489214,31370.671875,29885.92294921875,859.6884337981666,31792.310546875,30098.585390908276,30977.02380236139,-878.4384114531131,-1348.3923497775213,-1740.2413363706264,391.8489865931051,40.160996743820746,20.609510861313897,38.65337077679511,-0.019280726781289892
2022-06-13,2.89,22487.388671875,26795.58984375,22141.2578125,26737.578125,68204556440.0,-0.17405255177667023,4.225269914965042e-05,7.021144744796329e-06,3.559799810002469e-06,29083.8046875,30111.998046875,30214.35546875,31370.671875,29283.103515625,27227.73046875,4137.32107280375,30111.998046875,28610.605078125,3500.7239966547068,31155.478515625,29546.13720703125,1865.3072419782538,31792.310546875,28576.346047101622,30205.23879049899,-1628.8927433973658,-1864.4880379778588,-1765.090676692073,-99.39736128578579,26.76405566264404,3.4241207696258176,23.475200270529367,-0.23932366490355494
2022-06-14,3.15,22206.79296875,23018.951171875,20950.818359375,22487.986328125,50913575242.0,-0.012556416941055915,4.253993141192486e-05,6.484181495874673e-06,3.5406246706246783e-06,22487.388671875,29083.8046875,30111.998046875,31155.478515625,29862.91796875,24592.662109375,3891.9731152641193,29083.8046875,26820.86796875,4109.042106103664,30214.35546875,29163.33095703125,2480.9045711167214,31792.310546875,27302.4354314313,29478.10735215817,-2175.6719207268725,-2269.972487523959,-1866.0670388584504,-403.90544866550863,26.361223269810623,11.115759058037089,11.716463562992267,-0.24124021784981187
2022-06-15,2.93,22572.83984375,22642.671875,20178.376953125,22196.73046875,54912007015.0,0.016349175083862022,4.080089024743406e-05,6.463452087078974e-06,3.112387030094321e-06,22206.79296875,22487.388671875,29083.8046875,30214.35546875,30425.857421875,22422.340494791668,191.4968085397275,22572.83984375,25292.56484375,3949.3145432986935,30111.998046875,28770.680078125,2862.644784795858,31792.310546875,26356.51631389504,28850.3557604847,-2493.83944658966,-2532.590781470062,-1999.3717873807727,-533.2189940892895,27.88608995492784,19.83569235419015,11.458524060617686,-0.2115000848040549
2022-06-16,2.88,20381.650390625,22868.921875,20265.2265625,22576.3046875,31183975654.0,-0.10211240133010335,7.17517901745422e-05,8.394199600522028e-06,3.4871582788388717e-06,22572.83984375,22206.79296875,22487.388671875,30111.998046875,28720.271484375,21720.427734375,1173.7721928799608,22572.83984375,23346.4953125,3329.5102009106613,29083.8046875,28353.7490234375,3422.8075279823074,31792.310546875,25161.543129241036,28080.47345413382,-2918.9303248927827,-2884.2801615179196,-2176.353462208202,-707.9266993097176,24.601942698834293,1.683913910637493,10.878455107621576,-0.35891257854398384
2022-06-17,2.86,20471.482421875,21243.3125,20326.51953125,20385.71875,27132421514.0,0.00439781088256197,6.778404480811841e-05,7.575415013895251e-06,3.485404667665773e-06,20381.650390625,22572.83984375,22206.79296875,29083.8046875,30314.333984375,21141.990885416668,1239.9653239637394,22572.83984375,21624.030859375,1101.943057430102,22572.83984375,27861.6064453125,3811.608053686423,31792.310546875,24223.53098776783,27388.746996655744,-3165.2160088879136,-3119.7848965381163,-2365.0397490741852,-754.7451474639311,24.991955458794777,2.4280810231885215,7.982562429338721,-0.3130162955297815
2022-06-21,2.92,20710.59765625,21620.62890625,20415.0625,20594.294921875,28970212744.0,0.005376928208097098,4.7525340580697035e-06,7.202541939735435e-06,3.4861996194924346e-06,20471.482421875,20381.650390625,22572.83984375,22487.388671875,29200.740234375,20521.243489583332,170.02558273781753,20710.59765625,21268.67265625,1038.591624364321,22572.83984375,27437.09931640625,4115.300618871583,31792.310546875,23520.944321464267,26781.64251116431,-3260.698189700044,-3249.669329534987,-2541.965665166346,-707.7036643686411,26.087915749967493,4.518421350663038,2.8768054281630167,-0.32023941504244346
2022-06-22,2.79,19987.029296875,20835.75,19848.078125,20719.4140625,28574793478.0,-0.03556200532463194,5.7668625402976125e-06,7.086211877225649e-06,3.531336953484117e-06,20710.59765625,20471.482421875,20381.650390625,22206.79296875,29098.91015625,20389.703125,368.65116671505706,20710.59765625,20824.719921875,1011.4049729100378,22572.83984375,26981.5052734375,4415.0990564004505,31792.310546875,22814.161316546415,26163.950400774374,-3349.7890842279594,-3372.1179216104865,-2707.996116455174,-664.1218051553124,24.902197112389686,1.17305761540997,2.706519996420509,-0.3271355218425728
2022-06-23,2.78,21085.876953125,21135.76171875,19950.1171875,19986.607421875,26188097173.0,0.0535199496525518,8.53134817464818e-06,7.768809976503374e-06,3.6284697868238128e-06,19987.029296875,20710.59765625,20471.482421875,22572.83984375,29655.5859375,20594.501302083332,558.5475051415166,21085.876953125,20527.32734375,406.7640848835177,21085.876953125,26553.01982421875,4555.532346084658,31792.310546875,22468.504443862133,25702.307360078976,-3233.8029162168423,-3341.967371067236,-2834.790367377587,-507.17700368964915,30.098242769856654,10.449781186327744,5.380420050800249,-0.3278474545542388
2022-06-24,2.83,21231.65625,21472.91796875,20777.51171875,21084.6484375,24957784918.0,0.006889809613761955,7.139448312018129e-07,7.779281399606707e-06,3.6219314264644035e-06,21085.876953125,19987.029296875,20710.59765625,20381.650390625,29562.361328125,20768.1875,680.4182570901814,21231.65625,20697.328515625,498.0420475014321,21231.65625,26136.4845703125,4645.854778386075,31792.310546875,22221.134805089707,25295.884531889977,-3074.74972680027,-3268.6309289129276,-2921.558479684655,-347.0724492282725,30.78247705088259,11.680483396757229,7.7677740661649795,-0.31852575336463007
2022-06-27,2.89,20735.478515625,21478.08984375,20620.19921875,21028.23828125,20965695707.0,-0.013975180844797208,7.746561879999626e-07,7.805697538200354e-06,3.6276398206097433e-06,21231.65625,21085.876953125,19987.029296875,20471.482421875,29267.224609375,21017.670572916668,255.02385917480132,21231.65625,20750.127734375,481.84377687495606,21231.65625,25709.897265625,4734.115626049818,31792.310546875,21924.003547196768,24881.302166774978,-2957.2986195782105,-3213.5053769312,-2979.9478591339644,-233.5575177972355,29.71628046342863,7.622663326008447,9.917642636364471,-0.31372097157355483
2022-06-28,2.88,20280.634765625,21164.423828125,20228.8125,20731.544921875,21381535161.0,-0.022179692795420536,9.462445711048108e-07,7.806709530396425e-06,3.5614209042747804e-06,20735.478515625,21231.65625,21085.876953125,20710.59765625,28627.57421875,20749.256510416668,475.66042592510894,21231.65625,20664.13515625,526.9205595767468,21231.65625,25292.55029296875,4830.3080812433645,31792.310546875,21595.329790882413,24463.059675761342,-2867.7298848789287,-3169.9785299149626,-3017.9539932901644,-152.0245366247982,28.733772638466164,3.792489101275174,7.698545274680282,-0.3264932226000291
2022-06-29,2.88,20104.0234375,20364.15625,19937.791015625,20281.169921875,23552740328.0,-0.008746512259888206,5.404015367774793e-07,7.826893729958852e-06,3.5631910901627884e-06,20280.634765625,20735.478515625,21231.65625,19987.029296875,31792.310546875,20373.37890625,325.7836485120989,20735.478515625,20687.533984375,490.6873677077123,21231.65625,24708.1359375,4708.048941238682,31370.671875,21297.068520205932,24066.78365410122,-2769.7151338952863,-3113.839840850502,-3037.131162802232,-76.70867804826958,28.341929727097835,2.3784014921908447,4.597851306491488,-0.3087553828148022
2022-06-30,2.8,19784.7265625,20141.16015625,18729.65625,20108.3125,26267239923.0,-0.016009711756280964,4.558449398857837e-08,6.76450346959602e-06,3.125193596460926e-06,20104.0234375,20280.634765625,20735.478515625,21085.876953125,29799.080078125,20056.461588541668,251.35201130905696,20280.634765625,20427.30390625,565.8802929390184,21231.65625,24207.41826171875,4670.49335635266,31370.671875,20994.600128664748,23677.505736682924,-2682.9056080181763,-3059.842158924206,-3041.6733620266273,-18.168796897578886,27.60888741345798,9.161656437035617,5.110849010167211,-0.12018568046343336
2022-07-01,2.79,19269.3671875,20632.671875,19073.708984375,19820.470703125,30767551159.0,-0.026393611667963057,1.1787954520784362e-07,6.817809694673711e-06,3.1110756947035247e-06,19784.7265625,20104.0234375,20280.634765625,21231.65625,30467.48828125,19719.372395833332,421.148595203316,20104.0234375,20034.84609375,548.7716060709974,20735.478515625,23647.51220703125,4550.203185767445,31370.671875,20649.5535404318,23276.765868575385,-2627.212328143585,-3023.777575831824,-3038.094204787667,14.316628955843044,26.421068593369185,6.691239535101088,6.077099154775849,-0.13227600155428232
2022-07-05,2.77,20190.115234375,20635.466796875,19341.232421875,20225.353515625,26715546990.0,-0.002035878126305235,9.308828683551209e-08,6.651916333550342e-06,3.1098108647283364e-06,19269.3671875,19784.7265625,20104.0234375,20735.478515625,29704.390625,19748.069661458332,461.4672661757341,20190.115234375,19925.7734375,411.80687107545066,20280.634765625,23171.7984375,4377.720973109418,31370.671875,20557.66587922044,22996.161265466257,-2438.495386245817,-2887.612857979304,-3007.9979354259945,120.3850774466905,32.04617225444562,34.04892904255188,16.633941671562862,-0.10555714858512733
2022-07-06,2.82,20548.24609375,20595.529296875,19823.51171875,20194.619140625,24598943708.0,0.017582449257883326,7.211613835741399e-08,6.152302163476941e-06,3.119846756837691e-06,20190.115234375,19269.3671875,19784.7265625,20280.634765625,31370.671875,20002.576171875,659.743123636407,20548.24609375,19979.295703125,481.0306843778101,20548.24609375,22630.6771484375,3959.8619973053437,31155.478515625,20555.781922126353,22773.62352258296,-2217.841600456606,-2719.4549864583387,-2950.2893456324637,230.83435917412498,34.15473827745606,43.93508434844647,28.22508430869981,0.008173808299725804
2022-07-07,2.87,21637.587890625,21771.81640625,20296.103515625,20547.814453125,25814972520.0,0.05165639338861894,6.192443161895549e-07,6.8195854740988745e-06,3.20371992037223e-06,20548.24609375,20190.115234375,19269.3671875,20104.0234375,31155.478515625,20791.983072916668,753.8899514571182,21637.587890625,20286.00859375,892.9689331487735,21637.587890625,22154.7826171875,3416.015758182446,30214.35546875,20772.143115826082,22670.347556041324,-1898.2044402152424,-2469.8173655848404,-2854.194949622939,384.3775840380986,40.229982841754634,70.25235643399908,49.412123274999146,0.05696243411781188
2022-07-08,2.96,21731.1171875,22314.94140625,21257.453125,21637.154296875,49899834488.0,0.004313222712422515,5.466818754412553e-07,6.5808785840667904e-06,3.1784913592815337e-06,21637.587890625,20548.24609375,20190.115234375,19784.7265625,30214.35546875,21305.650390625,657.5962925969144,21731.1171875,20675.28671875,1033.0709005356107,21731.1171875,21730.620703125,2840.8544007848104,30111.998046875,20963.937930160868,22584.96297708302,-1621.0250469221537,-2238.6252416103307,-2731.0810080204174,492.45576641008665,40.735576348780874,83.71610085930665,65.96784721391741,0.04927523329786809
2022-07-11,2.97,19970.556640625,20856.353515625,19924.5390625,20856.353515625,24150249025.0,-0.04359596339476646,9.60745859041915e-07,7.074413363405583e-06,3.2435818907925187e-06,21731.1171875,21637.587890625,20548.24609375,19269.3671875,30111.998046875,21113.087239583332,990.5650203347262,21731.1171875,20815.524609375,820.1590344199913,21731.1171875,21223.5486328125,2065.3344120539095,29083.8046875,20765.261672253695,22347.289673768657,-1582.028001514962,-2172.4239887700714,-2619.3496041703484,446.9256154002769,34.772832473798346,34.61092595276047,62.859794415355395,-0.0008241673139777195
2022-07-12,3.07,19323.9140625,20043.4453125,19308.53125,19970.474609375,25810220018.0,-0.032915621389021155,1.4304999823127344e-06,7.041581047192045e-06,3.207708063793094e-06,19970.556640625,21731.1171875,21637.587890625,20190.115234375,29083.8046875,20341.862630208332,1245.81612795708,21731.1171875,20642.284375,1045.7470547582539,21731.1171875,20735.5541015625,976.2638621845713,22572.83984375,20476.992150302958,22072.437345471506,-1595.4451951685478,-2147.3839651271883,-2524.9564763617163,377.57251123452806,32.86971232140428,16.574910686366692,44.96731249947794,-0.08356128106703531
2022-07-13,3.21,20212.07421875,20223.052734375,18999.953125,19325.97265625,33042430345.0,0.0449367599448216,2.3656565060297716e-06,1.5372251362971294e-06,3.2734976914251752e-06,19323.9140625,19970.556640625,21731.1171875,20548.24609375,22487.388671875,19835.514973958332,459.2214112928258,20212.07421875,20575.05,1063.9528754172152,21731.1171875,20621.78837890625,890.1503562077951,22572.83984375,20424.008563992367,21903.31342486046,-1479.304860868091,-2032.4437180123714,-2426.4539246918475,394.01020667947614,37.89717835513825,41.34728213084515,30.8443729233241,-0.04802178498203591
2022-07-14,3.16,20569.919921875,20789.89453125,19689.2578125,20211.466796875,31158743333.0,0.017549651263241373,1.136335831245868e-06,1.5559198641367798e-06,3.050672504286262e-06,20212.07421875,19323.9140625,19970.556640625,21637.587890625,22206.79296875,20035.302734375,641.5362567037804,20569.919921875,20361.51640625,890.370632773655,21731.1171875,20539.9447265625,808.2296636512374,22572.83984375,20453.190835568894,21782.095833679963,-1328.9049981110693,-1890.6829701031857,-2319.2997337741153,428.6167636709297,39.85171182739155,51.32823727192201,36.416810029711286,-0.007984315077428583
2022-07-15,3.12,20836.328125,21138.244140625,20397.0,20573.15625,25905575359.0,0.012868197042893215,1.1998745658850002e-06,1.5432593926311346e-06,3.050922969049214e-06,20569.919921875,20212.07421875,19323.9140625,21731.1171875,22572.83984375,20539.440755208332,313.24107260670996,20836.328125,20182.55859375,583.2130463670263,20836.328125,20453.119140625,657.5823145922974,21731.1171875,20529.818293455115,21696.116951072694,-1166.298657617579,-1736.8186759637574,-2202.803522212044,465.98484624828643,41.3320773441783,58.758837391987434,50.478118931584866,0.027400195595301602
2022-07-18,3.13,22485.689453125,22633.033203125,20781.912109375,20781.912109375,39974475562.0,0.07891967823012891,3.845244027313097e-06,1.0657435751599455e-06,3.2351274983746056e-06,20836.328125,20569.919921875,20212.07421875,19970.556640625,20381.650390625,21297.3125,1037.749088032484,22485.689453125,20685.58515625,1157.0261604847803,22485.689453125,20558.32109375,798.7081933060588,22485.689453125,20920.992525389094,21767.896269441084,-846.9037440519896,-1464.9039386996592,-2055.223605509567,590.3196668099076,49.60217078645494,96.22522365199605,68.77076610530183,0.11846713286169774
2022-07-19,3.18,23389.43359375,23666.962890625,21683.40625,22467.849609375,48765202697.0,0.03940528200341831,4.222190719962965e-06,1.2299261322088764e-06,3.2663981845604745e-06,22485.689453125,20836.328125,20569.919921875,19323.9140625,20471.482421875,22237.150390625,1294.5716020490172,23389.43359375,21498.6890625,1369.8354406466524,23389.43359375,20704.21865234375,1018.3241099106607,23389.43359375,21414.680739061278,21915.308753469166,-500.62801440788826,-1163.0777152240917,-1876.7944274524718,713.7167122283802,53.47238387956595,94.37893335221592,83.12099813206648,0.1821964544146073
2022-07-20,3.18,23231.732421875,24196.818359375,23009.94921875,23393.19140625,42932549127.0,-0.0067652436363694335,2.7558929232644153e-06,1.2317963364633087e-06,3.2409658395249006e-06,23389.43359375,22485.689453125,20836.328125,20212.07421875,20710.59765625,23035.618489583332,482.73582191284083,23389.43359375,22102.620703125,1325.7253613005935,23389.43359375,20830.275390625,1164.6814563792177,23389.43359375,21778.091075624023,22034.98363241515,-256.8925567911283,-925.929881878852,-1686.621518337748,760.691636458896,52.71170005735342,82.3475887820285,90.98391526208017,0.20563027295184755
2022-07-21,3.11,23164.62890625,23388.322265625,22431.1484375,23233.201171875,33631012204.0,-0.0028926217700480095,2.5605236357434804e-06,1.0963111018257855e-06,3.2226768693325213e-06,23231.732421875,23389.43359375,22485.689453125,20569.919921875,19987.029296875,23261.931640625,115.40485904203591,23389.43359375,22621.5625,1056.217038577242,23389.43359375,20989.15537109375,1256.6970157656197,23389.43359375,22055.39864174922,22137.67865730923,-82.2800155600089,-734.9313768647335,-1496.2834900431453,761.3521131784119,52.37030691757861,80.13822936378037,85.62158383267494,0.14732524492038035
2022-07-22,3.01,22714.978515625,23671.927734375,22603.416015625,23163.751953125,31421555646.0,-0.019601945764883055,2.7023834863718544e-06,8.520052810888301e-07,2.607270936168863e-06,23164.62890625,23231.732421875,23389.43359375,20836.328125,21085.876953125,23037.11328125,280.98723435540654,23231.732421875,22997.292578125,380.1897718830801,23389.43359375,21070.61044921875,1314.7517729688968,23389.43359375,22187.314616524378,22190.16046261066,-2.8458460862821084,-612.7829339905402,-1319.5833788326245,706.8004448420843,50.031956275536466,71.48589049513397,77.99056954698095,0.10544610045983616
2022-07-25,3.07,21361.701171875,22649.12109375,21361.642578125,22607.15625,35574561406.0,-0.05675565978203245,1.0867450465190866e-06,1.170135668225371e-06,2.689194750401328e-06,22714.978515625,23164.62890625,23231.732421875,22485.689453125,21231.65625,22413.76953125,938.4467182775978,23164.62890625,22772.494921875,827.4854394473741,23389.43359375,21077.1126953125,1315.911226024211,23389.43359375,22022.191927594504,22114.84598163469,-92.65405404018748,-618.0530539296742,-1179.2773138520345,561.2242599223603,43.70681544268698,45.445628092355854,65.68991598375673,-0.012750345377893768
2022-07-26,3.06,21239.75390625,21361.12109375,20776.81640625,21361.12109375,28624673855.0,-0.00572504382684258,5.453388577984712e-07,1.152620429533003e-06,2.6871499231550413e-06,21361.701171875,22714.978515625,23164.62890625,23389.43359375,20735.478515625,21772.14453125,818.7916251818091,22714.978515625,22342.558984375,972.5463683475331,23231.732421875,21102.32646484375,1313.850274014655,23389.43359375,21865.704323325604,22035.29215659972,-169.58783327411584,-624.8667126334985,-1068.3951936083274,443.5284809748289,43.17709579479808,43.09907377306406,53.3435307868513,-0.022611045580879674
2022-07-27,3.0,22930.548828125,22986.529296875,21070.806640625,21244.169921875,31758955233.0,0.07659542154936183,3.620224049301562e-06,1.8018970989063902e-06,2.843597931184269e-06,21239.75390625,21361.701171875,22714.978515625,23231.732421875,20280.634765625,21844.001302083332,942.9511804218661,22930.548828125,22282.322265625,911.090843071185,23164.62890625,21234.82216796875,1359.4496921092816,23389.43359375,22078.673224285485,22116.67912673838,-38.00590245289641,-488.2058336606169,-952.3573216187854,464.15148795816845,51.884445111227706,75.63397405662593,54.726225307348614,0.14821781088858832
2022-07-28,2.93,23843.88671875,24110.470703125,22722.265625,22933.640625,40212386158.0,0.03905783089201442,4.866956698927966e-06,2.0016540632870986e-06,2.6747925006319256e-06,22930.548828125,21239.75390625,21361.701171875,23164.62890625,20104.0234375,22671.396484375,1321.267149080123,23843.88671875,22418.173828125,1105.4508577178815,23843.88671875,21421.81533203125,1449.9210329737957,23843.88671875,22431.715923178388,22273.697998739437,158.017924438951,-302.7128821230508,-822.4284337196385,519.7155515965877,55.822559404199446,93.20875903630306,70.64726895533101,0.23390564880545917
2022-07-29,2.98,23804.6328125,24294.787109375,23481.173828125,23845.212890625,35887249746.0,-0.0016476446914399645,4.53610642520967e-06,1.96593610386002e-06,2.6720161524637435e-06,23843.88671875,22930.548828125,21239.75390625,22714.978515625,19784.7265625,23526.356119791668,516.3573993771511,23843.88671875,22636.1046875,1273.2627960096606,23843.88671875,21622.81064453125,1489.134793451679,23843.88671875,22706.299301042713,22412.87389089949,293.4254101432234,-157.06529287426747,-689.3558055505644,532.2905126762969,55.61188753791316,90.74278252497736,86.52850520596878,0.177743192255712
2022-08-01,2.98,23314.19921875,23464.787109375,22890.796875,23336.71875,25849159141.0,-0.0009730647082903943,2.2074890006142593e-06,1.8696040183520727e-06,2.661947304863409e-06,23804.6328125,23843.88671875,22930.548828125,21361.701171875,19269.3671875,23654.239583333332,295.1369249155927,23843.88671875,23026.604296875,1067.4795945207823,23843.88671875,21825.05224609375,1426.0174968256072,23843.88671875,22827.87928458417,22494.81255706772,333.0667275164524,-80.28692367223994,-567.5420291748995,487.2551055026596,52.924468928780826,81.48029015605202,88.47727723911082,0.1334122498919701
2022-08-02,3.09,22978.1171875,23415.041015625,22710.083984375,23308.43359375,28389250717.0,-0.014520247082613125,2.314580016053755e-06,1.8979726423062517e-06,2.46149878842517e-06,23314.19921875,23804.6328125,23843.88671875,21239.75390625,20190.115234375,23365.649739583332,415.65296421773195,23804.6328125,23374.276953125,436.8025986221319,23843.88671875,21964.45234375,1393.6865936690465,23843.88671875,22857.926865167337,22538.74934165247,319.17752351486706,-46.02794261740564,-463.2392118634008,417.21126924599514,51.10201938804112,71.4111052823309,81.21139265445343,0.1027910987795504
2022-08-03,3.14,22846.5078125,23578.650390625,22747.8359375,22981.302734375,26288169966.0,-0.0057440617075421585,1.2574223262262672e-07,1.8601191872154327e-06,2.3412833944480635e-06,22978.1171875,23314.19921875,23804.6328125,22930.548828125,20548.24609375,23046.274739583332,241.18022680084144,23314.19921875,23357.46875,459.189252670064,23843.88671875,22079.3654296875,1365.229216673177,23843.88671875,22855.64305463387,22566.72738445679,288.91567017708076,-29.161079197037907,-376.4235853301282,347.2625061330903,50.37054044097844,62.843550552271495,71.91164866355147,0.016046577541114937
2022-08-04,3.11,22630.95703125,23198.009765625,22485.701171875,22848.21484375,25120229769.0,-0.009479525568520941,4.552330799573109e-09,1.5250663967933312e-06,2.3357801682972906e-06,22846.5078125,22978.1171875,23314.19921875,23843.88671875,21637.587890625,22818.52734375,175.2632976286496,22978.1171875,23114.8828125,458.3656375823784,23804.6328125,22129.03388671875,1366.3803942787945,23843.88671875,22810.705849957096,22572.56644325617,238.13940670092416,-32.80891428994437,-307.7006511220915,274.8917368321471,49.13014747614156,52.70483416342763,62.31982999934334,-0.03242817144159815
2022-08-05,3.29,23289.314453125,23422.828125,22612.177734375,22626.833984375,28881249043.0,0.02867589908816015,5.3541079300734374e-08,1.6259334407589815e-06,2.293895231187687e-06,22630.95703125,22846.5078125,22978.1171875,23804.6328125,21731.1171875,22922.259765625,335.65218982802503,23289.314453125,23011.819140625,292.38543197060176,23314.19921875,22206.94375,1386.7688042590023,23843.88671875,22906.427570590677,22637.725353244245,268.702217346432,17.225526790141885,-242.71541553964482,259.9409423297867,52.941812260955714,71.41895879471531,62.322447836804805,0.0024785939423002112
2022-08-08,3.3,23809.486328125,24203.689453125,23176.546875,23179.52734375,28575544847.0,0.026971545344579795,1.418975668319299e-07,1.479784086987163e-06,2.3138863732976876e-06,23289.314453125,22630.95703125,22846.5078125,23314.19921875,19970.556640625,23243.252604166668,590.6133221875801,23809.486328125,23110.8765625,457.6391399179082,23809.486328125,22398.890234375,1325.2462128203633,23843.88671875,23087.039322097542,22744.249078233403,342.7902438641395,97.72518972422404,-174.62729448687105,272.3524842110951,55.762253347588775,86.20509315728783,70.10962870514359,0.027838020824111354
2022-08-09,3.33,23164.318359375,23898.615234375,22982.0,23811.484375,23555719219.0,-0.02747099349637594,2.3566802899895655e-07,1.440059114368028e-06,2.275764901438163e-06,23809.486328125,23289.314453125,22630.95703125,22978.1171875,19323.9140625,23421.039713541668,342.16090534909677,23809.486328125,23148.116796875,451.67220643419165,23809.486328125,22590.91044921875,1118.3220387816234,23843.88671875,23102.495129553034,22782.43719470082,320.0579348522151,108.21465816575437,-118.05890395634597,226.27356212210034,51.629051673742794,67.86588504003717,75.16331233068011,0.019781653917960496
2022-08-10,3.26,23947.642578125,24127.4140625,22771.51953125,23162.8984375,32837431722.0,0.033256795053882016,4.900847744299705e-07,1.3325463905855277e-06,2.3085883666454054e-06,23164.318359375,23809.486328125,23289.314453125,22846.5078125,20212.07421875,23640.482421875,418.11595062384043,23947.642578125,23368.34375,529.5764980799806,23947.642578125,22777.6888671875,1006.4627003287256,23947.642578125,23271.524619267428,22888.36495683029,383.15966243713774,177.68708925907777,-58.90970531326123,236.59679457233898,55.90281607767131,90.13225064831742,81.40107628188082,0.12105503140614449
2022-08-11,3.25,23957.529296875,24822.62890625,23900.99609375,23948.345703125,37127036580.0,0.00041276206736817755,4.6529089225149336e-07,1.2972497850773122e-06,2.29579269841227e-06,23947.642578125,23164.318359375,23809.486328125,22630.95703125,20569.919921875,23689.830078125,455.1333449768089,23957.529296875,23633.658203125,378.5652882089941,23957.529296875,22947.0693359375,894.1435489269677,23957.529296875,23408.725554788944,22985.56171501617,423.1638397727729,230.88081666257494,-0.9516009180939958,231.83241758066893,55.95571062343094,78.61740727295197,78.87184765376885,0.127957009418328
2022-08-12,3.26,24402.818359375,24412.56640625,23657.265625,23957.203125,27265804688.0,0.018415982056897207,3.427992255575567e-07,1.3170927931624354e-06,2.3055647144163185e-06,23957.529296875,23947.642578125,23164.318359375,23289.314453125,20836.328125,24102.663411458332,259.9888100885066,24402.818359375,23856.358984375,446.7390870795543,24402.818359375,23125.39384765625,801.9169521826882,24402.818359375,23607.544115706158,23114.4032281397,493.1408875664565,305.4473281136052,60.328184888245836,245.11914322535935,58.377322728575834,89.62357877743963,86.12441223290301,0.06420559500277712
2022-08-15,3.23,24136.97265625,25135.58984375,23839.775390625,24318.31640625,35123501685.0,-0.00752687118445472,2.0369740740312452e-07,7.040276265506543e-07,2.278734929895314e-06,24402.818359375,23957.529296875,23947.642578125,23809.486328125,22485.689453125,24165.7734375,224.0372760193594,24402.818359375,23921.85625,461.8984670942778,24402.818359375,23207.9580078125,817.4439729240994,24402.818359375,23713.429823814928,23207.36408524064,506.06573857428884,339.1804382249393,116.09863555558452,223.08180266935477,56.38415277614775,75.43246127536976,81.22448244192046,0.012291869230762975
2022-08-16,3.26,23883.291015625,24228.416015625,23733.5,24126.13671875,27753685646.0,-0.010565706274135778,1.0415092524679005e-07,5.882988734656911e-07,2.277364527479917e-06,24136.97265625,24402.818359375,23957.529296875,23164.318359375,23389.43359375,24141.02734375,259.7874046104031,24402.818359375,24065.65078125,210.7368389122803,24402.818359375,23232.65087890625,830.568126868321,24402.818359375,23747.40206217694,23268.811988002853,478.59007417408793,341.50749688653013,161.18040782177366,180.32708906475648,54.472871934575515,52.741455087662146,72.59916504682384,0.0033043233115401804
2022-08-17,3.27,23335.998046875,24407.05859375,23243.353515625,23881.31640625,30931623076.0,-0.023181944883864603,4.3681775405265526e-08,6.266117814069367e-07,2.2753292512572396e-06,23883.291015625,24136.97265625,24402.818359375,23947.642578125,23231.732421875,23785.420572916668,409.3580937064606,24136.97265625,23943.321875,394.1083072435417,24402.818359375,23237.86416015625,830.8892218757815,24402.818359375,23665.121259116553,23274.919811536685,390.2014475798678,295.7801693064466,188.10036011870827,107.67980918773836,50.496014150011725,32.0880225658065,53.420646309612806,0.0009350022242011757
2022-08-18,3.24,23212.73828125,23563.83203125,23177.6015625,23341.0390625,23747613147.0,-0.005295957030778453,4.604338020915981e-08,6.281705872075313e-07,2.27384855778771e-06,23335.998046875,23883.291015625,24136.97265625,23957.529296875,23164.62890625,23477.342447916668,356.9228518517742,23883.291015625,23794.363671875,510.85546796101374,24402.818359375,23240.26962890625,830.7356683698285,24402.818359375,23574.644663543244,23269.266945146985,305.3777183962593,246.75051346813416,199.83039078859346,46.9201226795407,49.617436278493145,27.436515242754155,37.42199763207427,0.010210631786560453
2022-08-19,3.26,20877.552734375,23213.3125,20868.84765625,23213.3125,40509610260.0,-0.10602664190168731,5.736395235916459e-06,1.7834073639426065e-06,2.6241294603065824e-06,23212.73828125,23335.998046875,23883.291015625,24402.818359375,22714.978515625,22475.4296875,1385.1737473875592,23335.998046875,23089.310546875,1293.8279087266826,24136.97265625,23148.39833984375,980.064631549379,24402.818359375,23035.226277709597,23051.83838053135,-16.61210282175307,19.24238605528808,163.7127898419324,-144.4704037866443,36.618485927432246,0.20402165733150476,19.909519821964057,-0.08618188365084511
2022-08-22,3.32,21398.908203125,21531.462890625,20939.18359375,21531.462890625,31666498758.0,-0.006298802571624407,5.7201404790719034e-06,1.3838375761199635e-06,2.6237629426732538e-06,20877.552734375,23212.73828125,23335.998046875,24136.97265625,21361.701171875,21829.733072916668,1225.7570868271227,23212.73828125,22541.69765625,1318.7520073958483,23883.291015625,23150.25869140625,976.523552106529,24402.818359375,22707.962662792677,22901.572000767137,-193.60933797445978,-117.63439872463641,107.44335212861864,-225.07775085325505,40.37430482397978,12.423074176543507,13.35453702554306,-0.05444086285983063
2022-08-23,3.29,21528.087890625,21646.203125,20955.138671875,21401.044921875,31878280659.0,0.006018593854664189,5.648224620852248e-06,1.3842431398844448e-06,2.622580514801924e-06,21398.908203125,20877.552734375,23212.73828125,23883.291015625,21239.75390625,21268.182942708332,344.40647157500524,21528.087890625,22070.65703125,1126.339545950913,23335.998046875,23164.675390625,948.5617771694764,24402.818359375,22471.987708359142,22776.709808936033,-304.72210057689153,-213.2285496351251,43.30897177586989,-256.537521410995,41.30243122391937,15.450669513295969,9.359255115723665,-0.07562380447242734
2022-08-24,3.35,21395.01953125,21783.076171875,21195.005859375,21526.455078125,31962253368.0,-0.006200333278529868,5.18385327765156e-06,7.834337024291008e-07,2.5888385899342483e-06,21528.087890625,21398.908203125,20877.552734375,23335.998046875,22930.548828125,21440.671875,75.7294545288609,21528.087890625,21682.461328125,891.1343497267137,23212.73828125,23087.89892578125,1027.377693048652,24402.818359375,22256.594072937314,22651.101601873666,-394.5075289363522,-296.30943671302884,-24.61470992190986,-271.69472679111897,40.60133244118938,12.331935042653663,13.401892910831052,-0.1014077651067552
2022-08-25,3.33,21600.904296875,21789.63671875,21362.44140625,21395.458984375,31028679593.0,0.009577016652956516,5.2420030821710125e-06,6.616653679380645e-07,2.5833649798514814e-06,21395.01953125,21528.087890625,21398.908203125,23212.73828125,23843.88671875,21508.00390625,104.4014319853181,21600.904296875,21360.09453125,283.63002066730854,21600.904296875,22975.7498046875,1062.3380504524112,24402.818359375,22125.456117724854,22555.62911960106,-430.1730018762064,-341.60069814343296,-88.01190756621448,-253.5887905772185,42.2351418797209,17.15727382755066,14.97995946116677,-0.06749234051461994
2022-08-26,3.36,20260.01953125,21804.908203125,20199.482421875,21596.0859375,42326789564.0,-0.06408571655966355,7.440928492661914e-07,1.037630249882047e-06,2.7166381289763996e-06,21600.904296875,21395.01953125,21528.087890625,20877.552734375,23804.6328125,21085.314453125,722.1017346841097,21600.904296875,21236.587890625,552.9088810546076,21600.904296875,22798.519140625,1203.1233529768149,24402.818359375,21752.368800429886,22346.93733884187,-594.5685384119861,-480.15758571690094,-166.44104319635179,-313.7165425205492,35.40484840107759,1.2264139371587002,10.238540935787679,-0.1539868918138716
2022-08-29,3.43,20297.994140625,20357.462890625,19600.78515625,19615.154296875,32637854078.0,0.03413499162998335,1.183118949619025e-06,1.1596143530698831e-06,2.7374293128829174e-06,20260.01953125,21600.904296875,21395.01953125,21398.908203125,23314.19921875,20719.639322916668,763.4340072880046,21600.904296875,21016.405078125,677.3184096278403,21600.904296875,22647.70888671875,1318.580475281333,24402.818359375,21461.49386846891,22160.66977536761,-699.1759068986976,-580.2123568774005,-249.19530593256152,-331.01705094483896,35.7218891267991,12.596812782745552,10.32683351581831,-0.1527509415057815
2022-08-30,3.48,19796.80859375,20542.64453125,19617.640625,20298.611328125,34483360283.0,-0.025001327783567007,1.4531851608990885e-06,1.2046497090049552e-06,2.6658269635499374e-06,20297.994140625,20260.01953125,21600.904296875,21528.087890625,22978.1171875,20118.274088541668,279.04402160899986,20297.994140625,20670.14921875,784.4060803272594,21600.904296875,22488.64345703125,1460.837206659617,24402.818359375,21128.55681352513,21945.77330431146,-817.2164907863298,-691.9713538977085,-337.7505155255909,-354.22083837211756,33.39244018947157,3.541650492974148,5.788292404292805,-0.18874909028101983
2022-08-31,3.5,20049.763671875,20420.990234375,19799.58203125,19799.58203125,33225232872.0,0.012696624168793136,1.5129819804828852e-06,1.2187626911849236e-06,2.66955879930361e-06,19796.80859375,20297.994140625,20260.01953125,21395.01953125,22846.5078125,20048.188802083332,250.59648493231822,20297.994140625,20401.098046875,699.7624930661278,21600.904296875,22348.80625,1555.5645508097516,24402.818359375,20912.798185195104,21773.40879227178,-860.6106070766764,-751.4673555429872,-420.4938835290702,-330.973472013917,35.67249370290919,8.111912542081008,8.083458605933574,-0.16933395262875528
2022-09-01,3.51,20127.140625,20198.390625,19653.96875,20050.498046875,30182031010.0,0.0038518173635360142,1.4753910804565403e-06,1.2104941943217876e-06,2.6438348317262704e-06,20049.763671875,19796.80859375,20297.994140625,21600.904296875,22630.95703125,19991.237630208332,172.7680117455306,20127.140625,20106.3453125,199.86992405194817,20297.994140625,22223.6154296875,1630.6049025974046,24402.818359375,20755.666673156084,21623.748049792528,-868.0813766364445,-783.3447810209946,-493.0640630274551,-290.28071799353944,36.389794348683154,9.509919472655286,7.054494169236818,-0.1572710556584367
2022-09-02,3.47,19969.771484375,20401.568359375,19814.765625,20126.072265625,29123998928.0,-0.0078494796911599,1.6449824124764636e-07,1.128247528111718e-06,2.5070821254992187e-06,20127.140625,20049.763671875,19796.80859375,20260.01953125,23289.314453125,20048.891927083332,78.68819199656933,20127.140625,20048.295703125,185.7281652304452,20297.994140625,22057.63828125,1684.47562454933,24402.818359375,20598.48763539987,21473.386543845478,-874.898908445608,-811.9466295106467,-556.8405763240935,-255.10605318655325,35.52223845749167,7.677181353146848,8.433004455961052,-0.14425037899550142
2022-09-06,3.61,18837.66796875,20155.26953125,18800.171875,19817.724609375,43403978910.0,-0.05044806467236107,4.6450459948399454e-07,1.3295637752499668e-06,2.580896195710686e-06,19969.771484375,20127.140625,20049.763671875,20297.994140625,23809.486328125,19644.860026041668,703.4632361548955,20127.140625,19756.23046875,527.9061235993707,20127.140625,21809.04736328125,1776.6762701360542,24402.818359375,20246.323702069898,21233.775764291342,-987.4520622214441,-915.4127840807669,-628.5550178754282,-286.85776620533863,29.984139615126054,0.668750692333577,5.9519505060452405,-0.18847713093952156
2022-09-07,3.6,19290.32421875,19427.171875,18644.466796875,18837.68359375,35239757134.0,0.023745153749135994,4.479610575557493e-07,1.3076516181896166e-06,2.5779949736908528e-06,18837.66796875,19969.771484375,20127.140625,19796.80859375,23164.318359375,19365.921223958332,569.825212604851,19969.771484375,19654.93359375,565.4326366755758,20127.140625,21615.34765625,1831.4763685745165,24402.818359375,20055.12380540592,21057.09835106031,-1001.9745456543897,-949.93462559205,-692.8309394187526,-257.10368617329743,34.388733427914914,13.128877225092953,7.1582697568577975,-0.07602560203388298
2022-09-08,3.6,19329.833984375,19417.3515625,19076.71484375,19289.94140625,32194477850.0,0.0020460703035372063,4.069104872139042e-07,1.1846897870659413e-06,2.5486062865974714e-06,19290.32421875,18837.66796875,19969.771484375,20049.763671875,23947.642578125,19152.608723958332,273.4611761539884,19329.833984375,19510.94765625,530.329020728262,20127.140625,21384.4572265625,1812.958811846548,24402.818359375,19910.06584119974,20900.07431772528,-990.0084765255415,-963.0044104232038,-746.8656336196428,-216.13877680356097,34.77443190171256,15.000882761946249,9.59950355979093,-0.09669064417257711
2022-09-09,3.67,21381.15234375,21439.41015625,19310.962890625,19328.140625,48469528171.0,0.10086009766789061,7.126123035213062e-06,2.5506134343435655e-06,2.85804422972689e-06,19329.833984375,19290.32421875,18837.66796875,20127.140625,23957.529296875,20000.436848958332,1195.8978692026653,21381.15234375,19761.75,991.0169273483623,21381.15234375,21255.63837890625,1709.0625092289513,24402.818359375,20204.28314170979,20943.808683727526,-739.5255420177346,-798.6319292960652,-757.2188927549273,-41.4130365411379,50.90976420241013,86.59187737076877,38.240545785936,-0.006825294825138051
2022-09-12,3.7,22370.44921875,22439.181640625,21603.896484375,21770.1484375,50212088965.0,0.027242163871664005,7.87130242658147e-06,2.615379049579514e-06,2.8740260998212567e-06,21381.15234375,19329.833984375,19290.32421875,19969.771484375,24402.818359375,21027.145182291668,1550.9113622806963,22370.44921875,20241.885546875,1544.170178465157,22370.44921875,21154.019921875,1566.5673790936855,24136.97265625,20637.516357117835,21073.503277820477,-435.98692070264224,-581.8305830648715,-722.1412308169162,140.3106477520447,56.498830143586595,98.18873289021428,66.59383100764312,0.04559143711344915
2022-09-13,3.92,20296.70703125,22673.8203125,20062.669921875,22371.48046875,51091116622.0,-0.09728219892342338,1.7550636248885015e-05,4.357956776701891e-06,3.203518556992243e-06,22370.44921875,21381.15234375,19329.833984375,18837.66796875,24136.97265625,21349.436197916668,1037.2348338174934,22370.44921875,20533.693359375,1336.3444121462587,22370.44921875,20962.006640625,1409.145506008166,23883.291015625,20569.35449194427,21002.88543722316,-433.53094527889334,-570.7681577206058,-691.8666161976541,121.09845847704833,44.94685526321759,41.00509493565045,75.26190173221117,-0.060376975320134085
2022-09-14,3.95,20241.08984375,20467.201171875,19793.396484375,20184.5546875,37872380889.0,-0.0027439686753734094,1.6630796498079807e-05,4.336251247994219e-06,3.188490251759846e-06,20296.70703125,22370.44921875,21381.15234375,19290.32421875,23883.291015625,20969.415364583332,1213.649543021943,22370.44921875,20723.846484375,1172.830389939158,22370.44921875,20779.89658203125,1236.5203138462464,23335.998046875,20503.701562305418,20933.631292361966,-429.9297300565486,-560.0332336449501,-665.4999396871134,105.46670604216331,44.68298049891464,39.624794416365454,59.60620741407673,-0.0009343370805147133
2022-09-15,4.0,19701.2109375,20318.166015625,19636.734375,20242.2890625,36389011503.0,-0.027034586241262204,1.7837308997644104e-05,4.376631596684337e-06,3.2008686244768633e-06,20241.08984375,20296.70703125,22370.44921875,19329.833984375,23335.998046875,20079.669270833332,328.93213652457916,20296.70703125,20798.121875,1069.7024045935568,22370.44921875,20598.1572265625,1100.7172637385918,23212.73828125,20343.203437344335,20821.593078283604,-478.38964093926916,-588.3077986580975,-650.0615114813103,61.75371282321282,42.099262815798426,26.22614611815927,35.61867849005839,-0.029401092491724623
2022-09-16,3.96,19772.583984375,19870.62890625,19400.076171875,19704.005859375,30123362273.0,0.0036162281734331003,4.8026170623303274e-06,4.373500361539487e-06,3.1794554873604792e-06,19701.2109375,20241.08984375,20296.70703125,21381.15234375,23212.73828125,19904.961588541668,293.27492377851286,20241.08984375,20476.408203125,1092.1719120442078,22370.44921875,20426.14951171875,925.4812519503714,22370.44921875,20229.07954675047,20726.228615201002,-497.1490684505334,-598.0622968674506,-639.6616685585384,41.599371691087754,42.57203175504004,27.99747361767576,31.282804717400165,-0.001223662352458521
2022-09-19,4.05,19544.12890625,19639.48046875,18390.318359375,19418.572265625,40177002624.0,0.006396912022912815,4.207603616703485e-06,2.3447422975777944e-06,3.055472195626983e-06,19772.583984375,19701.2109375,20241.08984375,22370.44921875,20877.552734375,19672.641276041668,116.87642981947505,19772.583984375,19911.144140625,337.45146264875916,20296.70703125,20359.4783203125,939.1790908833567,22370.44921875,20092.089418650376,20618.765005296365,-526.6755866459898,-617.1135219603384,-635.1520392388984,18.038517278559993,41.4066030569504,26.936150829422296,27.053256855085777,-0.025218988807049314
2022-09-20,4.03,18890.7890625,19602.45703125,18813.455078125,19545.591796875,36791346508.0,-0.034000477547087016,1.5185491055276337e-07,2.51880075797456e-06,3.0663883798133446e-06,19544.12890625,19772.583984375,19701.2109375,20296.70703125,21398.908203125,19402.500651041668,457.640134894593,19772.583984375,19629.960546875,488.0160433921957,20241.08984375,20234.07236328125,960.2957467651337,22370.44921875,19851.829347420302,20461.67628322397,-609.8469358036673,-677.1253408711709,-643.5466995653529,-33.578641305817996,38.187016733274966,11.683680983497275,22.205768476865114,-0.06142708423094745
2022-09-21,4.08,18547.400390625,19674.630859375,18290.314453125,18891.283203125,46363793975.0,-0.01834481351522399,2.074676964651846e-07,2.5666874064351036e-06,3.0718092856188733e-06,18890.7890625,19544.12890625,19772.583984375,20241.08984375,21528.087890625,18994.106119791668,506.3326418578514,19544.12890625,19291.22265625,542.5355555418499,19772.583984375,20085.03798828125,979.9933341221566,22370.44921875,19590.943556061244,20287.651202078607,-696.707646017363,-743.8194481346873,-663.6012492792198,-80.21819885546745,36.57721422463981,5.864847584272542,14.828226465730708,-0.07122620781429123
2022-09-22,4.08,19413.55078125,19456.91015625,18415.591796875,18534.650390625,41135767926.0,0.04564167754912951,5.269961359015172e-07,2.9047215968244865e-06,3.1140499979372857e-06,18547.400390625,18890.7890625,19544.12890625,19701.2109375,21395.01953125,18950.580078125,436.15977457492846,19413.55078125,19233.690625,501.9221609008081,19772.583984375,19985.96455078125,939.9295681754643,22370.44921875,19555.465001098997,20208.187527457823,-652.7225263588261,-718.5014731131123,-674.5812940459983,-43.92017906711396,43.09364333056178,25.62415482399175,14.390894463920526,0.030570812345527054
2022-09-23,4.15,19297.638671875,19464.671875,18617.552734375,19412.400390625,38896078052.0,-0.0059885762967120115,5.33633439463447e-07,2.895209687936389e-06,3.115229443435433e-06,19413.55078125,18547.400390625,18890.7890625,19772.583984375,21600.904296875,19086.196614583332,470.1966955317213,19413.55078125,19138.7015625,411.1788273856207,19544.12890625,19870.80126953125,870.1601417819313,22370.44921875,19503.8997352542,20125.410358768477,-621.5106235142775,-699.7239518570277,-679.6098256082042,-20.11412624882348,42.4648411320817,22.979876178233834,18.156292862166044,0.00037917730371228586
2022-09-26,4.17,19222.671875,19274.873046875,18721.28515625,18803.900390625,44148798321.0,0.022121968157295058,6.727188232968413e-07,2.3123815673248768e-06,3.117782635201412e-06,19297.638671875,19413.55078125,18547.400390625,19544.12890625,20260.01953125,19311.287109375,96.16859725312588,19413.55078125,19074.41015625,352.9464796870801,19413.55078125,19818.93388671875,876.6314451946372,22370.44921875,19447.65416320336,20043.343223880434,-595.6890606770758,-683.0184138503319,-680.2915432566298,-2.726870593702074,42.037609228151986,21.26967436078517,23.29123512100359,-0.0055438711714556055
2022-09-27,4.16,19110.546875,20338.455078125,18915.66796875,19221.83984375,58571439619.0,-0.0058500341701694936,3.550163283531011e-07,2.1435974598029325e-06,3.0302208945184252e-06,19222.671875,19297.638671875,19413.55078125,18890.7890625,20297.994140625,19210.285807291668,94.15888762951177,19297.638671875,19118.36171875,337.7185689428119,19413.55078125,19759.5615234375,882.6688895927704,22370.44921875,19380.23270556269,19958.543555800396,-578.3108502377072,-671.0907881886706,-678.451392243038,7.3606040543674,41.367247849164286,18.71179024708658,20.98711359536853,-0.10619658998004045
2022-09-28,3.99,19426.720703125,19688.34375,18553.296875,19104.62109375,53071298734.0,0.016409099157190354,3.3916382870589025e-07,2.091820024607879e-06,2.8099873240604523e-06,19110.546875,19222.671875,19297.638671875,18547.400390625,19796.80859375,19253.313151041668,160.29859090488534,19426.720703125,19294.22578125,132.9124804811632,19426.720703125,19741.05712890625,885.7209498637641,22370.44921875,19389.530305075154,19910.196023738994,-520.6657186638404,-628.8761802194094,-668.5363498383123,39.66016961890284,44.075453219641126,25.924597490147505,21.96868736600642,-0.13159004930297447
2022-09-29,3.98,19573.05078125,19589.265625,18924.353515625,19427.779296875,41037843771.0,0.007504185755092152,3.1331744268341265e-08,2.076676946331018e-06,2.8046196053146627e-06,19426.720703125,19110.546875,19222.671875,19413.55078125,20049.763671875,19370.106119791668,236.39241550613147,19573.05078125,19326.12578125,179.6383762386409,19573.05078125,19717.221484375,883.3874414851663,22370.44921875,19426.234400310124,19879.546456239994,-453.31205592986953,-576.9623223848648,-650.2215443476229,73.25922196275803,45.33394793437755,29.2627948787068,24.6330608719803,-0.03565387473375936
2022-09-30,4.05,19431.7890625,20109.849609375,19265.662109375,19573.431640625,43975248085.0,-0.007243323491751497,3.2518292112876683e-08,2.082103115289198e-06,2.3660772936118058e-06,19573.05078125,19426.720703125,19110.546875,19297.638671875,20127.140625,19477.186848958332,83.05926921599603,19573.05078125,19352.955859375,184.27814100811528,19573.05078125,19682.45390625,880.0824225615268,22370.44921875,19427.3453327481,19838.841238627265,-411.49590587916464,-540.9827438405919,-628.3737842462167,87.39104040562484,44.29760210120686,26.040220909793682,27.075871092882664,-0.0399830635354792
2022-10-03,4.01,19623.580078125,19653.54296875,19025.2265625,19044.068359375,30484729489.0,0.02997417630734489,6.87185560159071e-08,2.2046051918038227e-06,2.37647992219985e-06,19431.7890625,19573.05078125,19426.720703125,19222.671875,19969.771484375,19542.806640625,99.40814579508414,19623.580078125,19433.1375,199.96987694179487,19623.580078125,19665.1443359375,877.534784195384,22370.44921875,19466.59228182348,19819.272042217966,-352.67976039448695,-491.3290016396313,-600.9648277248997,109.63582608526838,46.09922795784615,61.24644031847374,38.84981870232475,-0.00394041054741634
2022-10-04,4.15,20336.84375,20380.34375,19523.83984375,19623.583984375,35887278685.0,0.035702295702778386,2.6033306873132874e-07,2.020018731813579e-06,2.267586738295366e-06,19623.580078125,19431.7890625,19573.05078125,19110.546875,18837.66796875,19797.404296875,476.90894425420186,20336.84375,19678.396875,378.09101965025764,20336.84375,19740.103125,867.0993755780115,22370.44921875,19640.642575458784,19866.324015652695,-225.68144019391184,-389.9287796330136,-558.7576181065225,168.82883847350888,52.28069243026341,97.91868946215055,61.735116896806,0.028537482307365414
2022-10-05,4.14,20160.716796875,20343.748046875,19801.80078125,20335.900390625,33223790572.0,-0.008698206075026249,2.2232026401233616e-07,1.9512316977204017e-06,2.2694210968827033e-06,20336.84375,19623.580078125,19431.7890625,19426.720703125,19290.32421875,20040.380208333332,371.5466825457168,20336.84375,19825.19609375,397.9173390857974,20336.84375,19783.62275390625,865.1772209658546,22370.44921875,19744.657419742027,19893.086995763813,-148.4295760217865,-320.0905417901304,-511.0242028432441,190.93366105311372,50.733474815572634,89.49168064517636,82.88560347526689,0.031548496921130154
2022-10-06,4.19,19955.443359375,20408.392578125,19900.087890625,20161.0390625,34711412966.0,-0.010234041758595325,2.3154676072247932e-07,1.9653023394160357e-06,2.2706148954742637e-06,20160.716796875,20336.84375,19623.580078125,19573.05078125,19329.833984375,20151.001302083332,190.88571874737508,20336.84375,19901.674609375,373.3279757152333,20336.84375,19814.90322265625,859.1957551746434,22370.44921875,19786.814607668624,19898.7557560921,-111.94114842347699,-278.10130724895134,-464.43962372438557,186.33831647543423,48.91646710667762,78.61508442942821,88.6751515122517,0.056358381502890076
2022-10-07,4.24,19546.849609375,20041.0859375,19395.79296875,19957.55859375,29227315390.0,-0.02068782806747471,3.094665287870638e-07,8.365915008042262e-07,2.2167977641492515e-06,19955.443359375,20160.716796875,20336.84375,19431.7890625,21381.15234375,19887.669921875,312.4950561135421,20160.716796875,19924.68671875,339.1001612282431,20336.84375,19723.1880859375,777.1951144539846,22370.44921875,19738.8216080099,19866.764288208728,-127.94268019882657,-274.62888637197466,-426.47747625390343,151.84858988192877,45.428784723916905,59.32430638034185,75.8103571516488,0.053886215733779164
2022-10-11,4.28,19051.41796875,19241.9609375,18925.603515625,19139.0,28711532910.0,-0.00471640371270432,1.4520352457616875e-07,7.720420049371339e-07,2.2070852864444905e-06,19546.849609375,19955.443359375,20160.716796875,19623.580078125,22370.44921875,19517.903645833332,452.7072766456026,19955.443359375,19810.254296875,516.3368285812277,20336.84375,19557.2365234375,479.5336460295843,20336.84375,19601.34088015792,19792.64189553066,-191.30101537274095,-308.3002671436079,-402.84203443184435,94.54176728823643,41.55951489298094,35.93368472303164,57.95769184426724,-0.0186536103869136
2022-10-12,4.28,19157.4453125,19203.19921875,19029.7578125,19052.646484375,24950173846.0,0.0055498963744717855,1.749939760846762e-08,1.6565548338199605e-07,2.1102016520447235e-06,19051.41796875,19546.849609375,19955.443359375,20336.84375,20296.70703125,19251.904296875,260.8735372362485,19546.849609375,19574.374609375,484.01494430958024,20160.716796875,19500.2734375,454.0587924511649,20336.84375,19512.56176662634,19734.896751618784,-222.33498499244524,-322.70956349296466,-386.8155402440684,64.10597675110375,42.68460679740127,37.226677277779196,44.16155612705089,-0.007264793468193753
2022-10-13,4.46,19382.904296875,19453.328125,18319.822265625,19156.966796875,44219840004.0,0.011700026522296625,2.0889399310746154e-08,1.7096242539273498e-07,2.0301785643820095e-06,19157.4453125,19051.41796875,19546.849609375,20160.716796875,20241.08984375,19197.255859375,169.2910398264005,19382.904296875,19418.812109375,356.7026520630797,19955.443359375,19457.36416015625,419.6088905034119,20336.84375,19486.630272676073,19702.897437551168,-216.26716487509475,-312.33596428954843,-371.91962505316445,59.583660763616024,45.10476194781498,50.89998765602966,41.35344988561351,0.008335595744282998
2022-10-14,4.5,19185.65625,19889.146484375,19115.408203125,19382.533203125,38452356727.0,-0.010228526229370871,2.0882874973856145e-08,1.4604911069630506e-07,1.9934109610652543e-06,19382.904296875,19157.4453125,19051.41796875,19955.443359375,19701.2109375,19242.001953125,122.83756389854771,19382.904296875,19264.8546875,198.00331151756498,19546.849609375,19431.58642578125,419.6762476901841,20336.84375,19426.43546814086,19655.87551141015,-229.4400432692928,-316.3840032479602,-360.81250069212365,44.42849744416344,43.37899836307102,41.455821678256285,43.19416220402172,0.003930257751977528
2022-10-17,4.5,19550.7578125,19635.802734375,19173.333984375,19268.5625,27472552998.0,0.01456349413146718,1.0267953099036551e-08,1.5375388708042448e-07,1.951620760993667e-06,19185.65625,19382.904296875,19157.4453125,19546.849609375,19772.583984375,19373.106119791668,182.74788901870426,19550.7578125,19265.636328125,199.3976251105011,19550.7578125,19420.4951171875,413.06919558923835,20336.84375,19451.29993701269,19646.319356963773,-195.01941995108427,-286.82511706725563,-346.01502396715006,59.189906899894424,47.39137351603952,58.936753984671036,50.43085443965233,0.006384871192133268
2022-10-18,4.5,19334.416015625,19666.994140625,19144.76953125,19550.466796875,30580012344.0,-0.011127327349329974,1.4797627401227127e-08,1.5702157679915874e-07,1.9450526424909553e-06,19550.7578125,19185.65625,19382.904296875,19051.41796875,19544.12890625,19356.943359375,183.59030107143022,19550.7578125,19322.2359375,159.57851720320897,19550.7578125,19410.00947265625,412.4268592032698,20336.84375,19427.92315273515,19617.964507751156,-190.04135501600467,-277.65581833374017,-332.3431828404681,54.68736450672793,45.34102927149978,48.57838608198641,49.65698724830458,-0.012192006667330557
2022-10-19,4.6,19139.53515625,19348.416015625,19127.6875,19335.02734375,22425387184.0,-0.010130621895941161,1.8499027195659427e-08,1.18053629737976e-07,1.9476396397303102e-06,19334.416015625,19550.7578125,19185.65625,19157.4453125,18890.7890625,19341.569661458332,205.70464078393528,19550.7578125,19318.65390625,164.33250078209522,19550.7578125,19422.44677734375,399.49278105644373,20336.84375,19370.245553438122,19574.47093034196,-204.22537690383615,-282.85377741478806,-322.44530175533214,39.59152434054408,43.51470872335375,39.247560195558414,48.92090008740529,-0.015039989643259366
2022-10-20,4.66,19053.740234375,19315.19921875,18971.458984375,19138.0859375,24493974420.0,-0.004492679159129764,1.2694492399757369e-08,1.0743443949643776e-07,1.9453936583632875e-06,19139.53515625,19334.416015625,19550.7578125,19382.904296875,18547.400390625,19175.897135416668,143.82756582780667,19334.416015625,19252.82109375,195.1935117362504,19550.7578125,19447.76376953125,354.64693297166997,20336.84375,19306.944489625497,19527.131776163144,-220.1872865376463,-290.5468869593169,-316.0656187961291,25.518731836812208,42.69928505228028,35.13973000370319,40.988558760416005,-0.029038526175211965
2022-10-21,4.58,19172.46875,19237.384765625,18770.970703125,19053.203125,32459287866.0,0.0062119106533931046,9.892859534600376e-09,5.086972936440206e-08,1.9328684841509317e-06,19053.740234375,19139.53515625,19334.416015625,19185.65625,19413.55078125,19121.914713541668,61.29416861942971,19172.46875,19250.18359375,196.4132308263786,19550.7578125,19435.70966796875,359.92874193739044,20336.84375,19280.0493417004,19494.889682875586,-214.84034117518604,-283.79195573255856,-309.610886183415,25.818930450856442,44.25605023423848,40.82440889214737,38.40389969713633,-0.05725445965527465
2022-10-24,4.61,19345.572265625,19589.125,19206.32421875,19567.76953125,30202235805.0,-0.011381303255268094,6.880801301059834e-09,5.300435100344137e-08,1.9363520250704674e-06,19172.46875,19053.740234375,19139.53515625,19550.7578125,19297.638671875,19190.59375,146.75786294033833,19345.572265625,19209.146484375,127.12842423141463,19345.572265625,19438.10634765625,359.1196513733997,20336.84375,19293.15392648532,19481.315372216442,-188.1614457311225,-261.45670687845995,-299.980050322424,38.52334344396405,46.53667868320163,49.11254334416859,41.692227413339715,-0.04043231892312238
2022-10-25,4.6,20095.857421875,20348.412109375,19261.447265625,19344.96484375,47761524910.0,0.038050125599863094,1.2092973171275773e-07,7.736645865581714e-08,1.8607282558236554e-06,19345.572265625,19172.46875,19053.740234375,19334.416015625,19222.671875,19537.966145833332,490.8392951803812,20095.857421875,19361.434765625,424.0435629691805,20095.857421875,19481.765625,383.78128157860345,20336.84375,19453.694625563257,19537.18283127631,-83.4882057130526,-181.1262093360383,-276.2092821251469,95.0830727891086,55.10937768616516,85.03592843489677,58.32429355707092,0.007036378995510129
2022-10-26,4.54,20770.44140625,20938.134765625,20076.1171875,20092.236328125,58895950537.0,0.03301719435894768,2.9729827029661624e-07,1.0952385076558559e-07,1.877080279531157e-06,20095.857421875,19345.572265625,19172.46875,19139.53515625,19110.546875,20070.623697916668,712.7696490417859,20770.44140625,19687.616015625,728.5844169705297,20770.44140625,19564.7603515625,469.24310755655364,20770.44140625,19717.043981700608,19649.297247183007,67.746734517601,-62.31212607674752,-233.42985091546703,171.1177248387195,61.14236437434954,93.59536497744253,75.9146122521693,0.06259790305483004
2022-10-27,4.5,20285.8359375,20854.044921875,20255.373046875,20772.802734375,49625110402.0,-0.0236079843216217,4.259927496129846e-07,1.1926510158548368e-07,1.8747228355801343e-06,20770.44140625,20095.857421875,19345.572265625,19053.740234375,19426.720703125,20384.044921875,347.8500272430329,20770.44140625,19934.03515625,666.2952827294671,20770.44140625,19607.71611328125,494.5803054688163,20770.44140625,19830.802372860486,19707.16440084819,123.63797201229681,-7.172045519448147,-188.17828983626327,181.00624431681513,55.38401338914452,75.08705213281455,84.57278184838462,0.0647940206222346
2022-10-28,4.55,20595.3515625,20724.98046875,20086.068359375,20287.95703125,43994715910.0,0.015142492579418132,4.772359339016671e-07,1.2531381362516878e-07,1.8188762929822557e-06,20285.8359375,20770.44140625,20095.857421875,19172.46875,19573.05078125,20550.54296875,245.39044936830902,20770.44140625,20218.61171875,554.1287110354992,20770.44140625,19658.83115234375,541.4187523989963,20770.44140625,19983.712210788388,19787.90868827108,195.803522517308,60.80131013677601,-138.38236984165542,199.18367997843143,58.09836335228168,86.90823944334376,85.19688551786696,0.07505730678305955
2022-10-31,4.66,20495.7734375,20795.3203125,20287.458984375,20633.6953125,45668466815.0,-0.006799218852899358,4.544940149404869e-07,1.2509314570127847e-07,1.818845249209931e-06,20595.3515625,20285.8359375,20770.44140625,19345.572265625,19431.7890625,20458.986979166668,158.00288974416605,20595.3515625,20448.651953125,263.7530559285462,20770.44140625,19712.03037109375,569.4813976974879,20770.44140625,20086.12445613071,19852.26002911007,233.8644270206387,105.42034166074882,-89.62182754117457,195.0421692019234,56.89901284996197,83.10509810708233,81.70012989441356,0.05741498402818923
2022-11-01,4.75,20485.2734375,20647.2890625,20359.845703125,20494.8984375,39819303159.0,-0.0005124320157943174,1.4795702142375608e-07,9.53424088506953e-08,1.79356388044821e-06,20495.7734375,20595.3515625,20285.8359375,20095.857421875,19623.580078125,20525.466145833332,60.74982384496602,20595.3515625,20526.53515625,176.64291893496446,20770.44140625,19755.1150390625,594.4846417955891,20770.44140625,20165.95425240457,19909.806702600064,256.1475498045038,138.3392940893791,-44.02960321506384,182.36889730444295,56.76594286228092,82.70407645668728,84.23913800237112,0.06773900097892138
2022-11-02,4.76,20159.50390625,20742.810546875,20087.134765625,20482.958984375,55552169483.0,-0.01603042401585597,4.753258635758156e-08,6.65081236802707e-08,1.8001444738980572e-06,20485.2734375,20495.7734375,20595.3515625,20770.44140625,20336.84375,20380.18359375,191.18631189630804,20495.7734375,20404.34765625,177.04775990231258,20595.3515625,19746.248046875,586.6217910541895,20770.44140625,20164.664183173656,19932.506448386423,232.1577347872335,136.5666669284583,-7.9103491863594115,144.4770161148177,52.65166743747397,64.0714391287577,76.62687123084244,0.03113670066337737
2022-11-03,4.78,20209.98828125,20382.095703125,20086.240234375,20162.689453125,43228750179.0,0.002501116490787325,1.1621578352330716e-08,6.473031470508932e-08,1.7680674262836216e-06,20159.50390625,20485.2734375,20495.7734375,20285.8359375,20160.716796875,20284.921875,175.33604728383105,20485.2734375,20389.178125,192.33018673838959,20595.3515625,19748.71162109375,588.5542798088904,20770.44140625,20173.729002788925,19957.732069555837,215.99693323308747,137.6487847718563,21.20147760528373,116.44730716657257,53.21754145280064,66.40095242558499,71.05882267034333,0.045285684600838705
2022-11-04,4.76,21147.23046875,21209.560546875,20188.01953125,20208.76953125,64072727950.0,0.04533199824767209,2.2367453387191636e-07,1.2385771793023522e-07,1.0968246352493279e-06,20209.98828125,20159.50390625,20485.2734375,20595.3515625,19955.443359375,20505.57421875,556.2636294087733,21147.23046875,20499.55390625,393.4416751644575,21147.23046875,19808.3009765625,665.8443707559071,21147.23046875,20368.42929598114,20065.868287664398,302.5610083167412,211.69370932412494,59.29992394905197,152.39378537507298,62.24002818776363,97.44401141156438,75.97213432196902,0.1048978094875197
2022-11-07,4.8,20602.81640625,21053.24609375,20489.97265625,20924.62109375,53510852236.0,-0.01558785986522615,2.624439343875446e-07,1.1743233039082563e-07,1.0986124188372085e-06,21147.23046875,20209.98828125,20159.50390625,20495.7734375,19546.849609375,20653.345052083332,470.6597364816202,21147.23046875,20520.9625,396.08793832789684,21147.23046875,19861.09931640625,685.5950336091646,21147.23046875,20415.306718034914,20114.68175299036,300.6249650445534,223.86460865340632,92.21286088992285,131.65174776348346,55.539523032836065,75.11905734455267,79.65467372723403,0.08130037214847197
2022-11-08,4.77,18541.271484375,20664.607421875,17603.544921875,20600.671875,118992465607.0,-0.10542864681146114,7.481757867294209e-06,8.052042960481919e-07,1.3377841121390935e-06,20602.81640625,21147.23046875,20209.98828125,20485.2734375,19051.41796875,20097.106119791668,1374.6136647922983,21147.23046875,20132.162109375,973.3468946075735,21147.23046875,19835.5919921875,725.6256683851067,21147.23046875,20040.499671302932,19971.644455843507,68.85521545942538,66.39532394810522,87.04935350155932,-20.65402955345411,38.59533584203356,26.004506358732154,66.18919170494975,-0.03292206516831586
2022-11-09,4.75,15880.7802734375,18590.458984375,15682.6923828125,18543.76171875,102905151606.0,-0.15488954817014822,5.5980918745322214e-05,4.390409082398769e-06,1.6699474675533459e-06,18541.271484375,20602.81640625,21147.23046875,20159.50390625,19157.4453125,18341.622721354168,2367.340497547557,20602.81640625,19276.4173828125,2133.1679179599373,21147.23046875,19671.758740234374,1138.9733540723057,21147.23046875,19208.555791729847,19599.747711988413,-391.1919202585668,-269.9676062399303,15.645961553261396,-285.6135677931917,27.103346371607785,3.5840893023834384,34.90255100188943,-0.17909999996971204
2022-11-10,4.59,17586.771484375,18054.3125,15834.0185546875,15883.158203125,83202283721.0,0.10203740901128455,9.145317224771828e-05,6.807232774686508e-06,1.9493392384108393e-06,15880.7802734375,18541.271484375,20602.81640625,20209.98828125,19382.904296875,17336.2744140625,1347.8185922242935,18541.271484375,18751.7740234375,2168.4508774624096,21147.23046875,19581.952099609374,1230.112875396062,21147.23046875,18884.198930258877,19416.749873114466,-532.5509428555888,-394.3327956145731,-66.34978988030551,-327.98300573426764,39.535835672441905,34.451321164912954,21.346638942009523,-0.1248558787428885
2022-11-14,4.63,16618.19921875,17109.32421875,15872.94140625,16352.0283203125,49630243054.0,0.01606473240459927,8.470868840098227e-05,6.8473285346261505e-06,1.9557436153421807e-06,17586.771484375,15880.7802734375,18541.271484375,21147.23046875,19185.65625,16695.250325520832,855.6016349564518,17586.771484375,17845.9677734375,1838.4927172131231,20602.81640625,19453.579248046874,1396.378115662218,21147.23046875,18430.998987957104,19162.33617726315,-731.3371893060466,-564.5411128028027,-165.98805446480495,-398.55305833799775,35.80244754349239,16.926527070438745,18.32064584591172,-0.1999111191854861
2022-11-15,4.6,16884.61328125,17051.962890625,16542.55078125,16617.484375,36599436183.0,0.01590431717951546,8.47453818736899e-05,6.858022598566326e-06,1.927548896586347e-06,16618.19921875,17586.771484375,15880.7802734375,20602.81640625,19550.7578125,17029.861328125,500.35567826840435,17586.771484375,17102.3271484375,1009.8518535705813,18541.271484375,19320.272021484376,1509.3095515953576,21147.23046875,18121.721846615685,18955.27045944377,-833.5486128280863,-670.2092866647727,-266.8323009047985,-403.37698575997416,37.549312146474776,21.746871153047973,24.3749064627999,-0.16766490011696122
2022-11-16,4.62,16669.439453125,16960.294921875,16430.111328125,16884.341796875,33925512989.0,-0.012825680370736947,4.9218435640199243e-05,6.868680117335149e-06,1.8533094299152148e-06,16884.61328125,16618.19921875,17586.771484375,18541.271484375,19334.416015625,16724.083984375,141.3634739644035,16884.61328125,16727.9607421875,611.4088216617849,17586.771484375,19187.023193359375,1621.4661879911635,21147.23046875,17831.26536791755,18747.46764068752,-916.2022727699696,-762.5248930832458,-365.970819340488,-396.55407374275785,36.68115028188802,17.85363864346632,18.84234562231769,-0.19062127186618638
2022-11-17,4.68,16687.517578125,16726.439453125,16460.68359375,16670.42578125,27868914022.0,0.0010839194206493374,4.9180413593823125e-06,6.8421164541509115e-06,1.852049169181828e-06,16669.439453125,16884.61328125,16618.19921875,15880.7802734375,19139.53515625,16747.190104166668,119.35473116233726,16884.61328125,16889.308203125,402.81474524787296,17586.771484375,19064.422314453124,1715.2344181346605,21147.23046875,17602.51580995904,18560.199453181835,-957.6836432227938,-824.7200631480518,-457.7206681020008,-366.99939504605106,36.813332426112176,18.180733925339513,19.260414573951277,-0.18580688701443404
2022-11-18,4.74,16697.77734375,16947.05859375,16564.611328125,16687.912109375,26862218609.0,0.000614627845701321,1.833714952614743e-08,6.836936588127599e-06,1.846747420440668e-06,16687.517578125,16669.439453125,16884.61328125,17586.771484375,19053.740234375,16684.911458333332,14.347574942900307,16697.77734375,16711.509375,101.49606019968151,16884.61328125,18946.624169921874,1795.0504952191034,21147.23046875,17421.568116717233,18390.888352324393,-969.3202356071597,-863.2315106629467,-538.82283661419,-324.40867404875667,36.893848059356365,18.36636827232308,18.133580280376314,-0.1848887253228787
2022-11-21,4.75,15787.2841796875,16291.2236328125,15599.046875,16291.2236328125,37429485518.0,-0.031459062587073205,7.937411994774857e-08,7.087883233944528e-06,1.8603001110387864e-06,16697.77734375,16687.517578125,16669.439453125,16618.19921875,19172.46875,16390.859700520832,522.736905823368,16697.77734375,16545.3263671875,432.6104676574559,16884.61328125,18777.36494140625,1927.3566435614664,21147.23046875,17094.71132931129,18154.19706390286,-1059.4857345915698,-956.198834360086,-622.2980361633693,-333.9007981967168,32.88864387962039,3.355081471971393,13.300727889878006,-0.2168813154775595
2022-11-22,4.79,16189.76953125,16253.0478515625,15656.6064453125,15782.30078125,30726828760.0,0.025174715080391152,1.2809092456293838e-07,7.222760999222021e-06,1.8755325489324024e-06,15787.2841796875,16697.77734375,16687.517578125,16884.61328125,19345.572265625,16224.943684895834,456.2645792354006,16697.77734375,16406.3576171875,407.2317377895017,16697.77734375,18619.5748046875,2005.9674775211827,21147.23046875,16913.722969699033,17975.612742752597,-1061.8897730535646,-986.0325347461876,-695.044935879933,-290.98759886625464,36.186569602467884,10.528851559728649,10.750100434674385,-0.19892236917968897
2022-11-23,4.75,16610.70703125,16638.193359375,16170.5029296875,16195.5888671875,32958875628.0,0.025667956985737206,2.0863619510855917e-07,7.0122804767184666e-06,1.8865741418327263e-06,16189.76953125,15787.2841796875,16697.77734375,16669.439453125,20095.857421875,16195.920247395834,411.7458823119614,16610.70703125,16394.6111328125,398.4995245303971,16697.77734375,18445.31728515625,2022.2841515118387,21147.23046875,16853.119782009227,17851.53040534327,-998.4106233340426,-964.5906186983048,-748.9540724436074,-215.63654625469735,39.53324608537681,18.031506835485693,10.638479955728588,-0.21452092481820628
2022-11-25,4.76,16521.841796875,16603.31640625,16388.404296875,16602.26953125,18678255976.0,-0.00498837489510251,2.1299047687825946e-07,6.7330312766246674e-06,1.8681662472566826e-06,16610.70703125,16189.76953125,15787.2841796875,16687.517578125,20770.44140625,16440.772786458332,221.86985614141463,16610.70703125,16361.4759765625,374.20290200552665,16697.77734375,18232.8873046875,1988.043953278154,21147.23046875,16786.864184982383,17730.649622755245,-943.7854377728618,-943.887875605822,-787.9408330760504,-155.9470425297717,39.06742898415515,16.44760133997869,15.002653245064353,-0.19807848251936122
2022-11-28,4.76,16217.322265625,16482.93359375,16054.5302734375,16440.22265625,27743025156.0,-0.013918848240971116,2.5018025938317364e-07,6.639013884418874e-06,1.8733524945491772e-06,16521.841796875,16610.70703125,16189.76953125,16697.77734375,20285.8359375,16449.95703125,206.3091323799712,16610.70703125,16265.3849609375,324.66348495907334,16610.70703125,18029.46162109375,1975.0325860864498,21147.23046875,16672.955801110907,17593.07440847068,-920.118607359771,-941.203377093414,-818.5933418795231,-122.61003521389091,37.43944438195799,11.335768383735296,15.271625519733234,-0.1253392584596168
2022-11-29,4.78,16444.982421875,16522.2578125,16139.396484375,16217.6396484375,23581685468.0,0.01394046411034644,1.163580863091879e-07,6.630009422496777e-06,1.8702111028908296e-06,16217.322265625,16521.841796875,16610.70703125,15787.2841796875,20595.3515625,16394.715494791668,158.3606933464782,16521.841796875,16396.924609375,186.27064264874997,16610.70703125,17821.9431640625,1908.1518414029183,21147.23046875,16627.361125263727,17488.702409689253,-861.3412844255254,-910.2132489615469,-836.9173232959279,-73.29592566561905,39.47021627571733,16.69974209264692,14.827703938786977,0.03552735688819997
2022-11-30,4.74,17168.56640625,17190.9375,16445.4765625,16445.4765625,29523576583.0,0.04305976658394428,3.4244552766551477e-07,7.103697081965317e-06,1.848007029706287e-06,16444.982421875,16217.322265625,16521.841796875,16189.76953125,20495.7734375,16610.290364583332,496.7005040367788,17168.56640625,16592.683984375,353.4459580475723,17168.56640625,17655.5828125,1805.019945540714,21147.23046875,16735.602181460985,17459.59913664932,-723.9969551883369,-817.8386341620899,-833.1015854691603,15.262951307070466,45.52306489506719,52.46751279541761,26.834341090599953,-0.02377952533792549
2022-12-01,4.66,16967.1328125,17197.498046875,16888.388671875,17168.001953125,22895392882.0,-0.011802068595368809,2.316279514316794e-07,7.140799734283095e-06,1.851289702479031e-06,17168.56640625,16444.982421875,16217.322265625,16610.70703125,20485.2734375,16860.227213541668,373.4501987249084,17168.56640625,16663.969140625,391.8467200954533,17168.56640625,17479.67578125,1681.9755265855094,21147.23046875,16781.90830766879,17414.829470817564,-632.9211631487742,-752.2140387732034,-816.924076129969,64.71003735676561,44.1980479935004,55.720485945385235,41.62924694448326,0.02099707610655588
2022-12-02,4.69,17088.66015625,17088.66015625,16877.880859375,16968.68359375,19539705127.0,0.0071369860458059264,2.366705288380796e-07,7.085847842908964e-06,1.8012977917702532e-06,16967.1328125,17168.56640625,16444.982421875,16521.841796875,20159.50390625,17074.786458333332,101.43092621762521,17168.56640625,16777.3328125,421.33154243555873,17168.56640625,17326.13359375,1560.2243789584063,21147.23046875,16843.25867738503,17385.177714947786,-541.919037562755,-682.5320287674003,-790.0456666574553,107.51363789005495,45.23373806139086,93.19104064359176,67.12634646146488,0.012084782257144822
2022-12-05,4.77,16974.826171875,17378.15234375,16922.431640625,17128.89453125,22209086834.0,-0.009128269217153928,2.1567306839135446e-07,7.106378076966566e-06,1.7745522984766622e-06,17088.66015625,16967.1328125,17168.56640625,16217.322265625,20209.98828125,17010.206380208332,68.05176835474761,17088.66015625,16928.83359375,283.1565182870121,17168.56640625,17164.37548828125,1405.5376849706156,21147.23046875,16869.572176283025,17347.873029213897,-478.30085293087177,-629.2404922882961,-757.8846317836235,128.6441394953274,44.402415378647696,77.32983350568996,75.41378669822234,0.018320155252296022
2022-12-06,4.73,17089.50390625,17091.86328125,16939.921875,16975.23828125,19889922369.0,0.006733035250819697,1.8888201952005734e-07,6.580744901450014e-06,1.7223503018730214e-06,16974.826171875,17088.66015625,16967.1328125,16444.982421875,21147.23046875,17050.996744791668,65.96700017848747,17089.50390625,17057.737890625,85.6327323859535,17168.56640625,16961.48916015625,1047.6641237867852,20602.81640625,16913.55852227642,17324.38492712627,-410.8264048498495,-571.1689507971096,-720.5414955863207,149.37254478921113,45.489293417547835,83.77564216567754,84.76550543831978,0.024089042977365693
2022-12-07,4.67,16848.126953125,17109.376953125,16750.55859375,17089.505859375,19675404389.0,-0.014224977832437702,1.0867414069283803e-08,6.570325875790961e-06,1.7195786071618867e-06,17089.50390625,16974.826171875,17088.66015625,17168.56640625,20602.81640625,16970.819010416668,120.73835920031851,17089.50390625,16993.65,100.56012634702188,17089.50390625,16773.7546875,602.7613842927842,18541.271484375,16900.47220844614,17281.08874767161,-380.61653922546975,-538.4173980171545,-684.1166760724875,145.69927805533302,43.55908154269896,70.20832098293779,77.10459888476844,0.009004169014822594
2022-12-08,4.71,17233.474609375,17267.916015625,16788.783203125,16847.349609375,20496603770.0,0.02261420008103876,3.192280252601768e-08,4.1333932024718285e-06,1.7286600064578675e-06,16848.126953125,17089.50390625,16974.826171875,16967.1328125,18541.271484375,17057.03515625,194.71483980286936,17233.474609375,17046.918359375,144.11319120760314,17233.474609375,16708.36484375,453.33934005084546,17586.771484375,16967.072688631913,17276.760189644643,-309.6875010127296,-475.88155476485554,-642.4696518109612,166.58809704610564,47.39660604984591,91.86795066867786,81.95063793909775,0.09160476325296174
2022-12-09,4.72,17133.15234375,17280.546875,17100.8359375,17232.1484375,20328426366.0,-0.00583837050588798,3.072992678836039e-08,6.976267540891508e-07,1.5696152458591264e-06,17233.474609375,16848.126953125,17089.50390625,17088.66015625,15880.7802734375,17071.584635416668,199.91533477099486,17233.474609375,17055.816796875,148.63752808870626,17233.474609375,16770.983447265626,418.13753696279883,17586.771484375,17000.28861965553,17263.704930926946,-263.4163112714159,-429.46600013254283,-599.8689214752775,170.40292134273466,46.50999592996217,86.22903451743437,82.76843538968336,0.058270305249191745
2022-12-12,4.75,17206.4375,17212.564453125,16899.39453125,17102.5,19617581341.0,0.005959927912305929,2.746929110164762e-08,1.0013106607251853e-07,1.5318277974913232e-06,17133.15234375,17233.474609375,16848.126953125,16974.826171875,17586.771484375,17191.021484375,51.90741178809487,17233.474609375,17102.1390625,153.11010126221063,17233.474609375,16751.966748046874,386.5378316132703,17233.474609375,17041.518395724426,17258.498800842677,-216.98040511825093,-382.36022833933384,-556.3671828480888,174.00695450875492,47.285737288993246,90.02554367526007,89.3741762871241,0.035864245129917816
2022-12-13,4.64,17781.318359375,17930.0859375,17111.763671875,17206.44140625,26634741631.0,0.03286478873072873,1.3889838601774823e-07,1.2783189645517104e-07,1.5575378675789764e-06,17206.4375,17133.15234375,17233.474609375,17089.50390625,16618.19921875,17373.636067708332,354.95959873734756,17781.318359375,17240.501953125,338.8119814342929,17781.318359375,16810.122705078124,447.96893050057383,17781.318359375,17189.478388454543,17306.027851618343,-116.54946316379937,-295.23717358437716,-504.1411809953465,208.9040074109693,53.039164760256774,92.06807982426041,89.44088600565163,0.07623100245023662
2022-12-14,4.64,17815.650390625,18318.53125,17739.513671875,17782.06640625,25534481470.0,0.001928930642170812,1.1086562036032285e-07,1.1907643870322305e-07,1.557421892154463e-06,17781.318359375,17206.4375,17133.15234375,16848.126953125,16884.61328125,17601.135416666668,342.24918722823327,17815.650390625,17434.006640625,334.9595121671626,17815.650390625,16856.674560546875,501.3163024370486,17815.650390625,17314.712788888635,17352.35717334622,-37.64438445758424,-220.87510627112715,-447.4879660505026,226.61285977937547,53.366507551341044,77.78795748849284,86.6271936626711,0.09855684550265686
2022-12-15,4.65,17364.865234375,17846.744140625,17322.58984375,17813.64453125,20964448341.0,-0.025628381021023827,1.3107822374207976e-07,1.3667094204150138e-07,1.564232680470126e-06,17815.650390625,17781.318359375,17206.4375,17233.474609375,16669.439453125,17653.944661458332,250.93795740132978,17815.650390625,17460.284765625,320.11960202338935,17815.650390625,16891.445849609376,511.6568849977906,17815.650390625,17324.74327798591,17353.49426980338,-28.750991817472823,-196.05720153828588,-397.2018131480593,201.1446116097734,48.57838927055513,57.87696094226163,75.9109994183383,0.05593698970917593
2022-12-16,4.61,16647.484375,17505.525390625,16584.701171875,17364.546875,24031608960.0,-0.04218980898150093,5.05842351416265e-07,2.1034201593843576e-07,1.5283897980934808e-06,17364.865234375,17815.650390625,17781.318359375,17133.15234375,16687.517578125,17276.0,589.1313371616573,17815.650390625,17363.151171875,478.633580305136,17815.650390625,16889.444189453126,512.5741496892018,17815.650390625,17189.291497388727,17289.311552093983,-100.02005470525546,-231.60566722151998,-364.0825839627514,132.47691674123143,42.10418736819268,23.31603802756434,52.99365215277294,-0.03035093431332192
2022-12-19,4.64,16439.6796875,16807.52734375,16398.13671875,16759.041015625,17221074814.0,-0.01917645189485384,6.047691714439274e-07,2.275275829835749e-07,1.5366831135894855e-06,16647.484375,17364.865234375,17815.650390625,17206.4375,16697.77734375,16817.343098958332,485.4184417750889,17364.865234375,17209.799609375,637.772944643726,17815.650390625,16876.539306640625,520.8360751881141,17815.650390625,17039.369135410983,17212.072291676348,-172.70315626536467,-273.39466050927876,-345.9449992720569,72.55033876277815,40.423573029092466,2.163251773215546,27.78541691434718,-0.031086756426602302
2022-12-20,4.64,16906.3046875,17012.984375,16427.8671875,16441.787109375,22722096615.0,0.027988705082472976,5.159889634235392e-07,2.1779326919855108e-07,1.4132343192832872e-06,16439.6796875,16647.484375,17364.865234375,17781.318359375,15787.2841796875,16664.489583333332,233.77682838401026,16906.3046875,17034.796875,556.6334108924007,17815.650390625,16932.49033203125,453.4042595270768,17815.650390625,17012.756245828787,17184.275236751226,-171.51899092243912,-265.7960693756504,-329.91521329277566,64.11914391712526,45.667975455827545,26.461644234074623,17.313644678284845,-0.010671139052601863
2022-12-21,4.6,16817.53515625,16916.80078125,16755.912109375,16904.52734375,14882945045.0,-0.005264509420177532,5.229062583469958e-07,1.9042811823455165e-07,1.377847128336924e-06,16906.3046875,16439.6796875,16647.484375,17815.650390625,16189.76953125,16721.173177083332,247.7881069142138,16906.3046875,16835.173828125,345.5382228635576,17364.865234375,16963.87861328125,419.76240454495144,17815.650390625,16973.71202791303,17150.935229432933,-177.22320151990425,-263.8950723265043,-316.7111850995214,52.816112773017096,44.85896998078053,21.839180995116156,16.82135900080212,-0.009266134099541468
2022-12-22,4.64,16830.341796875,16866.673828125,16592.408203125,16818.380859375,16441573050.0,0.0007612154110798741,3.503168228724204e-07,1.627860033660667e-07,1.3777970001225338e-06,16817.53515625,16906.3046875,16439.6796875,17364.865234375,16610.70703125,16851.393880208332,47.983331264968086,16906.3046875,16728.269140625,187.01200192925944,16906.3046875,16974.8603515625,412.85265579774267,17815.650390625,16945.037981705424,17121.790371927666,-176.75239022224196,-258.37672356490657,-305.04429279259847,46.6675692276919,45.01031805144114,22.506056494738832,23.602293907976545,-0.015164987280889886
2022-12-23,4.66,16796.953125,16905.21875,16794.458984375,16829.64453125,15329265213.0,-0.0019858084288220113,5.601191858179311e-08,1.6194222061466244e-07,1.377867348496021e-06,16830.341796875,16817.53515625,16906.3046875,16647.484375,16521.841796875,16814.943359375,16.84455137031772,16830.341796875,16758.162890625,182.76835432425366,16906.3046875,16988.61591796875,401.38837019411164,17815.650390625,16915.421010364338,17092.25971311606,-176.83870275172012,-253.77225065550374,-294.78988436517955,41.017633709675806,44.66610392345582,20.76742043159263,21.704219307149216,-0.0030373600737563233
2022-12-27,4.75,16717.173828125,16959.845703125,16642.072265625,16919.291015625,15748580239.0,-0.012048246868378243,3.6922837531953853e-08,1.5999339874214913e-07,1.3763259049388844e-06,16796.953125,16830.341796875,16817.53515625,16439.6796875,16217.322265625,16781.489583333332,58.14712485239456,16830.341796875,16813.66171875,67.94306131830358,16906.3046875,17013.60849609375,364.7229793448091,17815.650390625,16875.77157391647,17058.160996298688,-182.38942238221716,-253.63692660933157,-286.55929281400995,32.92236620467838,43.804104140927734,16.61310236950822,19.962193098613238,-0.02995918077769022
2022-12-28,4.71,16552.572265625,16768.169921875,16497.556640625,16716.400390625,17005713920.0,-0.009895050300251285,3.031828612350586e-09,1.5615974176140652e-07,1.377849517029654e-06,16717.173828125,16796.953125,16830.341796875,16906.3046875,16444.982421875,16688.899739583332,124.6196981602603,16796.953125,16742.915234375,115.13545928861201,16830.341796875,17018.98798828125,356.59753197336676,17815.650390625,16811.13171225818,17012.198384419262,-201.06667216108326,-263.77106316450227,-282.0016468841084,18.23058371960616,42.00300396758353,8.04186558344741,15.140796128182762,-0.03388635473942947
2022-12-29,4.71,16642.341796875,16651.755859375,16508.68359375,16552.322265625,14472237479.0,0.00540864482552017,3.0658058023501898e-09,9.237102527650445e-08,1.37642702950653e-06,16552.572265625,16717.173828125,16796.953125,16817.53515625,17168.56640625,16637.362630208332,82.41366798094288,16717.173828125,16707.8765625,113.39426451381294,16830.341796875,16992.6767578125,364.31025165687555,17815.650390625,16777.373729181545,16978.575058278875,-201.20132909733002,-261.5438734921772,-277.9100922057222,16.36621871354498,43.370559661624036,12.716401455592825,12.457123136182828,-0.03278399163830403
2022-12-30,4.73,16602.5859375,16643.427734375,16408.474609375,16641.330078125,15929162910.0,-0.0023916958787602027,3.1807198801096933e-09,8.835612899734779e-08,1.3573331136691489e-06,16642.341796875,16552.572265625,16717.173828125,16830.341796875,16967.1328125,16599.166666666668,44.98233814706359,16642.341796875,16662.325390625,96.3676199313759,16796.953125,16974.4494140625,374.6289998841628,17815.650390625,16742.416170845238,16944.39422911716,-201.97805827192133,-259.9897749412994,-274.32602875283766,14.336253811538256,42.888240381782836,10.646209173326607,10.468158737455624,-0.06629049646667662
2023-01-03,4.72,16679.857421875,16760.447265625,16622.37109375,16688.84765625,13903079207.0,-0.0005162548994981364,3.0983125746305044e-09,8.68563925934696e-08,1.3404416131655744e-06,16602.5859375,16642.341796875,16552.572265625,16796.953125,17088.66015625,16641.595052083332,38.6411541676578,16679.857421875,16638.90625,64.395918356077,16717.173828125,16954.00927734375,379.19410582654723,17815.650390625,16729.90442105119,16920.34542845878,-190.4410074075895,-249.64522290780224,-269.3898675838306,19.744644676028372,44.187435461437694,14.669938834996877,12.677516487972113,-0.06375254025795662
2023-01-04,4.71,16863.23828125,16964.5859375,16667.763671875,16680.205078125,18421743322.0,0.010934153962034898,2.5544515202884525e-09,8.792743583159006e-08,1.3257759031613621e-06,16679.857421875,16602.5859375,16642.341796875,16717.173828125,16974.826171875,16715.227213541668,133.87747270430256,16863.23828125,16668.119140625,118.86906532982738,16863.23828125,16948.4298828125,379.6923038007928,17815.650390625,16756.571193090953,16915.153869621616,-158.58267653066287,-224.06688455070253,-260.325270977205,36.258386426502454,47.254037898207905,24.219063058738335,16.51173702235395,-0.028887465946582425
2023-01-05,4.78,16836.736328125,16884.021484375,16790.283203125,16863.47265625,13692758566.0,-0.001572817718438202,9.893496569258662e-10,8.666111928852003e-08,1.3004848319991573e-06,16863.23828125,16679.857421875,16602.5859375,16552.572265625,17089.50390625,16793.27734375,99.11431475145169,16863.23828125,16724.951953125,117.73938538610469,16863.23828125,16935.79150390625,378.95546630371376,17815.650390625,16772.604220097764,16908.02500221283,-135.4207821150667,-203.58752301535787,-248.97772138483558,45.3901983694777,46.85337883177767,30.27732722833217,23.055443040689138,0.011368201276656942
2023-01-06,4.71,16951.96875,16991.994140625,16716.421875,16836.47265625,14413662913.0,0.006820792235552986,1.2185602740276453e-09,8.213455466048904e-08,1.3015422511922009e-06,16836.736328125,16863.23828125,16679.857421875,16642.341796875,16848.126953125,16883.981119791668,60.35169240427524,16951.96875,16786.87734375,142.29254162800694,16951.96875,16940.98359375,378.4021209240403,17815.650390625,16808.47712607821,16912.0198883753,-103.54276229708921,-176.03002350886163,-234.3881818096408,58.358158300779166,48.88285578551516,50.01243423524162,34.83627484077072,0.031161742335498177
2023-01-09,4.69,17196.5546875,17389.95703125,17093.9921875,17093.9921875,18624736866.0,0.006148589187306541,1.7077449346857352e-09,6.912241622679589e-08,1.2946755737998952e-06,16951.96875,16836.736328125,16863.23828125,16602.5859375,17233.474609375,16995.086588541668,183.74350039225715,17196.5546875,16905.67109375,189.9349217370081,17196.5546875,16939.13759765625,376.98754502559615,17815.650390625,16886.09263836257,16937.886688295726,-51.7940499331562,-132.92222092104566,-214.09498963192178,81.17276871087611,52.98652455734667,80.50026387718289,53.59667511358557,0.017168151489343586
2023-01-10,4.74,17446.29296875,17484.720703125,17162.990234375,17192.94921875,15808338949.0,0.014418133870886862,6.863804971919506e-09,7.376722459858253e-08,1.2981193385410274e-06,17196.5546875,16951.96875,16836.736328125,16679.857421875,17133.15234375,17198.272135416668,247.16658457688058,17446.29296875,17058.958203125,258.89023050373277,17446.29296875,16954.79462890625,391.68559956063086,17815.650390625,16998.132704440057,16984.105441064297,14.027263375759503,-77.71137627622375,-186.81826696078218,109.10689068455844,56.80005508887487,96.42946584446082,75.64738798562844,0.03738703720005798
2023-01-11,4.73,17934.896484375,17934.896484375,17337.994140625,17446.359375,18372283782.0,0.027621150497731506,4.4741780733764565e-08,9.484649666848865e-08,1.3130027940911472e-06,17446.29296875,17196.5546875,16951.96875,16863.23828125,17206.4375,17525.914713541668,375.5554139352717,17934.896484375,17273.28984375,437.99769681943826,17934.896484375,16991.217578125,446.3700056588297,17934.896484375,17185.485460427048,17070.54099045618,114.94446997086925,5.4075018432376964,-148.3731131999782,153.7806150432159,63.10558575858169,100.0,92.30990990721459,0.06562877336841066
2023-01-12,4.66,18869.587890625,19030.087890625,17995.203125,18117.59375,34971338710.0,0.050803180490186506,5.288495226175789e-07,1.4670050912306494e-07,1.3602532310959307e-06,17934.896484375,17446.29296875,17196.5546875,16836.736328125,17781.318359375,18083.592447916668,723.2046569534577,18869.587890625,17679.86015625,758.0335278035503,18869.587890625,17045.6310546875,590.7389090569702,18869.587890625,17522.30594646664,17234.090708653344,288.21523781329597,145.02978346853342,-89.69253386627588,234.7223173348093,71.6349754776415,93.87781557455824,96.7690938063397,0.12339349584420534
2023-01-13,4.69,19909.57421875,19964.322265625,18753.1640625,18868.90625,29225029694.0,0.053649212803669855,1.673306202814699e-06,2.774559627978376e-07,1.4275490821242306e-06,18869.587890625,17934.896484375,17446.29296875,16951.96875,17815.650390625,18904.686197916668,987.8066395000283,19909.57421875,18271.38125,1117.0018125051158,19909.57421875,17150.32724609375,859.0230538590682,19909.57421875,17999.759600923313,17477.316482298495,522.4431186248185,335.7295712194791,-4.608112849124877,340.337684068604,77.78800467388604,98.46033767001319,97.44605108152382,0.19096531647317683
2023-01-17,4.67,21161.51953125,21438.66015625,20978.533203125,21175.833984375,24999983362.0,-0.00038332437933341623,1.6538776152422167e-06,2.4394465699484396e-07,1.1715590980477098e-06,19909.57421875,18869.587890625,17934.896484375,17196.5546875,17364.865234375,19980.227213541668,1147.5981638097285,21161.51953125,19064.37421875,1503.6813242352337,21161.51953125,17340.1599609375,1242.7346615586853,21161.51953125,18632.111586988653,17812.244032203176,819.8675547854764,581.1825401557544,112.55001775185099,468.6325224039034,82.66342029818026,94.49044926042194,95.60953416833114,0.2784429629222327
2023-01-18,4.63,20688.78125,21564.501953125,20541.544921875,21161.05078125,30005625418.0,-0.022592831153300352,1.8131764857848055e-06,1.8527027827607725e-07,1.1817721627085633e-06,21161.51953125,19909.57421875,18869.587890625,17446.29296875,16647.484375,20586.625,632.1935549603559,21161.51953125,19712.871875,1319.2796633181556,21161.51953125,17542.2248046875,1437.4733020928156,21161.51953125,19043.445519590925,18073.74741563925,969.6981039516759,729.1545185655923,235.87091791459926,493.28360065099304,75.889703658352,83.01559233997226,91.9887930901358,0.24314122991301712
2023-01-19,4.65,21086.79296875,21163.01171875,20685.380859375,20686.74609375,21152848261.0,0.01905533410289806,1.6042197780257784e-06,1.850710189810033e-07,1.1888898797283947e-06,20688.78125,21161.51953125,19909.57421875,17934.896484375,16439.6796875,20979.03125,254.12558246062423,21161.51953125,20343.251171875,961.9729352637008,21161.51953125,17774.58046875,1614.552814610644,21161.51953125,19452.11500942274,18347.660647740227,1104.454361682514,868.5277496580238,362.4022842632842,506.12546539473965,77.55714844436184,90.73494082699025,89.41366080912815,0.27009087910345286
2023-01-20,4.68,22676.552734375,22692.357421875,20919.126953125,21085.373046875,28799154319.0,0.07268455261104734,3.2652279937281437e-06,4.2926429453880155e-07,1.30601074313248e-06,21086.79296875,20688.78125,21161.51953125,18869.587890625,16906.3046875,21484.042317708332,1051.7433871718179,22676.552734375,21104.644140625,1009.4038046627044,22676.552734375,18063.09287109375,1934.9891359235914,22676.552734375,20097.002554413193,18741.19629197975,1355.8062624334416,1094.6439917927419,508.85062576917574,585.7933660235661,82.70284266528544,99.74848850668315,91.16634055788188,0.35951718056268045
2023-01-23,4.7,22934.431640625,23126.486328125,22654.3046875,22721.087890625,26518700512.0,0.009375442198569672,1.5598170624750613e-06,4.332164916235687e-07,1.305923426462093e-06,22676.552734375,21086.79296875,20688.78125,19909.57421875,16817.53515625,22232.592447916668,1000.6336579469599,22934.431640625,21709.615625,1020.485406059495,22934.431640625,18368.9376953125,2193.857242671333,22934.431640625,20664.488371655556,19122.399505492955,1542.0888661626013,1279.8975530317075,663.0600112216821,616.8375418100254,83.36896532672225,97.04718196742627,95.84353710036658,0.3600253556356061
2023-01-24,4.7,22636.46875,23134.01171875,22549.744140625,22929.626953125,26405069715.0,-0.013077079200906283,1.6463429834482371e-06,4.445067078001321e-07,1.217514459018958e-06,22934.431640625,22676.552734375,21086.79296875,21161.51953125,16830.341796875,22749.151041666668,161.70453522952906,22934.431640625,22004.60546875,1035.5088367176859,22934.431640625,18659.24404296875,2357.5876483952525,22934.431640625,21058.884447324446,19441.860345902685,1617.0241014217609,1386.6843854849503,807.7848860743358,578.8994994106146,79.55666518067136,92.30553846460542,96.36706964623829,0.34446892253024197
2023-01-25,4.67,23117.859375,23722.099609375,22406.076171875,22639.267578125,30685366709.0,0.02104318470132327,1.61182041922494e-06,4.742484249615654e-07,1.2016249660179488e-06,22636.46875,22934.431640625,22676.552734375,20688.78125,16796.953125,22896.253255208332,242.95560354605033,23117.859375,22490.42109375,808.8527340225157,23117.859375,18975.28935546875,2513.3286934206785,23117.859375,21470.679432859557,19776.042075820624,1694.6373570389333,1492.9481429855223,944.8175374565732,548.1306055289491,81.06329712668125,91.37499243777438,93.57590428993537,0.3637271113421561
2023-01-26,4.68,23032.77734375,23237.078125,22911.373046875,23108.955078125,26357839322.0,-0.003687148593844114,1.439214727362566e-06,4.6523137007094863e-07,1.1882566227907007e-06,23117.859375,22636.46875,22934.431640625,21086.79296875,16717.173828125,22929.03515625,256.9164544363046,23117.859375,22879.61796875,214.23021053122636,23117.859375,19291.06953125,2609.59143761452,23117.859375,21783.099015037646,20072.108918359656,1710.9900966779896,1552.4023990132046,1066.3345097678996,486.06788924530497,79.94191180964158,90.16051991311734,91.28035027183239,0.33938325218668886
2023-01-27,4.68,23078.728515625,23417.720703125,22654.59375,23030.716796875,25383335641.0,0.0019930464741655385,2.0695229941240532e-08,4.588459989372198e-07,1.184831210785031e-06,23032.77734375,23117.859375,22636.46875,22676.552734375,16552.572265625,23076.455078125,42.58655185785232,23117.859375,22960.053125,193.4158609559287,23117.859375,19617.37734375,2656.737606561653,23117.859375,22042.22491515512,20345.437972656506,1696.786942498613,1584.9577939535448,1170.0591666050286,414.89862734851613,80.10200883407134,90.29329108899688,90.60960114662953,0.3228442602083941
2023-01-30,4.71,22840.138671875,23789.34765625,22657.58203125,23774.6484375,27205595568.0,-0.040096914665952,2.0055269189355112e-07,5.720005498429965e-07,1.2197629374392322e-06,23078.728515625,23032.77734375,23117.859375,22934.431640625,16642.341796875,22983.881510416668,126.58744121502956,23078.728515625,22941.19453125,200.98729057632247,23117.859375,19927.2671875,2652.918544387634,23117.859375,22201.807666499095,20572.22894531273,1629.5787211863644,1573.3691523802663,1250.7211637600763,322.64798862019006,76.67973790513264,85.67525226995059,88.70968775735496,0.2735026762921926
2023-01-31,4.68,23139.283203125,23225.021484375,22765.568359375,22840.796875,22837828665.0,0.013012288539513861,2.0025001013357402e-07,5.844406051842199e-07,1.2221431546290123e-06,22840.138671875,23078.728515625,23032.77734375,22636.46875,16602.5859375,23019.383463541668,158.1557430176376,23139.283203125,23041.757421875,119.79191250387524,23139.283203125,20254.10205078125,2624.266114688758,23139.283203125,22389.302773824278,20805.597514204754,1583.7052596195244,1570.2229809638193,1314.6215272008249,255.60145376299442,77.95166045581774,89.9235958539466,88.6307130709647,0.22627390366173916
2023-02-01,4.66,23723.76953125,23764.5390625,22877.75,23137.8359375,26683255504.0,0.02494573459000371,2.3366380231309698e-07,6.329607582152334e-07,1.1800013293281941e-06,23139.283203125,22840.138671875,23078.728515625,23117.859375,16679.857421875,23234.397135416668,449.4283802755707,23723.76953125,23162.939453125,332.9128999380551,23723.76953125,20606.29765625,2591.800969463191,23723.76953125,22656.196125309423,21070.885879390684,1585.3102459187394,1596.4894428559055,1370.995110331841,225.49433252406448,80.22151597101731,98.86820004840555,91.48901605743426,0.19157593580820786
2023-02-02,4.64,23471.87109375,24167.2109375,23468.595703125,23720.82421875,32066936882.0,-0.010674749877368939,2.5347084630605757e-07,6.325148746796034e-07,1.1702476234776945e-06,23723.76953125,23139.283203125,22840.138671875,23032.77734375,16863.23828125,23444.974609375,293.16997219232195,23723.76953125,23250.758203125,347.5844916653915,23723.76953125,20936.729296875,2509.4403789994403,23723.76953125,22819.33111899754,21289.157262514258,1530.1738564832813,1578.7805055308345,1412.5521893716398,166.22831615919472,76.56322420714372,87.15674504111124,91.98284698115447,0.10917701628600995
2023-02-03,4.79,23449.322265625,23678.103515625,23279.955078125,23469.412109375,27083066007.0,-0.0009611362476711349,2.528573100620149e-07,6.323916101118906e-07,1.1701770357939768e-06,23471.87109375,23723.76953125,23139.283203125,23078.728515625,16836.736328125,23548.320963541668,152.3606325328711,23723.76953125,23324.876953125,341.1837640526358,23723.76953125,21267.35859375,2372.711038177258,23723.76953125,22945.329348323034,21485.535899160688,1459.7934491623455,1545.1154144367683,1439.0648343846656,106.05058005210276,76.22811539884546,80.19981242670393,88.74158583874025,0.13343178519155163
2023-02-06,4.85,22760.109375,23119.279296875,22692.025390625,22954.021484375,23825006542.0,-0.008555376421284677,3.839074843855354e-08,6.345143684681399e-07,9.618736342307133e-07,23449.322265625,23471.87109375,23723.76953125,22840.138671875,16951.96875,23227.100911458332,404.58365482978087,23471.87109375,23308.87109375,370.2484712098117,23723.76953125,21557.765625,2162.8974993168317,23723.76953125,22908.28535365843,21601.40621514608,1306.8791385123513,1446.1515322541018,1440.482173958553,5.669358295548818,66.62877182386973,61.190535575091,76.1823643476354,0.07935376463978216
2023-02-07,4.88,23264.291015625,23310.974609375,22756.2578125,22757.267578125,27187964471.0,0.021910195714932357,6.660682291832578e-08,6.702315035660381e-07,9.567398185742764e-07,22760.109375,23449.322265625,23471.87109375,23139.283203125,17196.5546875,23157.907552083332,356.70952207285154,23449.322265625,23333.87265625,360.0130767814547,23723.76953125,21861.15244140625,1932.2142073492716,23723.76953125,22979.486486051745,21752.57756064416,1226.9089254075843,1392.3549858388615,1430.8567363346147,-38.501750495753186,69.6406483563405,74.06766264822345,71.81933688333947,0.025918325776168594
2023-02-08,4.87,22939.3984375,23367.958984375,22731.09765625,23263.416015625,25371367758.0,-0.014063722484005226,2.999224757337409e-08,6.694053619774914e-07,7.840578265766896e-07,23264.291015625,22760.109375,23449.322265625,23723.76953125,17446.29296875,22987.932942708332,255.5708910124086,23264.291015625,23176.9984375,315.82447474671017,23471.87109375,22135.80771484375,1639.9374666963492,23723.76953125,22971.468876341398,21860.470367631053,1110.998508710345,1308.4220445424326,1406.3697979761782,-97.94775343374567,65.53594312824137,62.19886844347539,65.81902222226329,0.00021656507354661514
2023-02-09,4.88,21819.0390625,22996.4375,21773.974609375,22946.56640625,32572572185.0,-0.050072947921117716,4.249118977752886e-07,8.197320869755722e-07,8.289521719883826e-07,22939.3984375,23264.291015625,22760.109375,23471.87109375,17934.896484375,22674.242838541668,758.2340804443612,23264.291015625,22846.43203125,634.3724125932256,23449.322265625,22330.01484375,1313.8305192568457,23723.76953125,22740.98291357312,21856.70388534641,884.2790282267088,1138.3784276344886,1352.7715239078404,-214.39309627335183,53.76700544058958,1.8829921890875734,46.04984109359548,-0.0361111839716608
2023-02-10,4.89,21651.18359375,21941.185546875,21539.392578125,21819.005859375,27078406594.0,-0.007722817724904019,4.4036003854557253e-07,6.073466915635938e-07,8.167746121409194e-07,21819.0390625,22939.3984375,23264.291015625,23449.322265625,18869.587890625,22136.540364583332,700.3425437120776,22939.3984375,22486.804296875,712.0735719397909,23264.291015625,22469.09462890625,1048.7148894709699,23723.76953125,22523.0230496085,21838.02022247401,685.002827134489,978.790218274884,1277.9752627812493,-299.18504450636533,52.25298533198399,4.2541378564532275,22.778666163005408,-0.06344340786310365
2023-02-13,4.91,21808.1015625,21898.4140625,21460.087890625,21787.0,23918742607.0,0.0009128497942381131,4.213620422183518e-07,4.038021328291114e-07,8.165533188107147e-07,21651.18359375,21819.0390625,22939.3984375,22760.109375,19909.57421875,21759.44140625,93.91337871789439,21819.0390625,22296.402734375,747.1400551983799,23264.291015625,22564.02099609375,876.6503914766322,23723.76953125,22380.0387521868,21835.300344294552,544.7384078922478,855.1200891523986,1193.4042280554793,-338.2841389030807,53.56925039851344,12.855480369713293,6.33087013841804,-0.053170999006002195
2023-02-14,4.99,22220.8046875,22293.140625,21632.39453125,21801.822265625,26792596581.0,0.018747466050136552,3.88635313957207e-07,4.2643551233408247e-07,8.221753755721425e-07,21808.1015625,21651.18359375,21819.0390625,23264.291015625,21161.51953125,21893.36328125,294.22647420749536,22220.8046875,22087.70546875,520.578439008193,22939.3984375,22616.98525390625,817.4570676680931,23723.76953125,22348.191939249442,21870.346193676865,477.84574557257656,781.4047661743571,1111.0043356792548,-329.5995695048978,56.93205077811959,28.100562246446188,15.070060157537577,-0.037173790902048975
2023-02-15,4.96,24307.841796875,24307.841796875,22082.76953125,22220.5859375,32483312909.0,0.089770007863196,4.82056900439529e-06,1.0617884882389223e-06,9.52117504697998e-07,22220.8046875,21808.1015625,21651.18359375,22939.3984375,20688.78125,22778.916015625,1340.0714536078171,24307.841796875,22361.394140625,1108.2762067191875,24307.841796875,22797.93828125,767.1763091895649,24307.841796875,22740.121910774553,22091.936703058513,648.1852077160402,881.2329889061002,1065.050066324624,-183.8170774185237,69.11434945801662,100.0,46.98534753871983,0.06425981672376224
2023-02-16,4.99,23623.474609375,25134.1171875,23602.5234375,24307.349609375,39316664596.0,-0.02855810148156479,3.4493123091838797e-06,1.1089231161840942e-06,9.61488925051681e-07,24307.841796875,22220.8046875,21808.1015625,21819.0390625,21086.79296875,23384.040364583332,1063.9208345368045,24307.841796875,22722.28125,1179.0467708902086,24307.841796875,22924.77236328125,673.3414149058962,24307.841796875,22916.792450494642,22231.167421814556,685.625028680086,894.8100488650853,1031.0020628327163,-136.19201396763106,62.83755351903764,58.88321904754817,62.32792709799813,0.020925082337235557
2023-02-17,5.0,24565.6015625,24924.041015625,23460.755859375,23621.283203125,41358451255.0,0.03910624942609964,4.627505689451618e-06,7.488598934636452e-07,9.506577149655952e-07,23623.474609375,24307.841796875,22220.8046875,21651.18359375,22676.552734375,24165.639322916668,486.8952214298648,24565.6015625,23305.16484375,1236.165271891545,24565.6015625,23019.2248046875,763.1881454793692,24565.6015625,23246.554272895715,22443.388707331414,803.1655655643008,970.4055074997341,1018.8827517661199,-48.47724426638581,67.24737341229033,84.52609984673886,81.13643963142903,0.035484750015848165
2023-02-21,5.07,24436.353515625,25126.8515625,24200.36328125,24833.048828125,31252098714.0,-0.015946381537723653,4.848163488960619e-06,7.633277875199264e-07,9.549218279032544e-07,24565.6015625,23623.474609375,24307.841796875,21808.1015625,22934.431640625,24208.4765625,510.7315618556234,24565.6015625,23830.815234375,970.7298794223116,24565.6015625,23094.3208984375,825.735468006873,24565.6015625,23484.514121441574,22624.567326267195,859.9467951743791,1008.2635809528074,1016.7589176034575,-8.495336650650074,66.08874728124478,81.00821698758654,74.80584529395787,0.041090990063072486
2023-02-22,5.07,24188.84375,24472.33984375,23644.318359375,24437.41796875,30199996781.0,-0.010180396881002807,4.632348611867978e-06,7.574531513626279e-07,9.473977776712092e-07,24436.353515625,24565.6015625,23623.474609375,22220.8046875,22636.46875,24396.932942708332,191.44737787951073,24565.6015625,24224.423046875,364.23924207166004,24565.6015625,23171.9396484375,852.9453760229142,24565.6015625,23625.38004715326,22766.77427387927,858.60577327399,1006.6899126858079,1014.7451166199276,-8.055203934119618,63.82105054459343,74.27147795734736,79.9352649305576,0.031537008873773864
2023-02-23,5.03,23947.4921875,24572.08984375,23693.919921875,24190.71875,30476264066.0,-0.010027916762018307,3.1435097982655546e-07,7.279588055251737e-07,9.486895763324525e-07,24188.84375,24436.353515625,24565.6015625,24307.841796875,23117.859375,24190.896484375,244.4371285689441,24436.353515625,24152.353125,378.95994072164814,24565.6015625,23213.4212890625,870.1767216095261,24565.6015625,23689.80247522261,22874.11226602661,815.6902091960001,974.7316158933099,1006.742416474604,-32.01080058129412,61.601370938071774,67.70235335332515,74.32734943275302,0.05216946864957683
2023-02-24,5.05,23198.126953125,24103.705078125,23007.072265625,23946.0078125,26811744928.0,-0.03179206740644425,3.596451211502658e-07,8.155210551203843e-07,9.631886307497838e-07,23947.4921875,24188.84375,24436.353515625,23623.474609375,23032.77734375,23778.154296875,516.6105242866655,24188.84375,24067.28359375,540.6231413269917,24565.6015625,23221.68876953125,869.1549939561273,24565.6015625,23591.46737080309,22903.568146671918,687.8992241311716,878.8065884174939,981.1552508631821,-102.3486624456882,55.18386118754684,47.30607521225579,63.09330217430945,-0.002844018004054427
2023-02-27,5.03,23522.87109375,23857.890625,23205.87890625,23561.451171875,22660763494.0,-0.0016286524916946377,8.665660981005708e-08,8.154018800910359e-07,9.62135651093098e-07,23198.126953125,23947.4921875,24188.84375,24565.6015625,23078.728515625,23556.163411458332,375.7902971558129,23947.4921875,23858.7375,499.9250768460864,24436.353515625,23243.8958984375,870.9821344955587,24565.6015625,23577.74811539247,22959.868414588105,617.8797008043657,819.5422779559012,948.832656281726,-129.2903783258248,57.26176394561877,56.14498514967017,57.05113790508371,0.025435394822567403
2023-02-28,5.02,23147.353515625,23585.384765625,23077.650390625,23521.837890625,20535363434.0,-0.0160927308751031,8.720960745745608e-08,6.981550468626765e-07,9.66191172472442e-07,23522.87109375,23198.126953125,23947.4921875,24436.353515625,22840.138671875,23289.450520833332,203.7360016900175,23522.87109375,23600.9375,458.209297580541,24188.84375,23259.256640625,866.1824646496718,24565.6015625,23491.66919543898,22976.912514682368,514.7566807566109,733.8147945477504,905.829083934931,-172.0142893871806,54.13603810638381,45.92412005084251,49.791726804256164,0.060878687155748734
2023-03-01,5.06,23646.55078125,23880.6328125,23088.626953125,23150.9296875,24662841200.0,0.021336804939162235,1.3369003631571237e-07,7.222513254958524e-07,9.574981007346059e-07,23147.353515625,23522.87109375,23198.126953125,24188.84375,23139.283203125,23438.925130208332,259.97051967147763,23646.55078125,23492.47890625,330.7013461581321,23947.4921875,23284.62001953125,869.9033910404887,24565.6015625,23522.645512601186,23037.78872073397,484.8567918672161,698.1088296533526,864.2850330786154,-166.17620342526277,57.46038492678081,59.51130799323588,53.86013773124953,0.09215972784397786
2023-03-02,5.04,23475.466796875,23739.138671875,23245.021484375,23647.01953125,20386398516.0,-0.00726135020948071,1.2678591580204625e-07,6.74657851506656e-07,9.337338577868002e-07,23646.55078125,23147.353515625,23522.87109375,23947.4921875,23723.76953125,23423.123697916668,253.68154743393396,23646.55078125,23398.073828125,215.72219014032865,23646.55078125,23272.2048828125,865.0644567258026,24565.6015625,23513.20976945595,23077.57763674679,435.6321327091573,648.5306894052846,821.1341643439492,-172.6034749386646,55.96325474939249,54.854731505930296,53.43005318333624,0.0764562302498677
2023-03-03,5.03,22362.6796875,23479.34765625,22213.23828125,23476.6328125,26062404610.0,-0.048562425729771874,3.913563771722756e-07,8.715968798426383e-07,9.783693654963136e-07,23475.466796875,23646.55078125,23147.353515625,23198.126953125,23471.87109375,23161.565755208332,697.1238371419047,23646.55078125,23230.984375,519.2812581265616,23646.55078125,23216.7453125,886.8705470671629,24565.6015625,23283.10375306476,23012.58691408799,270.51683897676776,513.5274119456262,759.6128138642847,-246.08540191865848,47.32595766180228,24.566810004555837,46.31094983457402,0.006384782279275969
2023-03-06,5.05,22429.7578125,22584.29296875,22331.314453125,22436.81640625,17353192895.0,-0.0002565841781922984,3.907093713291578e-07,8.71516784264321e-07,9.76299830079209e-07,22362.6796875,23475.466796875,23646.55078125,23522.87109375,23449.322265625,22755.968098958332,624.006130531901,23475.466796875,23012.36171875,590.8466211526293,23646.55078125,23165.76708984375,901.9723907601038,24565.6015625,23112.434564951807,22959.602450307266,152.83211464454143,407.25441066588974,689.1411332246057,-281.886722558716,47.848468700550235,22.770600630716356,34.064047380400844,-0.07726247357000837
2023-03-07,5.22,22219.76953125,22527.41796875,22011.26171875,22428.322265625,22765452204.0,-0.009406138966042477,3.492424513925439e-07,8.729439253143421e-07,9.69602088360957e-07,22429.7578125,22362.6796875,23475.466796875,23147.353515625,22760.109375,22337.40234375,107.25193539538714,22429.7578125,22826.844921875,677.180939586793,23646.55078125,23138.75009765625,922.6188276654415,24565.6015625,22933.901558211448,22892.34491221115,41.556646000299224,302.59980989782343,611.8328685592493,-309.23305866142584,46.30008207944939,6.676831975943491,18.004747537071903,-0.059419924517282396
2023-03-08,5.25,21718.080078125,22268.896484375,21708.05078125,22216.44140625,22536575684.0,-0.022837315061131847,3.6508679794852446e-07,8.768243524189725e-07,9.794600405568397e-07,22219.76953125,22429.7578125,22362.6796875,23646.55078125,23264.291015625,22122.535807291668,365.66664765544306,22429.7578125,22441.15078125,641.8601935076231,23475.466796875,23061.43955078125,974.8492161743865,24565.6015625,22690.737262194158,22785.59356365786,-94.85630146370386,177.13622260919146,524.8935393692377,-347.75731676004625,42.74143393190424,0.2927350402988121,9.913389215652897,-0.11591499101417535
2023-03-09,5.18,20363.021484375,21802.716796875,20210.306640625,21720.080078125,30364664171.0,-0.06442451332853238,2.027155955366692e-06,1.2860137840502772e-06,1.0627009998881972e-06,21718.080078125,22219.76953125,22429.7578125,23475.466796875,22939.3984375,21433.623697916668,960.5024214309075,22219.76953125,21818.66171875,860.1288597834828,22429.7578125,22932.620703125,1146.8714654908945,24565.6015625,22225.194106630326,22565.35973826851,-340.165631638185,-31.275948387421522,413.6596418179059,-444.9355902053274,34.93177995014449,3.1061415318414265,3.3585695160279196,-0.16669148400744183
2023-03-10,4.9,20187.244140625,20370.595703125,19628.25390625,20367.001953125,39578257695.0,-0.008669656883114385,9.353849691164152e-07,1.0249914611874443e-06,1.061428712036074e-06,20363.021484375,21718.080078125,22219.76953125,22362.6796875,21819.0390625,20756.115234375,837.7091912485845,21718.080078125,21383.574609375,1046.225408540224,22429.7578125,22851.03095703125,1280.5192136708026,24565.6015625,21817.60411342926,22349.167411210008,-531.5632977807472,-208.22754056838676,289.28220534064735,-497.5097459090341,34.062326144193165,10.16605086097947,4.521642477706579,-0.1654316200779543
2023-03-13,4.3,24197.533203125,24550.837890625,21918.19921875,22156.40625,49466362688.0,0.0877836343684848,6.291735181836092e-06,1.9452852934486464e-06,1.2238334489720508e-06,20187.244140625,20363.021484375,21718.080078125,22429.7578125,21651.18359375,21582.599609375,2266.3037513616423,24197.533203125,21737.1296875,1626.1310009036285,24197.533203125,22978.3484375,1281.5307348292138,24565.6015625,22293.58993136841,22517.20066502046,-223.61073365205084,-24.582765461524104,226.50921118021307,-251.09197664173718,59.08400257201508,92.42376475756585,35.23198571679559,0.01044121921691299
2023-03-14,4.45,24746.07421875,26514.716796875,24081.18359375,24201.765625,54622230164.0,0.022416164797506966,6.713980313004378e-06,2.015881462060349e-06,1.2302668565262338e-06,24197.533203125,20187.244140625,20363.021484375,22219.76953125,21808.1015625,23043.6171875,2488.850045430899,24746.07421875,22242.390625,2128.4719299856124,24746.07421875,23125.2470703125,1308.432006252469,24746.07421875,22784.08678884473,22719.825533541327,64.26125530340141,163.33687172859936,213.87474328989035,-50.537871561290984,61.250069263115236,74.31711161135028,58.96897574329855,0.0667272521075879
2023-03-15,4.19,24375.9609375,25240.615234375,23964.91015625,24770.92578125,43655701450.0,-0.015069419825618269,6.412258854216592e-06,1.9982604393312044e-06,1.232558810875368e-06,24746.07421875,24197.533203125,20187.244140625,21718.080078125,22220.8046875,24439.856119791668,279.7968141276363,24746.07421875,22773.966796875,2290.5198985840148,24746.07421875,23233.0048828125,1318.7299754605071,24746.07421875,23102.461618575784,22870.38329753757,232.0783210382142,279.1812616584284,226.93604696359796,52.24521469483045,58.98123490940921,68.94260677296859,78.56116104729493,0.03626639963931377
2023-03-16,4.49,25052.7890625,25190.326171875,24225.111328125,24373.45703125,33866061747.0,0.027387721969649448,3.4304882095370967e-06,1.0986604561362072e-06,1.2469769704969339e-06,24375.9609375,24746.07421875,24197.533203125,20363.021484375,24307.841796875,24724.94140625,338.9085784117278,25052.7890625,23711.9203125,1997.9686718210419,25052.7890625,23270.25224609375,1360.543988781205,25052.7890625,23492.527107360627,23068.783821625064,423.7432857355634,420.75297016004697,265.6994316028878,155.0535385571592,61.77010162803328,78.77099234259695,74.01023690897195,0.08231764143528486
2023-03-17,4.26,27423.9296875,27787.8125,24955.169921875,25055.123046875,50730261335.0,0.09043081735478786,1.2059448545944307e-05,2.005844589910029e-06,1.4358191576549716e-06,25052.7890625,24375.9609375,24746.07421875,20187.244140625,23623.474609375,25617.559895833332,1600.5477018453237,27423.9296875,25159.257421875,1308.5548514437537,27423.9296875,23460.275,1647.5918035607035,27423.9296875,24278.807623388504,23464.70617306824,814.1014503202641,716.0268888418286,355.764923050676,360.26196579115265,69.57460111672931,95.54041057099921,81.08466989552159,0.15974333598138069
2023-03-20,4.34,27767.236328125,28527.724609375,27242.880859375,28041.6015625,44774027664.0,-0.009728058677074714,3.804081244536754e-06,1.8078019254995182e-06,1.4371626526578397e-06,27423.9296875,25052.7890625,24375.9609375,24197.533203125,24565.6015625,26747.985026041668,1478.0838536701704,27767.236328125,25873.198046875,1595.0977728132866,27767.236328125,23620.35673828125,1897.2592709876228,27767.236328125,24976.493364335805,23855.8452780734,1120.6480862624048,966.5932877581326,477.9305959921673,488.66269176596535,70.51319811496867,91.45467964760017,88.58869418706546,0.18281934789136156
2023-03-21,4.68,28175.81640625,28439.5625,27439.646484375,27768.392578125,36102192830.0,0.014607259457310562,3.5818701170248404e-06,1.80230489628484e-06,1.4391734834104997e-06,27767.236328125,27423.9296875,25052.7890625,24746.07421875,24436.353515625,27788.994140625,376.4152776680752,28175.81640625,26559.146484375,1721.6536026300291,28175.81640625,23807.3298828125,2149.4117309768603,28175.81640625,25616.357972718644,24248.569926089454,1367.78804662919,1184.4839679246616,619.2412703786662,565.2426975459954,71.63472464281402,96.04574007978441,94.3469434327946,0.25994812786230415
2023-03-22,4.56,27307.4375,28803.3359375,26759.99609375,28158.720703125,33382021890.0,-0.03130493478602503,4.174524147745235e-06,1.9218759859124643e-06,1.4279710761226699e-06,28175.81640625,27767.236328125,27423.9296875,24375.9609375,24188.84375,27750.163411458332,434.4411290011585,28175.81640625,27145.441796875,1217.7123895320758,28175.81640625,23963.2595703125,2287.245690760174,28175.81640625,25954.573878174917,24526.64879644496,1427.925081729958,1272.4252551015707,749.8780673232471,522.5471877783235,65.89791652239262,83.69607560559106,90.39883177765857,0.2174646613786304
2023-03-23,4.38,28333.97265625,28729.84375,27183.36328125,27301.95703125,24220433689.0,0.036902430921442075,4.689414704418668e-06,2.1006992930311627e-06,1.4344708705450301e-06,27307.4375,28175.81640625,27767.236328125,25052.7890625,23947.4921875,27939.075520833332,552.7009063457272,28333.97265625,27801.678515625,450.40838033399024,28333.97265625,24182.58359375,2487.221953486589,28333.97265625,26430.453633789934,24872.769147336327,1557.684486453607,1408.7133956378784,881.6451329861734,527.068262651705,69.05302422372748,94.88436964758064,91.54206177765205,0.27516951138493817
2023-03-24,4.32,27493.28515625,28388.4375,27039.265625,28324.111328125,25980310960.0,-0.03011973318555583,5.06088204697701e-07,2.0857196259649363e-06,1.442863648782246e-06,28333.97265625,27307.4375,28175.81640625,27423.9296875,23198.126953125,27711.565104166668,546.971853481845,28333.97265625,27815.549609375,436.72677014582985,28333.97265625,24397.34150390625,2581.394549987346,28333.97265625,26643.01993828195,25110.997875419387,1532.0220628625611,1432.3747490992246,991.7910562087837,440.58369289044083,63.843529418327115,85.72164502957015,88.10069676091395,0.26591692531523226
2023-03-27,4.51,27139.888671875,28037.92578125,26606.689453125,27994.068359375,18188895178.0,-0.030997440056031778,7.825879281557812e-07,2.226396762656645e-06,1.4604917225298658e-06,27493.28515625,28333.97265625,27307.4375,27767.236328125,23522.87109375,27655.715494791668,613.3896409253045,28333.97265625,27690.080078125,533.4771785198027,28333.97265625,24578.1923828125,2642.8760678836884,28333.97265625,26742.39368500056,25295.442493278988,1446.9511917215714,1406.398315033628,1074.7125079737527,331.6858070598753,61.73510792115561,81.86994666685968,87.49198711467017,0.33280263406391053
2023-03-28,4.55,27268.130859375,27460.71875,26677.818359375,27132.888671875,17783600385.0,0.004714100093913487,7.164101273838079e-07,2.1912106683361124e-06,1.4599115358696744e-06,27139.888671875,27493.28515625,28333.97265625,28175.81640625,23147.353515625,27300.434895833332,178.89922266729934,27493.28515625,27508.54296875,478.4648242943314,28333.97265625,24784.23125,2685.7373107197764,28333.97265625,26847.54111987545,25474.777799287716,1372.7633205877319,1380.2492227881157,1135.8198509366255,244.42937185149026,62.22266475040749,83.26766918381605,83.61975362674865,0.35076044404200557
2023-03-29,4.59,28348.44140625,28619.54296875,27259.662109375,27267.03125,20684945906.0,0.03885339931269094,9.069280112198356e-07,2.3500590108115905e-06,1.4966127005428178e-06,27268.130859375,27139.888671875,27493.28515625,27307.4375,23646.55078125,27585.486979166668,663.8419299941997,28348.44140625,27716.74375,583.9440258997973,28348.44140625,25019.32578125,2784.8689051458923,28348.44140625,27147.72117715036,25736.019945375196,1411.701231775165,1430.2113255055847,1194.6981458504174,235.51317965516728,66.13695592877252,95.04206578534507,86.72656054534029,0.1715426183437958
2023-03-30,4.63,28033.5625,29159.90234375,27720.16015625,28350.140625,22435349951.0,-0.01116959874133272,4.969147246835302e-07,2.3611145295227606e-06,1.4933795253220857e-06,28348.44140625,27268.130859375,27139.888671875,28333.97265625,23475.466796875,27883.378255208332,555.5935564423487,28348.44140625,27656.66171875,516.0706944745106,28348.44140625,25247.23056640625,2837.8801592701516,28348.44140625,27324.88944172029,25944.887450341088,1380.001991379202,1427.9381732841648,1241.346151337167,186.59202194699787,64.05368588020588,84.4464786210081,87.58540453005644,0.13284888149082996
2023-03-31,4.64,28478.484375,28639.896484375,27583.71484375,28032.26171875,19001327598.0,0.015746414888454296,3.2841155976459076e-07,2.0479724347691257e-06,1.499292557167779e-06,28033.5625,28348.44140625,27268.130859375,27493.28515625,22362.6796875,28286.829427083332,228.77039951923283,28478.484375,27853.7015625,616.4196873494517,28478.484375,25553.02080078125,2840.199457626868,28478.484375,27555.608428376232,26175.2144434919,1380.393984884333,1445.376757175829,1282.1522725048994,163.22448467092954,65.6978587330315,86.88317625597969,88.79057355411096,0.168302018862718
2023-04-03,4.6,27790.220703125,28475.623046875,27276.720703125,28183.080078125,19556501327.0,-0.014613274150395483,1.7944825794958483e-07,2.0786372146791574e-06,1.45453634615596e-06,28478.484375,28033.5625,28348.44140625,27139.888671875,22429.7578125,28100.755859375,349.0170929395478,28478.484375,27983.76796875,482.13264521255036,28478.484375,25821.0439453125,2782.2888136811157,28478.484375,27602.530883325988,26322.033194367636,1280.4976889583522,1387.6637108197137,1303.2545601678623,84.4091506518514,61.04620328805855,73.6345774701899,81.6547441157259,0.10926654249137058
2023-04-04,4.5,28168.08984375,28433.7421875,27681.3046875,27795.2734375,15284538859.0,0.013505585874638015,2.0761597242435416e-07,2.0922009450653333e-06,1.4530754604786425e-06,27790.220703125,28478.484375,28033.5625,27268.130859375,22219.76953125,28145.598307291668,344.68264014175696,28478.484375,28163.759765625,269.10053739079507,28478.484375,26118.4599609375,2693.5772646187806,28478.484375,27715.642675410792,26489.856526129668,1225.7861492811244,1356.7765123760946,1313.958950609509,42.81756176658564,62.611392604960535,79.90163115601796,80.13979496072919,0.02713543116285022
2023-04-05,4.43,28177.984375,28739.23828125,27843.763671875,28169.7265625,17052315986.0,0.000351205704706814,2.3640999453921326e-08,2.017460201303961e-06,1.1974597371295286e-06,28168.08984375,27790.220703125,28478.484375,28348.44140625,21718.080078125,28045.431640625,221.0745177583147,28177.984375,28129.668359375,249.97215251077264,28478.484375,26441.45517578125,2519.853699301361,28478.484375,27808.111015328635,26643.32269420879,1164.788321119846,1317.904607115408,1314.7480819106888,3.1565252047191734,62.653708452788656,76.64731378287951,76.72784080302914,0.014792543342131648
2023-04-06,4.51,28044.140625,28178.384765625,27738.759765625,28175.2265625,13837809380.0,-0.004761257346579839,1.777908251381642e-08,1.473749489491312e-06,7.303480123252253e-07,28177.984375,28168.08984375,27790.220703125,28033.5625,20363.021484375,28130.071614583332,74.58268341530659,28177.984375,28131.783984375,248.99828609796006,28478.484375,26825.5111328125,2094.0373444297766,28478.484375,27855.31693726291,26770.66977882617,1084.6471584367391,1261.7535604625627,1304.1491776210637,-42.395617158500954,61.63746886609996,56.29969898527055,70.94954797472268,-0.004673361699673473
2023-04-07,4.61,27925.859375,28111.59375,27794.03125,28038.966796875,10861680497.0,-0.0042266008962954515,7.624981606714671e-09,1.4668017333794133e-06,5.634999273572313e-07,28044.140625,28177.984375,28168.08984375,28478.484375,20187.244140625,28049.328125,126.14252464424041,28177.984375,28021.258984375,165.17073869227357,28177.984375,27212.44189453125,1404.2177988343026,28478.484375,27869.425424810328,26875.687014841973,993.738409968355,1193.9460759287067,1282.1085572825923,-88.1624813538856,60.70045978451194,51.667055525169346,61.53802276443982,0.022646646174691476
2023-04-10,4.65,29652.98046875,29771.46484375,28189.271484375,28336.02734375,19282400094.0,0.04553364675738969,2.1093277405848956e-07,8.63939075582353e-07,5.910821870821637e-07,27925.859375,28044.140625,28177.984375,27790.220703125,24197.533203125,28540.993489583332,964.8232454199751,29652.98046875,28393.8109375,711.3872043343108,29652.98046875,27485.2142578125,1314.7580080726132,29652.98046875,28226.136433598265,27128.16823792452,1097.968195673744,1264.9903724371834,1278.6849203135107,-13.694547876327306,68.28254840084715,96.25615216324717,68.07430222456236,0.04655216649293448
2023-04-11,4.67,30235.05859375,30509.083984375,29609.30078125,29653.6796875,20121259843.0,0.01943948956433239,2.48375410631626e-07,8.523973870076599e-07,5.930049715719485e-07,29652.98046875,27925.859375,28044.140625,28168.08984375,24746.07421875,29271.299479166668,1200.9831561375343,30235.05859375,28807.2046875,1061.7271276968313,30235.05859375,27759.6634765625,1285.4549065945698,30235.05859375,28627.920865628614,27410.612815726836,1217.3080499017778,1352.6695962265912,1293.4818554961269,59.187740730464384,70.35817621244898,92.97801930505409,80.30040899782354,0.09972520278744201
2023-04-12,4.64,30139.052734375,30462.48046875,29725.57421875,30231.58203125,18651929926.0,-0.0031803678161335114,2.5037117920208785e-07,8.324829975029888e-07,5.906296411391119e-07,30235.05859375,29652.98046875,27925.859375,28177.984375,24375.9609375,30009.030598958332,312.0625781390589,30235.05859375,29199.418359375,1131.1278852348282,30235.05859375,28047.81806640625,1122.658523216172,30235.05859375,28930.147239377893,27658.652808331215,1271.494431046678,1398.29051957326,1314.4435883115536,83.84693126170646,69.54973615067382,90.51784110917475,93.25067085915867,0.11050760372528812
2023-04-13,4.66,30399.06640625,30539.845703125,29878.623046875,29892.740234375,17487721001.0,0.00859013376828166,2.607074652659483e-07,7.719207682829837e-07,5.917463042646762e-07,30139.052734375,30235.05859375,29652.98046875,28044.140625,25052.7890625,30257.725911458332,131.48054175326945,30399.06640625,29670.403515625,1014.0457184975002,30399.06640625,28315.13193359375,1001.9958237336086,30399.06640625,29223.931072752315,27907.781317232922,1316.1497555193928,1438.8403049138324,1339.3229316320094,99.51737328182298,70.53713222935062,96.42070418954243,93.30552153459043,0.11482032131287645
2023-04-14,4.77,30485.69921875,31005.607421875,30044.498046875,30409.5625,22659995079.0,0.002845797962017116,2.5871677474135185e-07,2.2100200956569063e-07,5.918650947874585e-07,30399.06640625,30139.052734375,30235.05859375,27925.859375,27423.9296875,30341.272786458332,180.4051638646744,30485.69921875,30182.371484375,325.5271481103807,30485.69921875,28468.22041015625,1088.8022450486321,30485.69921875,29476.284701951852,28142.13749009811,1334.1472118537422,1461.1239188711006,1363.6831290798277,97.44078979127289,70.87599383562383,87.98674806889343,91.6417644558702,0.07539242746618147
2023-04-17,4.8,29445.044921875,30319.197265625,29275.37109375,30317.146484375,17872186762.0,-0.029128723276819812,6.952503064540164e-08,2.5786173169211447e-07,5.8969465919539e-07,30485.69921875,30399.06640625,30139.052734375,29652.98046875,27767.236328125,30109.936848958332,577.4402714359655,30485.69921875,30140.784375,411.89193687187776,30485.69921875,28552.11083984375,1096.5585305425307,30485.69921875,29470.036745936482,28260.583620259644,1209.4531256768387,1378.9164483590357,1366.7297929356694,12.186655423366346,61.69653877052096,58.339955076426385,80.91580244495408,0.05034973424711886
2023-04-18,4.81,30397.552734375,30470.302734375,29154.849609375,29449.091796875,19480529496.0,0.03183646099781612,1.527319046279595e-07,3.0009611272904975e-07,5.955420792570193e-07,29445.044921875,30485.69921875,30399.06640625,30235.05859375,28175.81640625,30109.432291666668,577.0618541639354,30485.69921875,30173.283203125,427.31176076372583,30485.69921875,28663.19765625,1166.72335324095,30485.69921875,29655.53994362419,28454.853539724674,1200.6864038995154,1374.7782676346687,1368.3394878754693,6.438779759199406,66.03287789561915,83.69339877120663,76.67336730550882,0.06738660436085797
2023-04-19,4.84,28822.6796875,30411.0546875,28669.8984375,30394.1875,24571565421.0,-0.05319953662867327,9.116897991820921e-07,4.100095445901478e-07,6.295267147841074e-07,30397.552734375,29445.044921875,30485.69921875,30139.052734375,27307.4375,29555.092447916668,793.1829057250543,30397.552734375,29910.00859375,742.7603744256882,30485.69921875,28738.959765625,1122.4075451231004,30485.69921875,29488.967892399352,28488.29228043152,1000.6756119678321,1230.2382161183123,1340.719233524038,-110.48101740572565,54.95505212551236,41.458995699747014,61.16411651579335,0.0371518814263645
2023-04-20,4.77,28245.98828125,29076.400390625,28037.2578125,28823.68359375,21340360360.0,-0.02021112661928015,1.0440023547942894e-06,3.512398166710379e-07,6.356286948920858e-07,28822.6796875,30397.552734375,29445.044921875,30399.06640625,28333.97265625,29155.406901041668,1113.7046053426186,30397.552734375,29479.39296875,975.8853504949443,30485.69921875,28734.560546875,1124.2493287984323,30485.69921875,29240.371970169483,28466.26464414229,774.1073260271914,1056.9709044189658,1283.9695677030236,-226.99866328405778,51.544982000610254,25.99348414772757,50.38195953956042,0.002765485268334089
2023-04-21,4.78,27276.91015625,28349.96875,27177.365234375,28249.23046875,20759504330.0,-0.03491087727171305,1.5974393966692328e-06,3.6994791701561756e-07,6.520782195926843e-07,28245.98828125,28822.6796875,30397.552734375,30485.69921875,27493.28515625,28115.192708333332,781.141134723007,28822.6796875,28837.63515625,1181.99214150174,30397.552734375,28723.741796875,1137.782554187553,30485.69921875,28847.679607385588,28358.141508879355,489.5380985062329,831.8695316696867,1193.5495604963562,-361.6800288266695,46.34115840881455,2.6002775425242084,23.350919129999607,-0.03197795153685479
2023-04-24,4.76,27525.33984375,27979.982421875,27070.849609375,27591.73046875,17703288330.0,-0.0023965485595702773,1.1997931044961158e-06,3.141362020084316e-07,6.490359465402591e-07,27276.91015625,28245.98828125,28822.6796875,29445.044921875,27139.888671875,27682.74609375,503.3494300611273,28245.98828125,28453.694140625,1245.445757221541,30397.552734375,28743.01435546875,1112.526322835698,30485.69921875,28583.211654658473,28282.432266594868,300.77938806360544,665.8458154795735,1088.0088114929997,-422.1629960134262,47.79617480146522,11.550653331983186,13.381471674078332,-0.018499435878149728
2023-04-25,4.6,28307.59765625,28371.078125,27207.931640625,27514.873046875,17733373139.0,0.02802320777395373,1.1018672799747473e-06,3.583607731191717e-07,6.319283939547363e-07,27525.33984375,27276.91015625,28245.98828125,30397.552734375,27268.130859375,27703.282552083332,537.8911472138208,28307.59765625,28035.703125,627.239197049153,28822.6796875,28794.9876953125,1063.1844761168827,30485.69921875,28528.08885497678,28284.720029290787,243.36882568599322,590.5846004818522,988.5239692907703,-397.93936880891806,52.1921655052801,31.43136390621246,15.194098260239961,0.013669705777854757
2023-04-26,4.64,28422.701171875,29995.837890625,27324.548828125,28300.05859375,31854242019.0,0.004057925868579559,2.371240758704268e-07,2.7455129421225234e-07,6.299771809697104e-07,28307.59765625,27525.33984375,27276.91015625,28822.6796875,28348.44140625,28085.212890625,488.26793493973923,28422.701171875,27955.707421875,517.7245544273272,28422.701171875,28798.70068359375,1061.6715052585423,30485.69921875,28507.011318356424,28297.263769525714,209.74754883071,534.0709990892574,897.6333752504678,-363.5623761612104,52.821700796976074,34.35666505840377,25.779560765533148,-0.041489228989023186
2023-04-27,4.78,29473.787109375,29871.546875,28402.88671875,28428.46484375,27153445027.0,0.036313132862295205,4.4754048908322255e-07,3.406713802264154e-07,6.502617501388848e-07,28422.701171875,28307.59765625,27525.33984375,28245.98828125,28033.5625,28734.6953125,642.6544312330171,29473.787109375,28201.2671875,864.7195824137846,29473.787109375,28870.7119140625,1055.870162783918,30485.69921875,28700.366476560142,28404.22043678474,296.14603977540173,567.554993022819,831.6176988049381,-264.0627057821191,58.2306515869643,61.06951468185184,42.285847882156034,-0.025178435888077444
2023-04-28,4.8,29340.26171875,29572.791015625,28929.609375,29481.013671875,17544464887.0,-0.004540602889752776,1.8434504179616342e-07,3.275318500959848e-07,6.492508000678479e-07,29473.787109375,28422.701171875,28307.59765625,27276.91015625,28478.484375,29078.916666666668,572.2074267161169,29473.787109375,28613.9375,803.4843669514257,29473.787109375,28913.80078125,1056.6051839353606,30485.69921875,28828.345524998116,28489.315098781582,339.03042621653367,576.669430122929,780.6280450685363,-203.95861494560722,57.33141549545248,57.67603033064694,51.03407002363419,-0.0265035209522011
2023-05-01,4.86,28091.568359375,29329.935546875,27680.79296875,29227.103515625,18655599976.0,-0.04105285621101551,5.856426519593411e-07,4.171783423958793e-07,6.759487743567157e-07,29340.26171875,29473.787109375,28422.701171875,27525.33984375,27790.220703125,28968.5390625,762.4076784045682,29473.787109375,28727.183203125,633.6501848899486,29473.787109375,28928.8681640625,1041.7841281285112,30485.69921875,28680.990091873493,28453.156304290074,227.8337875834186,477.6277731985356,720.0279906945361,-242.40021749600055,49.615059981607715,25.94108198368308,48.228875665393964,-0.07590687214001357
2023-05-02,4.74,28680.537109375,28881.298828125,27924.123046875,28087.17578125,16432924527.0,0.02074927029112139,4.820793392126698e-07,4.3335890773293175e-07,6.797060317457457e-07,28091.568359375,29340.26171875,29473.787109375,28307.59765625,28168.08984375,28704.122395833332,624.6806990294986,29340.26171875,28801.77109375,592.527907996866,29473.787109375,28954.49052734375,1028.3027347822276,30485.69921875,28680.899495373797,28473.827286570522,207.0722088032744,441.57124400479734,664.3366413565884,-222.76539735179108,52.83925536117927,40.90944288581929,41.50885173338311,-0.05921340679844889
2023-05-03,4.7,29006.30859375,29259.533203125,28178.388671875,28680.494140625,19122972518.0,0.011294600825028311,5.13428975831611e-07,4.417891953819687e-07,6.733917799587054e-07,28680.537109375,28091.568359375,29340.26171875,28422.701171875,28177.984375,28592.8046875,463.63795949246077,29006.30859375,28918.492578125,555.513128936433,29473.787109375,28995.90673828125,1011.932518804376,30485.69921875,28745.981315049037,28522.234678132292,223.74663691674505,434.27714445551464,618.3247419763737,-184.04759752085909,54.57090562164696,49.188770353956826,38.679765074486404,-0.014900175200583843
2023-05-04,4.59,28847.7109375,29353.185546875,28694.0390625,29031.3046875,15548678514.0,-0.005482697825375027,2.105184129200181e-07,4.422805515650794e-07,6.733256967434246e-07,29006.30859375,28680.537109375,28091.568359375,29473.787109375,28044.140625,28844.852213541668,162.90455559977636,29006.30859375,28793.27734375,461.6933764140606,29340.26171875,29036.08525390625,987.819449417005,30485.69921875,28766.32723953923,28551.823428983902,214.50381055532853,410.9617019231082,576.8521339657207,-165.89043204261247,53.54021570551744,52.26903454140142,47.455749260392516,-0.05098574251743515
2023-05-05,4.73,29534.384765625,29668.908203125,28845.509765625,28851.48046875,17936566518.0,0.023524523635352068,3.1965463852620257e-07,4.786131408430852e-07,6.81851633858772e-07,28847.7109375,29006.30859375,28680.537109375,29340.26171875,27925.859375,29129.468098958332,359.5225088231852,29534.384765625,28832.101953125,523.2481839664914,29534.384765625,29116.5115234375,957.6916115231842,30485.69921875,28919.938744756386,28641.147186860366,278.7915578960201,442.788692474096,550.0394456673957,-107.25075319329972,57.300558792192845,72.46857261048422,57.97545916861416,0.024692536774561402
2023-05-08,4.79,27694.2734375,28663.271484375,27310.134765625,28450.45703125,19122903752.0,-0.027097480312589184,1.407505558753549e-07,3.9045844557302964e-07,6.761524087837133e-07,29534.384765625,28847.7109375,29006.30859375,28091.568359375,29652.98046875,28692.123046875,929.8699472267756,29534.384765625,28752.64296875,672.6532770685973,29534.384765625,29018.576171875,999.1951185815967,30485.69921875,28674.80568330511,28555.067755100332,119.73792820477684,315.8888361895515,503.2093237718269,-187.3204875822754,46.450765896014694,18.664238079506017,47.80061507713055,-0.019532502748938474
2023-05-09,4.81,27658.775390625,27821.400390625,27375.6015625,27695.068359375,14128593256.0,-0.0012826051136460848,8.374653860948279e-08,3.6730182463336694e-07,6.761182729208164e-07,27694.2734375,29534.384765625,28847.7109375,28680.537109375,30235.05859375,28295.811197916668,1072.783011518398,29534.384765625,28548.290625,835.5233907768156,29534.384765625,28889.76201171875,1000.1787666467807,30485.69921875,28471.59962476909,28473.58663105712,-1.9870062880290789,210.03424605989858,444.57430822944127,-234.5400621695427,46.26875580980761,20.100107238677506,37.07763930955591,0.013999578111581146
2023-05-10,4.7,27621.755859375,28322.6875,26883.669921875,27654.63671875,20656025026.0,-0.0013393336115541388,6.982018991175796e-08,3.6679770448797506e-07,6.653891876248538e-07,27658.775390625,27694.2734375,29534.384765625,29006.30859375,30139.052734375,27658.268229166668,36.26144914402985,27694.2734375,28271.380078125,874.3120586354721,29534.384765625,28763.89716796875,993.0566013071032,30485.69921875,28301.63087169027,28396.147469995107,-94.5165983048355,121.75306046190963,380.01005867593494,-258.2569982140253,46.066036758036624,23.716134376784673,20.826826564989403,0.003502809272194707
2023-05-11,4.7,27000.7890625,27621.94140625,26781.826171875,27621.0859375,16724343943.0,-0.022737627872803756,1.3077123220704907e-07,3.94131243167486e-07,6.44944088133857e-07,27621.755859375,27658.775390625,27694.2734375,28847.7109375,30399.06640625,27427.106770833332,369.66566347527936,27658.775390625,27901.995703125,956.2565673695959,29534.384765625,28593.98330078125,989.2693785417864,30485.69921875,28041.46250985222,28269.29670567737,-227.83419582515126,1.66357728870571,304.3407623984891,-302.6771851097834,42.68749304614674,6.812759559886095,16.876333725116094,-0.04616458837726456
2023-05-12,4.75,26804.990234375,27055.646484375,25878.4296875,26987.662109375,19313599897.0,-0.0072780171559241325,6.840124507809793e-08,3.969532703213159e-07,6.39898312060526e-07,27000.7890625,27621.755859375,27658.775390625,29534.384765625,30485.69921875,27142.51171875,426.427608178122,27621.755859375,27356.116796875,420.27209525622527,27694.2734375,28409.9478515625,960.7823103311158,30397.552734375,27794.168054756778,28136.17793555897,-342.00988080219395,-108.06186250982864,221.86023741682558,-329.92209992665425,41.65022165014133,22.503490088055052,17.677461341575277,-0.05691615753610235
2023-05-15,4.73,27192.693359375,27646.34765625,26766.09765625,26931.384765625,14413231792.0,0.00968368817972376,1.780527082562625e-08,3.5082739444685784e-07,6.289132418708635e-07,26804.990234375,27000.7890625,27621.755859375,27694.2734375,29445.044921875,26999.490885416668,193.85482256493654,27192.693359375,27255.80078125,377.01303942151196,27658.775390625,28297.3302734375,965.0628145573279,30397.552734375,27673.873115680424,28050.406610451337,-376.5334947709125,-161.8697285911876,145.11424421522295,-306.9839728064105,44.52473942943588,31.91968362227262,20.411977756737926,-0.07739398203342629
2023-05-16,4.88,27036.650390625,27299.3046875,26878.947265625,27171.513671875,12732238816.0,-0.005754943306691018,1.952482271575674e-08,2.951583713526094e-07,6.289989615741352e-07,27192.693359375,26804.990234375,27000.7890625,27658.775390625,30397.552734375,27011.444661458332,195.0767153480799,27192.693359375,27131.37578125,306.9143945632652,27621.755859375,28129.28515625,867.821672139813,29534.384765625,27546.42857066934,27958.246954103488,-411.8183834341471,-214.63009150574362,73.16537707102964,-287.79546857677326,43.59388672267534,29.005427307535037,27.809533672620905,-0.07851365983735814
2023-05-17,4.92,27398.802734375,27465.927734375,26600.14453125,27035.470703125,15140006925.0,0.013305949198469946,3.0548798441627924e-08,1.6861508909685127e-07,6.318012051193245e-07,27036.650390625,27192.693359375,26804.990234375,27621.755859375,28822.6796875,27209.382161458332,181.65204955442775,27398.802734375,27086.78515625,222.42342356805054,27398.802734375,28058.09130859375,866.3478076291885,29534.384765625,27516.903403410473,27907.388388673626,-390.48498526315234,-224.63098555269607,13.606104546284493,-238.23709009898056,46.39491410816434,40.1103195970578,33.67847684228849,-0.024660980694899637
2023-05-18,5.02,26832.208984375,27466.52734375,26415.1015625,27401.650390625,15222938600.0,-0.020896322938492418,2.5189963614839022e-08,1.6977367405605093e-07,6.386988457031978e-07,27398.802734375,27036.650390625,27192.693359375,27000.7890625,28245.98828125,27089.220703125,286.9317823145662,27398.802734375,27053.069140625,249.80921120180616,27398.802734375,27987.40234375,906.93687929202,29534.384765625,27379.96451960338,27809.644806464657,-429.6802868612758,-275.10490840369675,-44.13609804371176,-230.96881035998499,42.81287186259671,25.16250370351286,31.42608353603524,-0.0644453804317292
2023-05-19,5.02,26890.12890625,27128.619140625,26700.2109375,26826.75390625,11258983301.0,0.002156270430170082,2.221574079984834e-08,1.2343278164946504e-07,6.364549345131766e-07,26832.208984375,27398.802734375,27036.650390625,26804.990234375,27276.91015625,27040.380208333332,311.7510380387779,27398.802734375,27070.096875,230.8545134751159,27398.802734375,27968.06328125,926.790881390867,29534.384765625,27281.997396932707,27726.052451899686,-444.0550549669788,-306.8945133550078,-96.68778110597097,-210.20673224903683,43.29484599903297,26.690540906104676,30.65445473555845,-0.07295584271471112
2023-05-22,5.07,26851.27734375,27045.734375,26549.734375,26749.892578125,11056770492.0,0.0036358955711435215,1.7672682412242717e-08,1.2369558595336036e-07,6.351043334577423e-07,26890.12890625,26832.208984375,27398.802734375,27192.693359375,27525.33984375,26857.871744791668,29.51768845136862,26890.12890625,27001.813671875,235.96309864978872,27398.802734375,27934.36015625,955.5481808928903,29534.384765625,27195.853386296167,27646.527442067894,-450.6740557717276,-331.4027955720776,-143.63078399919232,-187.77201157288528,43.032852336986466,25.66556312718185,25.83953591226647,-0.06920596223649678
2023-05-23,5.06,27225.7265625,27434.68359375,26816.1796875,26855.9609375,13697203143.0,0.013848962643425722,2.7117368287553983e-08,1.0370236276165683e-07,6.376976547471723e-07,26851.27734375,26890.12890625,26832.208984375,27036.650390625,28307.59765625,26989.044270833332,205.89133388464563,27225.7265625,27039.62890625,257.14186821589135,27398.802734375,27880.2666015625,963.8930733381675,29534.384765625,27201.828021536934,27608.27281665263,-406.44479511569443,-316.957178200013,-178.29606283935647,-138.66111536065654,46.39946267054892,35.54424248669956,29.300115506662035,-0.07816848806723886
2023-05-24,5.12,26334.818359375,27224.603515625,26106.576171875,27224.603515625,16299104428.0,-0.033270400187896954,1.22953858056699e-07,1.417907690619414e-07,6.55406387536773e-07,27225.7265625,26851.27734375,26890.12890625,27398.802734375,28422.701171875,26803.940755208332,447.33647409988043,27225.7265625,26826.83203125,318.52287189685325,27225.7265625,27775.8724609375,1013.8233925416932,29534.384765625,27028.42608910455,27492.50422962739,-464.07814052284084,-373.0969394461172,-217.25623816070862,-155.84070128540856,40.29747990238553,12.040397274214532,24.41673429603199,-0.04908794885675538
2023-05-25,5.24,26476.20703125,26591.51953125,25890.59375,26329.4609375,13851122697.0,0.005354526205138654,7.238827751481817e-08,9.737677354605445e-08,6.558663767176778e-07,26334.818359375,27225.7265625,26851.27734375,26832.208984375,29473.787109375,26678.917317708332,478.79844587890545,27225.7265625,26755.631640625,354.7494822265445,27225.7265625,27625.99345703125,970.2376625163223,29534.384765625,26917.98227753364,27400.113575229443,-482.13129769580337,-401.5503974871244,-254.1150700259918,-147.43532746113263,41.609872552210824,21.46539686458289,23.016678875165667,-0.042755629729573474
2023-05-26,5.25,26719.291015625,26916.669921875,26343.94921875,26474.181640625,12711619225.0,0.009139332662057242,8.112600795066156e-08,9.934980040655705e-08,6.55282951639184e-07,26476.20703125,26334.818359375,27225.7265625,26890.12890625,29340.26171875,26510.10546875,194.4649940217381,26719.291015625,26721.4640625,346.6925115106161,27225.7265625,27494.944921875,901.0456085869088,29534.384765625,26878.244025151915,27338.220615265403,-459.9765901134888,-399.87560491968543,-283.2671770047305,-116.60842791495492,43.89342655607497,34.40149904911064,22.63576439596936,-0.032672247497390616
2023-05-30,5.22,27702.349609375,28044.759765625,27588.501953125,27745.123046875,13251081851.0,-0.0015702994220330169,7.990543690110935e-08,5.338617064550042e-08,6.552828234911872e-07,26719.291015625,26476.20703125,26334.818359375,26851.27734375,28091.568359375,26965.94921875,649.2199991910151,27702.349609375,26891.678515625,565.9511811910803,27702.349609375,27475.483984375,891.6354932245032,29534.384765625,27043.065141996532,27371.32325109355,-328.25810909701613,-315.58582998884594,-289.7309076015536,-25.854922387292333,52.05900006634646,74.62060313553769,43.495833016410415,0.02598296461822147
2023-05-31,5.18,27219.658203125,27831.677734375,26866.453125,27700.529296875,15656371534.0,-0.017577792723265873,9.370486490299443e-08,5.0614562546715834e-08,6.595388437136077e-07,27702.349609375,26719.291015625,26476.20703125,27225.7265625,28680.537109375,27213.766276041668,491.5557809549027,27702.349609375,26890.46484375,565.061538852365,27702.349609375,27402.4400390625,846.4118892844658,29534.384765625,27078.383754222228,27357.535519460045,-279.151765237817,-284.45571018560804,-288.6758681183645,4.220157932756479,48.33898006055235,61.91247258062626,56.97819158842487,0.015469804880519078
2023-06-01,5.11,26819.97265625,27346.10546875,26671.720703125,27218.412109375,14678970415.0,-0.014792581991187603,1.651037249629605e-08,5.2688349085622276e-08,6.624822436999688e-07,27219.658203125,27702.349609375,26719.291015625,26334.818359375,29006.30859375,27247.326822916668,441.8386993492165,27702.349609375,26987.495703125,481.2300295351991,27702.349609375,27293.1232421875,765.7029556614398,29534.384765625,27026.701534627784,27308.66616825913,-281.96463363134535,-288.7081019971956,-288.68231489413074,-0.02578710306488574,45.443285584941776,43.462581176222386,59.99855229746212,-0.013706648995712722
2023-06-02,5.22,27249.58984375,27303.861328125,26574.64453125,26824.556640625,14837415000.0,0.01589161106579695,3.002151033110494e-08,5.791896572406843e-08,6.632094572302082e-07,26819.97265625,27219.658203125,27702.349609375,26476.20703125,28847.7109375,27096.406901041668,239.86640979504918,27249.58984375,27142.172265625,391.7851461368742,27702.349609375,27213.2171875,672.6683711244266,29534.384765625,27071.27919645223,27303.295593303752,-232.0163968515226,-254.4781706302383,-281.84148604135225,27.363315411113945,48.98109379579241,63.08687835072484,56.153977369191175,0.007875955417866232
2023-06-05,5.17,25760.09765625,27129.982421875,25445.16796875,27123.109375,21513292646.0,-0.05141034569889236,4.6945301388947923e-07,1.1912480605303882e-07,6.941850567875618e-07,27249.58984375,26819.97265625,27219.658203125,26719.291015625,29534.384765625,26609.88671875,766.647780931707,27249.58984375,26950.33359375,735.0635511773195,27702.349609375,27024.50283203125,492.5041971434421,27702.349609375,26809.042888411786,27163.004871753412,-353.96198334162546,-343.5797018027879,-294.1891291936394,-49.39057260914848,39.43352238915228,12.114582292442249,39.554680606463165,-0.05980936809582027
2023-06-06,5.2,27238.783203125,27313.8203125,25434.8671875,25732.109375,21929670693.0,0.0558151185623359,1.7101806049104474e-06,2.1547914928231317e-07,7.031180197341015e-07,25760.09765625,27249.58984375,26819.97265625,27702.349609375,27694.2734375,26749.490234375,856.8561437646412,27249.58984375,26857.6203125,639.5252191800239,27249.58984375,27001.7283203125,469.91584608757057,27702.349609375,26894.99095135443,27169.89381096901,-274.90285961457994,-291.51533414678124,-293.6543701842678,2.1390360374865622,49.87856496517942,69.11840091598597,48.106620519717694,0.015152469145822467
2023-06-07,5.16,26345.998046875,27332.181640625,26146.98828125,27235.650390625,19530045082.0,-0.03332542412080919,2.1551994484032773e-06,2.700301549069976e-07,6.737861658381286e-07,27238.783203125,25760.09765625,27249.58984375,27219.658203125,27658.775390625,26448.29296875,744.6314020476842,27238.783203125,26682.88828125,635.2164037909314,27249.58984375,26936.089453125,464.9674163378886,27702.349609375,26785.192370458546,27094.99419605137,-309.8018255928255,-318.62137953997444,-298.6477720554092,-19.973607484565264,44.84945758189647,34.91066517494659,38.71454946112494,-0.020235338449736018
2023-06-08,5.12,26508.216796875,26797.513671875,26246.6640625,26347.654296875,11904824295.0,0.006138366063705547,2.0501416379974383e-06,2.7189815538134553e-07,6.744024754952541e-07,26345.998046875,27238.783203125,25760.09765625,26819.97265625,27621.755859375,26697.666015625,475.5886759259618,27238.783203125,26620.537109375,633.6953481354489,27249.58984375,26880.4125,444.7729991085111,27702.349609375,26729.79725574184,27041.650796126247,-311.8535403844071,-323.2867697535585,-303.57557159503904,-19.711198158519437,45.91649719709369,41.12619877045346,48.38508828712869,-0.012776321308038296
2023-06-09,5.17,26480.375,26770.2890625,26339.314453125,26505.923828125,11015551640.0,-0.0010508601377399174,1.908663184447068e-06,2.456627502005148e-07,6.660629484355383e-07,26508.216796875,26345.998046875,27238.783203125,27249.58984375,27000.7890625,26444.86328125,86.74411991317461,26508.216796875,26466.694140625,527.2283556735043,27238.783203125,26854.391796875,452.5155035883261,27702.349609375,26679.912804593474,26990.625723751135,-310.7129191576605,-325.4788083353851,-307.9562189431083,-17.522589392276814,45.75287957318867,40.05941935170045,38.69876109903351,-0.02737673724846068
2023-06-12,5.18,25902.5,26087.919921875,25675.197265625,25934.28515625,11677889997.0,-0.0014531650030544796,7.282256402491477e-07,2.431484790711111e-07,6.60183641439461e-07,26480.375,26508.216796875,26345.998046875,25760.09765625,26804.990234375,26297.030598958332,341.95699517528374,26508.216796875,26495.174609375,481.36776667848324,27238.783203125,26809.26728515625,500.1877745402719,27702.349609375,26524.430243674782,26891.70520341012,-367.2749597353395,-369.5853478700301,-320.2820447284927,-49.30330314153741,42.37753329109269,17.917703449540323,33.03444052389809,-0.01641622712089441
2023-06-13,5.26,25918.728515625,26376.3515625,25728.365234375,25902.94140625,14143474486.0,0.000626326955973866,5.307233761548327e-08,2.3856562780929516e-07,5.771294082336807e-07,25902.5,26480.375,26508.216796875,27238.783203125,27192.693359375,26100.534505208332,329.05157998817884,26480.375,26231.163671875,299.03477636002503,26508.216796875,26745.56904296875,529.0738089332328,27702.349609375,26403.289898064828,26803.25277724784,-399.96287918301095,-398.635372209199,-335.95271022463396,-62.682661984565016,42.505811658475096,18.539511249639855,25.505544683626884,-0.021055830050241142
2023-06-14,5.27,25124.67578125,26041.80078125,24902.15234375,25920.2578125,14265717766.0,-0.03111535403261989,4.0759820466933865e-08,2.8642201968501964e-07,5.905814917698953e-07,25918.728515625,25902.5,26480.375,26345.998046875,27036.650390625,25648.634765625,453.8343355900852,25918.728515625,25986.89921875,563.5800947972272,26508.216796875,26649.9703125,635.7029710349383,27702.349609375,26147.567074701863,26650.654868520764,-503.08779381890054,-480.19574761357217,-364.8013177024216,-115.39442991115055,38.0431562782282,7.080853814290109,14.512689504490105,-0.05968029740918257
2023-06-15,5.21,25576.39453125,25735.30859375,24797.16796875,25121.673828125,15837384409.0,0.017819375410116578,6.649215892218425e-08,2.93989723112243e-07,5.928356326189237e-07,25124.67578125,25918.728515625,25902.5,26508.216796875,27398.802734375,25539.932942708332,398.28007961926136,25918.728515625,25800.534765625,498.3908173464532,26480.375,26558.84990234375,653.0899615376898,27702.349609375,26033.332566011493,26552.994837859784,-519.6622718482904,-502.58946626242323,-392.35894741442195,-110.23051884800128,41.78741117243418,23.993981117017597,16.538115393649196,-0.07674277121264605
2023-06-16,5.24,26327.462890625,26463.173828125,25245.357421875,25575.283203125,16324646965.0,0.028942773265370647,1.8077522534778701e-07,3.1613583784923604e-07,5.9893186956648e-07,25576.39453125,25124.67578125,25918.728515625,26480.375,26832.208984375,25676.177734375,607.570344354681,26327.462890625,25769.95234375,448.43274558826624,26327.462890625,26533.61259765625,651.7215982090119,27702.349609375,26092.158630934195,26532.49193356571,-440.33330263151583,-454.4926021623796,-404.7856783640135,-49.70692379836612,47.47157435978531,47.120913513438744,26.065249481582157,-0.03277760895607318
2023-06-20,5.24,28327.48828125,28388.96875,26668.791015625,26841.6640625,22211859147.0,0.05352849528514092,9.956334227128703e-07,4.974369428404437e-07,6.438841703557538e-07,26327.462890625,25576.39453125,25124.67578125,25902.5,26890.12890625,26743.781901041668,1422.0127791789298,28327.48828125,26254.95,1240.1285484628188,28327.48828125,26605.48056640625,762.8777159759425,28327.48828125,26539.224560997358,26695.673419718827,-156.44885872146915,-252.08428599810213,-374.24539989083127,122.16111389272913,58.962835518689694,98.2883107250563,56.46773511850423,0.056208693585252156
2023-06-21,5.25,30027.296875,30737.330078125,28283.41015625,28311.310546875,33346760979.0,0.058274213206820136,2.812036037901877e-06,7.646196174259042e-07,6.994696993200278e-07,28327.48828125,26327.462890625,25576.39453125,25918.728515625,26851.27734375,28227.416015625,1851.9459284073928,30027.296875,27076.663671875,2055.0647515884657,30027.296875,26764.28154296875,1080.9771790760824,30027.296875,27236.83902379789,26998.548279289844,238.29074450804546,44.96775022460133,-290.4027698677448,335.3705200923461,65.80882898595124,88.04690528555783,77.81870984135097,0.10193573727815575
2023-06-22,5.29,29912.28125,30495.998046875,29679.158203125,29995.935546875,20653160491.0,-0.0038377235796946962,2.2088654158217564e-06,7.492149300190536e-07,6.730770094511603e-07,30027.296875,28327.48828125,26327.462890625,25124.67578125,27225.7265625,29422.35546875,949.9251376802479,30027.296875,28034.184765625,2033.433158000855,30027.296875,26898.60927734375,1288.3652109094808,30027.296875,27771.927469038314,27263.43309480895,508.49437422936535,268.0133384307119,-178.71954820805345,446.7328866387653,65.01844663959665,86.11066814451284,90.81529471837565,0.16118664025105445
2023-06-23,5.25,30695.46875,31389.5390625,29845.21484375,29896.3828125,24115570085.0,0.025845905768154154,2.4221361904746555e-06,7.117058242989761e-07,6.812845305542322e-07,29912.28125,30027.296875,28327.48828125,25576.39453125,26334.818359375,30211.682291666668,422.8996943114878,30695.46875,29057.999609375,1756.4251386066026,30695.46875,27116.641796875,1533.5773706119394,30695.46875,28356.63572523065,27575.436336189952,781.1993890406993,502.1863680687675,-42.538364952689264,544.7247330214567,67.85001727206071,89.47161343574811,87.8763956219396,0.12690308231090253
2023-06-26,5.27,30271.130859375,30636.029296875,29955.744140625,30480.5234375,16493186997.0,-0.006884835938176792,1.9551442638375566e-06,7.132868152033787e-07,6.718273218437372e-07,30695.46875,29912.28125,30027.296875,26327.462890625,26476.20703125,30292.960286458332,392.0498156539987,30695.46875,29846.733203125,900.7594459472078,30695.46875,27306.38798828125,1678.124010453578,30695.46875,28739.534752059524,27820.49947466132,919.0352773982049,646.082028298657,95.18571369758,550.8963146010769,64.78997873704935,83.0348111897808,86.20569759001391,0.1489840242725431
2023-06-27,5.33,30688.1640625,31006.787109375,30236.650390625,30274.3203125,16428827944.0,0.013682563415242655,7.441603295644591e-07,7.22070555969024e-07,6.730288478251183e-07,30271.130859375,30695.46875,29912.28125,28327.48828125,26719.291015625,30551.587890625,242.91037317953933,30695.46875,30318.868359375,364.2845891202367,30695.46875,27504.831640625,1832.6000021898872,30695.46875,29129.26061414762,28081.196255373925,1048.0643587736959,784.7256412260758,233.0936992032792,551.6319420227967,66.39409567161991,89.36080827329413,87.28907763294102,0.1576849660486317
2023-06-28,5.32,30086.24609375,30703.279296875,29921.822265625,30696.560546875,14571500779.0,-0.019808917913037405,6.861735232851967e-08,7.555846408407374e-07,6.794672730012295e-07,30688.1640625,30271.130859375,30695.46875,30027.296875,27702.349609375,30348.513671875,308.3299937226695,30688.1640625,30330.658203125,353.2765323962303,30695.46875,27624.02646484375,1921.4930009447557,30695.46875,29320.6577100681,28263.473513408113,1057.184196659986,836.3905639187724,353.75307214637786,482.6374917723945,62.00336919336249,80.23028512479209,84.20863486262233,0.13617145126343555
2023-06-29,5.41,30445.3515625,30796.25,30057.203125,30086.1875,13180860821.0,0.01186519753773041,8.246092234039821e-08,7.410350438919218e-07,6.805819903188494e-07,30086.24609375,30688.1640625,30271.130859375,29912.28125,27219.658203125,30406.587239583332,302.8255518026914,30688.1640625,30437.272265625,264.8111277554315,30695.46875,27785.3111328125,2018.6848041818291,30695.46875,29545.59648055448,28461.826063325556,1083.7704172289232,895.9838534054288,462.1992283981881,433.7846250072407,63.55200727066998,85.67757356840619,85.08955565549748,0.17538274539137144
2023-06-30,5.4,30477.251953125,31256.86328125,29600.275390625,30441.353515625,26387306197.0,0.0010472432791654995,2.36474498443753e-08,7.224111528287425e-07,6.727023409794659e-07,30445.3515625,30086.24609375,30688.1640625,30695.46875,26819.97265625,30336.283203125,217.12513852417743,30477.251953125,30393.62890625,226.8859682272822,30688.1640625,27968.17509765625,2090.9902067155112,30695.46875,29731.927575068585,28645.046598761866,1086.8809763067184,935.0078708775327,556.760956894057,378.2469139834757,63.69356939265324,86.16147215620329,84.02311028313386,0.17587758731111802
2023-07-03,5.43,31156.439453125,31375.61328125,30586.513671875,30624.515625,15271884873.0,0.01734242631795979,4.179940604675797e-08,7.265151109997132e-07,6.743925128654864e-07,30477.251953125,30445.3515625,30086.24609375,30271.130859375,27249.58984375,30693.014322916668,401.6547612218067,31156.439453125,30570.690625,392.4375326137117,31156.439453125,28163.517578125,2199.976698282471,31156.439453125,30016.82995067987,28873.355040067607,1143.4749106122617,1009.107082619179,647.2301820390815,361.8769005800975,66.66240456698465,96.46410060871735,89.43438211110895,0.24007329385624843
2023-07-05,5.4,30514.166015625,30877.330078125,30225.61328125,30778.724609375,12481622280.0,-0.008595533521292609,3.304511777512999e-08,5.240334328812644e-07,6.35017541510228e-07,31156.439453125,30477.251953125,30445.3515625,30688.1640625,25760.09765625,30715.952473958332,381.9191617532122,31156.439453125,30535.891015625,387.0945707767738,31156.439453125,28401.22099609375,2183.3956466248464,31156.439453125,30116.297163668896,29022.519674209187,1093.7774894597096,1004.4267368883447,718.6694930089342,285.75724387941057,61.537809808497386,86.72142337823016,89.78233204771693,0.1930597167768069
2023-07-06,5.44,29909.337890625,31460.052734375,29892.2265625,30507.150390625,21129219509.0,-0.020020299639947226,3.3660138318757605e-08,3.459507507980075e-07,6.404666191210964e-07,30514.166015625,31156.439453125,30477.251953125,30086.24609375,27238.783203125,30526.647786458332,623.6444682269042,31156.439453125,30500.509375,442.57705179779947,31156.439453125,28534.74873046875,2190.213595356549,31156.439453125,30074.90530906012,29103.13951206517,971.7657969949505,941.0649433740036,763.1485830819481,177.91636029205551,57.087252526075865,76.72607439122447,86.63719945939067,0.1360508992028806
2023-07-07,5.41,30342.265625,30434.64453125,29777.28515625,29907.998046875,13384770155.0,0.014370909980298663,3.8657467421108935e-08,2.9481939667437594e-07,6.437630856075108e-07,29909.337890625,30514.166015625,31156.439453125,30445.3515625,26345.998046875,30255.256510416668,311.6603996554035,30514.166015625,30479.8921875,448.154868640394,31156.439453125,28734.562109375,2162.1341347174107,31156.439453125,30128.3773722481,29215.787340513787,912.5900317343112,915.2336715009551,793.5656007657495,121.66807073520556,59.353283996643974,82.01380674082725,81.82043483676063,0.07112446129166994
2023-07-10,5.38,30414.470703125,31026.083984375,29985.39453125,30172.423828125,14828209155.0,0.008029538805166325,4.380246247979114e-08,2.9627603020809413e-07,6.391659383235435e-07,30342.265625,29909.337890625,30514.166015625,30477.251953125,26508.216796875,30222.024739583332,273.19076203370906,30414.470703125,30467.3359375,449.1257752162294,31156.439453125,28929.8748046875,2126.576130872715,31156.439453125,30185.596038423482,29324.758555296623,860.8374831268593,890.3254314337428,812.9175668993482,77.40786453439455,59.735177632038315,78.17731335447098,78.97239816217423,0.012894062017528851
2023-07-11,5.44,30620.951171875,30788.314453125,30358.09765625,30417.6328125,12151839152.0,0.006765948365584862,2.505700300835769e-08,2.987126673598714e-07,5.174641044871203e-07,30414.470703125,30342.265625,29909.337890625,31156.439453125,26480.375,30459.229166666668,144.63367019263967,30620.951171875,30360.23828125,273.0569047691579,30620.951171875,29136.90361328125,2076.5186731933786,31156.439453125,30272.667065113787,29442.594247712837,830.0728174009491,877.1356461938049,825.7611827582396,51.3744634355653,60.86745029378454,73.58526992371688,77.92546333967171,0.02369160399208936
2023-07-12,5.35,30391.646484375,30959.96484375,30228.8359375,30622.24609375,14805659717.0,-0.0075166695389672356,2.3968447345332365e-08,3.016926523012103e-07,5.066010599432194e-07,30620.951171875,30414.470703125,30342.265625,30514.166015625,25902.5,30475.689453125,126.31690877004833,30620.951171875,30335.734375,261.0224193793651,30620.951171875,29361.3609375,1947.0903708562328,31156.439453125,30296.46294896603,29528.871723773034,767.5912251929949,838.5138092258312,828.3117080517579,10.202101174073277,58.88700284238739,42.55192678895113,64.771503355713,-0.009897951652065862
2023-07-13,5.27,31476.048828125,31814.515625,30268.3515625,30387.48828125,23686079548.0,0.03505911799946482,1.0270956868313648e-07,3.729581916444335e-07,5.023372798106374e-07,30391.646484375,30620.951171875,30414.470703125,29909.337890625,25918.728515625,30829.548828125,571.5040222321702,31476.048828125,30649.0765625,474.37255176090565,31476.048828125,29639.226953125,1822.491841916118,31476.048828125,30532.380124797826,29705.887824168665,826.492300629161,885.2038525930802,839.6901369600224,45.513715633057814,64.73127199335596,84.71408875963556,66.95042849076786,0.039804194113112645
2023-07-14,5.34,30334.068359375,31582.25390625,29966.38671875,31474.720703125,20917902660.0,-0.036955452769761976,3.0505718709658025e-07,3.9763118973647627e-07,5.182153288539326e-07,31476.048828125,30391.646484375,30620.951171875,30342.265625,25124.67578125,30733.921223958332,643.3458212885405,31476.048828125,30647.437109375,475.71027135491846,31476.048828125,29899.69658203125,1484.1761405587927,31476.048828125,30492.71777171326,29762.99514555106,729.7226261622018,820.5984206575267,835.8717936995233,-15.273373041996592,55.74445930417078,33.13971796547737,53.46857783802135,-0.011538510495572307
2023-07-17,5.33,30145.888671875,30336.400390625,29685.783203125,30249.626953125,13240156074.0,-0.0034189652941130078,2.935071365199363e-07,3.785793247595726e-07,5.168923135594748e-07,30334.068359375,31476.048828125,30391.646484375,30414.470703125,25576.39453125,30652.001953125,719.8213930170659,31476.048828125,30593.720703125,521.5484819999614,31476.048828125,30128.1712890625,1080.4105846153327,31476.048828125,30423.35195174561,29797.803647944143,625.5483038014681,745.618595258933,817.8211540114053,-72.20255875247221,54.40409790461222,24.641105909811404,47.49830421164145,0.0019823868334769568
2023-07-18,5.32,29856.5625,30233.65625,29556.427734375,30147.0703125,13138897269.0,-0.009643886494909992,3.0383057580863706e-07,3.3414645304078925e-07,5.167836917979657e-07,30145.888671875,30334.068359375,31476.048828125,30620.951171875,26327.462890625,30112.173177083332,240.53172841920437,30334.068359375,30440.84296875,615.1938690311016,31476.048828125,30304.62626953125,614.907498277772,31476.048828125,30309.99406139649,29803.1453617674,506.8486996290885,655.2964893382778,785.3162210767798,-130.01973173850206,52.32106356382249,13.291544889420926,23.690789588236566,-0.019339210496265746
2023-07-19,5.32,29913.923828125,30184.181640625,29794.26953125,29862.046875,12128602812.0,0.0019193869502824867,2.9229705084091137e-07,1.8920171476259268e-07,5.024061900889477e-07,29856.5625,30145.888671875,30334.068359375,30391.646484375,28327.48828125,29972.125,153.19249570020773,30145.888671875,30345.2984375,660.19574472217,31476.048828125,30383.948046875,416.87106949921434,31476.048828125,30230.780014742195,29813.216131436275,417.56388330592017,581.6393728196672,744.5808514253573,-162.94147860569012,52.707672303357185,15.831805982142317,17.921485593791548,-0.018483560324481285
2023-07-20,5.35,29792.015625,30195.53125,29638.095703125,29915.25,14655207121.0,-0.0040836263076453605,8.889454472971484e-08,7.076283023788542e-08,5.026050085494164e-07,29913.923828125,29856.5625,30145.888671875,31476.048828125,30027.296875,29854.167317708332,60.989385725136046,29913.923828125,30008.491796875,225.70198507150758,30334.068359375,30372.183984375,430.56048865708084,31476.048828125,30143.027136793757,29811.28881266934,331.738324124417,507.5775659211031,697.1801943245065,-189.6026284034034,51.74731825567787,10.433070014816533,13.18547362879326,-0.04379267503200368
2023-07-21,5.35,29908.744140625,30045.998046875,29733.8515625,29805.111328125,10972789818.0,0.003910458253166382,7.878755452269887e-10,7.077782249066803e-08,4.991557645265945e-07,29792.015625,29913.923828125,29856.5625,30334.068359375,29912.28125,29871.561197916668,68.93715194878635,29913.923828125,29923.426953125,133.73004797713648,30145.888671875,30372.00712890625,430.7600193777547,31476.048828125,30096.170537560007,29820.148387938036,276.02214962197104,453.07925047013487,648.3600055536322,-195.2807550834973,52.637182546567075,15.60242219590863,13.95576606428916,-0.019840682347011862
2023-07-24,5.38,29176.916015625,30093.39453125,28934.294921875,30081.662109375,15395817395.0,-0.030633538164858365,4.554553036452631e-08,7.81544406893945e-08,5.060061726575491e-07,29908.744140625,29792.015625,29913.923828125,30145.888671875,30695.46875,29625.891927083332,393.18050993476845,29908.744140625,29729.632421875,312.8668505585716,29913.923828125,30296.0794921875,499.14900844291805,31476.048828125,29912.319633173007,29761.672717727757,150.64691544524976,346.8383922054709,588.0556828839999,-241.21729067852903,46.808816716627696,8.4236979994887,11.486396736737953,-0.024488067160777116
2023-07-25,5.38,29227.390625,29353.16015625,29062.43359375,29178.970703125,10266772793.0,0.001728455480240143,3.818529889364137e-08,7.691774570478507e-08,5.052987829265439e-07,29176.916015625,29908.744140625,29792.015625,29856.5625,30271.130859375,29437.68359375,408.7302908577976,29908.744140625,29603.798046875,370.30622221715544,29913.923828125,30243.89248046875,553.4983809556506,31476.048828125,29775.333831538406,29713.101618388868,62.23221314953844,263.6751428347998,523.1795748741599,-259.50443203936015,47.24271225317265,10.176154306751394,11.400758167382909,-0.0367433010368684
2023-07-26,5.37,29354.97265625,29675.552734375,29113.912109375,29225.759765625,13497554655.0,0.0043556533334641045,3.938959643274873e-08,7.232250889214271e-08,4.7258796619581433e-07,29227.390625,29176.916015625,29908.744140625,29913.923828125,30688.1640625,29253.093098958332,91.76875663061404,29354.97265625,29492.0078125,336.06457161036735,29908.744140625,30177.23291015625,576.9602716275209,31476.048828125,29691.261596480726,29680.544440012607,10.717156468119356,205.69138991949148,459.6819378832263,-253.9905479637348,48.38872990419907,14.605746494307551,11.068532933515883,-0.03483532747344964
2023-07-27,5.4,29210.689453125,29560.966796875,29099.3515625,29353.798828125,10770779217.0,-0.0049272385842940025,3.999538402298853e-08,6.276160729815212e-08,4.729209136322327e-07,29354.97265625,29227.390625,29176.916015625,29792.015625,30086.24609375,29264.350911458332,78.92374647400953,29354.97265625,29375.742578125,305.49340962845525,29908.744140625,30133.455078125,616.1159164567962,31476.048828125,29595.147167809584,29637.83035029555,-42.68318248596552,146.4086910622609,397.0272885190332,-250.6185974567723,47.14156525856915,9.596296941762683,11.459399247607209,-0.04605545108100073
2023-07-28,5.37,29319.24609375,29521.513671875,29125.845703125,29212.1640625,11218474952.0,0.0037094442045351173,3.98729483431707e-08,5.961973187109358e-08,4.718938465173528e-07,29210.689453125,29354.97265625,29227.390625,29908.744140625,30445.3515625,29294.969401041668,75.14272441709399,29354.97265625,29257.84296875,75.67114868145092,29354.97265625,30077.1498046875,637.2072621852396,31476.048828125,29539.96695299767,29608.868145155044,-68.90119215737286,106.95344601244142,339.0125200177149,-232.0590740052735,48.222857166832924,13.365335908367483,12.52245978147924,-0.03528602476921883
2023-07-31,5.37,29230.111328125,29489.873046875,29131.578125,29278.314453125,11656781982.0,-0.001545062822442489,1.5567128588516153e-10,5.965124638502785e-08,4.6478816686331656e-07,29319.24609375,29210.689453125,29354.97265625,29176.916015625,30477.251953125,29253.348958333332,57.888916464211995,29319.24609375,29268.48203125,64.33975222664604,29354.97265625,30014.7927734375,656.7164440295395,31476.048828125,29477.99582802314,29574.43570724322,-96.43987922008091,67.711908661302,284.75239774643234,-217.04048908513033,47.36607296670115,10.270615926378255,11.07741625883614,-0.07135385741278855
2023-08-01,5.38,29675.732421875,29675.732421875,28657.0234375,29230.873046875,18272392391.0,0.015130233826088357,3.32514997632619e-09,5.790965876441295e-08,4.128548297541718e-07,29230.111328125,29319.24609375,29210.689453125,29227.390625,31156.439453125,29408.36328125,235.79852550397544,29675.732421875,29358.150390625,187.43046610539102,29675.732421875,29940.757421875,602.4613280647688,31476.048828125,29517.543146793512,29583.644499482474,-66.10135268896192,71.74359019631811,242.1506362364095,-170.4070460400914,51.96135872083859,32.2632305602498,18.633060798331847,-0.021702856659401415
2023-08-02,5.36,29151.958984375,29987.998046875,28946.509765625,29704.146484375,19212655598.0,-0.017807507516909737,1.3757233812296853e-08,6.391060266534076e-08,4.1596985159155317e-07,29675.732421875,29230.111328125,29319.24609375,29354.97265625,30514.166015625,29352.600911458332,282.55517510160985,29675.732421875,29317.54765625,209.0350486879516,29675.732421875,29872.6470703125,611.1619022413662,31476.048828125,29444.42631430981,29544.40036174543,-99.97404743561856,32.302227835476515,200.1809545562229,-167.87872672074639,46.79045522875478,16.9195402605831,19.81779558240372,-0.032970654748927686
2023-08-03,5.37,29178.6796875,29375.70703125,28959.48828125,29161.8125,12780357746.0,0.0009161807791748799,1.2679565429280738e-08,5.41990124356261e-08,3.225171988505812e-07,29151.958984375,29675.732421875,29230.111328125,29210.689453125,29909.337890625,29335.45703125,294.9898389653456,29675.732421875,29311.145703125,213.56692070079032,29675.732421875,29836.11416015625,630.3887683467588,31476.048828125,29391.27698894785,29511.153027723118,-119.87603877526635,3.164325063189608,160.77762865761625,-157.61330359442664,47.07978732246914,31.06248713424924,26.748419318360714,-0.02270465035953151
2023-08-04,5.33,29074.091796875,29302.078125,28885.3359375,29174.3828125,12036639988.0,-0.0035908335462959684,1.2640594461875489e-08,4.978492857129425e-08,3.1698034290189426e-07,29178.6796875,29151.958984375,29675.732421875,29319.24609375,30342.265625,29134.91015625,54.33832553413172,29178.6796875,29262.11484375,237.9874633018103,29675.732421875,29772.70546875,640.4967447124343,31476.048828125,29327.83995053328,29471.420188555105,-143.58023802182288,-28.043770378782938,123.01334885033641,-151.05711922911934,46.0248713806889,26.453106650347607,24.811711348393317,-0.02807495386012826
2023-08-07,5.3,29180.578125,29244.28125,28724.140625,29038.513671875,13618163710.0,0.0047652738023771235,1.3570973506236478e-08,4.885739170521558e-08,3.146831647618253e-07,29074.091796875,29178.6796875,29151.958984375,29230.111328125,30414.470703125,29144.449869791668,60.93927169588789,29180.578125,29252.208203125,240.66856598084968,29675.732421875,29711.01083984375,634.8275004076911,31476.048828125,29298.387585426626,29444.980000959185,-146.59241553255924,-43.68033441732405,89.67461219680433,-133.35494661412838,47.319165971916554,34.03003112796998,30.515208304188942,-0.020523535825716754
2023-08-08,5.35,29765.4921875,30176.796875,29113.814453125,29180.01953125,17570561357.0,0.01984638697905261,2.2345927104157792e-08,5.685465085477192e-08,3.106994369989882e-07,29180.578125,29074.091796875,29178.6796875,29675.732421875,30620.951171875,29340.054036458332,372.267443904084,29765.4921875,29270.16015625,280.2506718315678,29765.4921875,29668.237890625,598.0450368488601,31476.048828125,29391.8085058413,29474.117472462895,-82.30896662159284,-8.773610835924046,69.98496759025866,-78.75857842618271,53.863520214286325,72.04830167217627,44.17714648349795,-0.0047896345112806715
2023-08-09,5.35,29561.494140625,30093.435546875,29376.80078125,29766.6953125,18379521213.0,-0.006877101417060771,9.124639983637476e-09,5.6635357732759225e-08,2.2667103224250692e-07,29765.4921875,29180.578125,29074.091796875,29151.958984375,30391.646484375,29502.521484375,296.8828822391572,29765.4921875,29352.0671875,296.44642046516066,29765.4921875,29626.7302734375,573.498774598449,31476.048828125,29425.745632798044,29482.060805932175,-56.31517313413133,2.401597470994602,56.468293566405855,-54.06669609541125,51.46235288342327,59.513522266374,55.19728502217341,0.013180903862287874
2023-08-10,5.33,29429.591796875,29688.564453125,29354.447265625,29563.97265625,11865344789.0,-0.004471948989328567,9.871370232525476e-09,3.151500914277e-08,2.259608979970949e-07,29561.494140625,29765.4921875,29180.578125,29178.6796875,31476.048828125,29585.526041666668,169.23479933643875,29765.4921875,29402.249609375,280.56968091844897,29765.4921875,29524.407421875,374.06734462947156,30334.068359375,29426.514865613437,29477.290896017887,-50.77603040444956,0.607609634866094,45.2961567800979,-44.68854714523181,49.91299235871306,50.83444283944461,60.79875559266495,0.006918208144864213
2023-08-11,5.36,29397.71484375,29517.7734375,29253.517578125,29424.90234375,10195168197.0,-0.0010837469218056839,9.411105777827619e-09,1.1946079653192798e-08,2.2394802431750654e-07,29429.591796875,29561.494140625,29765.4921875,29074.091796875,30334.068359375,29462.93359375,86.8312794189875,29561.494140625,29466.97421875,215.79157901982492,29765.4921875,29477.58974609375,322.430202024375,30145.888671875,29420.75486124075,29470.05670944808,-49.301848207327566,-3.347751564491773,35.56737511117997,-38.91512667567174,49.52493516520393,48.73696223224062,53.02830911268641,0.0014560458972494583
2023-08-14,5.37,29408.443359375,29660.25390625,29124.10546875,29283.263671875,14013695304.0,0.004277614074716496,9.240762237140299e-09,1.2018420235844117e-08,2.1493836801070044e-07,29397.71484375,29429.591796875,29561.494140625,29180.578125,30145.888671875,29411.916666666668,16.219831471712062,29429.591796875,29512.547265625,155.95083221967684,29765.4921875,29440.71748046875,281.55862785961057,29913.923828125,29418.2925608676,29464.455495805072,-46.16293493747071,-5.552694259837153,27.34336123697655,-32.8960554968137,49.6667705023894,49.442890850301495,49.671431973995574,0.0067699157381184705
2023-08-15,5.36,29170.34765625,29439.12109375,29088.853515625,29408.048828125,12640195779.0,-0.00812912011875433,9.34499650959324e-10,1.1725090734123427e-08,2.0309208531392277e-07,29408.443359375,29397.71484375,29429.591796875,29765.4921875,29856.5625,29325.501953125,134.47459663870097,29408.443359375,29393.518359375,141.03429088233756,29561.494140625,29406.40673828125,269.78141039616213,29913.923828125,29368.703579944082,29437.718419481884,-69.01483953780189,-26.210324321604276,16.632624125260385,-42.84294844686466,46.54111610136599,33.77636469251687,43.985405925019656,-0.0050785220405697995
2023-08-16,5.37,28701.779296875,29221.9765625,28701.779296875,29169.07421875,14949271904.0,-0.016193584838703146,5.410649936804372e-09,1.4691831444141151e-08,1.9732050829399197e-07,29170.34765625,29408.443359375,29397.71484375,29561.494140625,29913.923828125,29093.5234375,359.5413672268359,29408.443359375,29221.575390625,309.0419994951125,29429.591796875,29345.79951171875,285.4654274374378,29908.744140625,29235.318723330267,29370.814862881256,-135.49613955098903,-79.47505660707247,-2.5889120212061867,-76.88614458586629,41.064106552558,2.9449033830083637,28.72138630860891,-0.018074923674397447
2023-08-17,5.36,26664.55078125,28745.947265625,25409.111328125,28699.802734375,31120851211.0,-0.07362412009606345,1.3309306264853164e-06,1.5319522664903128e-07,2.3892976953089187e-07,28701.779296875,29170.34765625,29408.443359375,29429.591796875,29792.015625,28178.892578125,1332.2208469972154,29170.34765625,28668.5671875,1156.2916472359223,29408.443359375,29189.42626953125,650.8801252887662,29908.744140625,28721.165134914216,29124.790855460233,-403.62572054601696,-282.81494147765625,-58.63411791249621,-224.18082356516004,26.47574832584918,26.332262075209286,21.01784338357817,-0.10146949695520757
2023-08-18,5.35,26049.556640625,26808.1953125,25668.921875,26636.078125,24026236529.0,-0.02333424865381062,1.5934573296261687e-06,1.746081428585812e-07,2.440627487778111e-07,26664.55078125,28701.779296875,29170.34765625,29397.71484375,29908.744140625,27138.62890625,1388.212449891683,28701.779296875,27998.935546875,1535.705763099431,29408.443359375,28996.46689453125,936.0035563154314,29765.4921875,28186.843436056373,28845.22410865703,-658.3806726006551,-487.96321643777264,-144.4999376175515,-343.46327882022115,23.73454717044629,13.433044318952255,14.236736592389969,-0.10642174494732382
2023-08-21,5.37,26124.140625,26220.201171875,25846.087890625,26188.69140625,13371557893.0,-0.0025019588646060242,1.5873846995840374e-06,1.3782930887611647e-07,2.2943506476853892e-07,26049.556640625,26664.55078125,28701.779296875,29408.443359375,29176.916015625,26279.416015625,335.6147843156809,26664.55078125,27342.075,1483.609079125323,29170.34765625,28843.828125,1133.1761354548405,29765.4921875,27774.3028738451,28597.852882870025,-823.5500090249261,-637.1813679642146,-243.0362236868841,-394.1451442773305,24.75207541635433,14.997408907214298,18.254238433791944,-0.10468393687492816
2023-08-22,5.39,26031.65625,26135.5078125,25520.728515625,26130.748046875,14503820706.0,-0.0035464695192519713,1.5605344456821462e-06,1.3818556691909799e-07,2.2836162890601486e-07,26124.140625,26049.556640625,26664.55078125,29170.34765625,29227.390625,26068.451171875,49.05193562270252,26124.140625,26714.33671875,1141.1313733176135,28701.779296875,28684.04140625,1290.6185681104887,29765.4921875,27425.773549076082,28364.56227988184,-938.788730805758,-754.2065209497232,-345.270283139452,-408.9362378102712,24.318795900361863,13.057591901862105,13.829348376009554,-0.10464421616781205
2023-08-23,5.35,26431.640625,26786.8984375,25804.998046875,26040.474609375,16985265785.0,0.015248455549160767,1.5457207210838736e-06,1.4623769660821034e-07,2.2821414143467115e-07,26031.65625,26124.140625,26049.556640625,28701.779296875,29354.97265625,26195.8125,209.4027657666621,26431.640625,26260.308984375,277.4916245798492,26664.55078125,28537.8748046875,1373.5106097645921,29765.4921875,27226.946964260867,28188.842129438035,-961.8951651771677,-805.3903627936452,-437.29429907029066,-368.0960637233545,30.02392480920878,21.44707923418358,16.500693347753327,-0.0942043536020587
2023-08-24,5.39,26162.373046875,26554.91015625,25914.92578125,26431.51953125,12871532023.0,-0.010239565761125391,3.2449591542065936e-08,1.493350455135418e-07,2.2717677368237635e-07,26431.640625,26031.65625,26124.140625,26664.55078125,29210.689453125,26208.556640625,203.95236774787543,26431.640625,26159.8734375,161.0511789624099,26431.640625,28385.458984375,1461.250616355182,29765.4921875,27014.032180783695,28004.61766738685,-990.585486603155,-857.7934603532012,-521.3941313268729,-336.39932902632836,28.468096806563096,15.799316279231725,16.76799580509247,-0.12105021203506683
2023-08-25,5.44,26047.66796875,26248.103515625,25786.8125,26163.6796875,12406045118.0,-0.004393992436940053,5.640265864341844e-09,1.4954948758273424e-07,2.256247247100713e-07,26162.373046875,26431.640625,26031.65625,26049.556640625,29319.24609375,26213.893880208332,197.1028852848723,26431.640625,26159.495703125,161.37649078249135,26431.640625,28221.880078125,1532.592595431755,29765.4921875,26820.759338376956,27826.713149328953,-1005.9538109519963,-898.2248568630712,-596.7602764341126,-301.4645804289586,27.80704986531977,13.393430299604065,16.879941937673124,-0.11886497195167511
2023-08-28,5.44,26106.150390625,26198.578125,25880.599609375,26089.615234375,11002805166.0,0.0006305878251211539,5.465537264458966e-09,1.4947255725221193e-07,2.2562733052380803e-07,26047.66796875,26162.373046875,26431.640625,26124.140625,29230.111328125,26105.397135416668,57.35624885008239,26162.373046875,26155.89765625,162.5580651790386,26431.640625,28065.68203125,1582.7987614883743,29765.4921875,26677.837548826566,27670.298353083137,-992.4608042565706,-915.0004317925959,-660.4083075058093,-254.59212428678666,28.71590340654049,14.880248034710183,14.690998204515324,-0.11292855943054236
2023-08-29,5.37,27727.392578125,28089.337890625,25912.62890625,26102.486328125,29368391712.0,0.06024989257085167,6.358845474181292e-07,3.098849272183043e-07,2.611989363901375e-07,26106.150390625,26047.66796875,26162.373046875,26031.65625,29675.732421875,26627.0703125,953.3555814017515,27727.392578125,26495.044921875,704.4069352594375,27727.392578125,27968.2650390625,1537.8070947810572,29765.4921875,26887.748554686255,27675.48873717785,-787.7401824915942,-788.3864720445854,-686.0039404135645,-102.38253163102092,48.18878168801228,54.17237161582416,27.482016650046138,-0.05681809877069788
2023-08-30,5.39,27297.265625,27760.16015625,27069.20703125,27726.083984375,16343655235.0,-0.015634289371323717,6.396909417884715e-07,3.058524366971204e-07,2.635199283688053e-07,27727.392578125,26106.150390625,26047.66796875,26431.640625,29151.958984375,27043.602864583332,839.8601994673157,27727.392578125,26668.169921875,786.5165518445131,27727.392578125,27875.53037109375,1518.470092925205,29765.4921875,26969.651968749007,27641.104817888954,-671.4528491399469,-714.5151611289693,-691.7061845566454,-22.8089765723239,44.69996517873513,44.41521925401489,37.82261296818308,-0.0717881497016396
2023-08-31,5.37,25931.47265625,27456.078125,25752.9296875,27301.9296875,20181001451.0,-0.05132914544958922,1.7050439329672857e-06,4.6885703750397193e-07,2.693149182536452e-07,27297.265625,27727.392578125,26106.150390625,26162.373046875,29178.6796875,26985.376953125,937.7035774593278,27727.392578125,26621.98984375,829.2560716755353,27727.392578125,27713.17001953125,1545.1660040550353,29765.4921875,26762.016106249208,27485.683712285412,-723.6676060362042,-757.4483006693954,-704.8546077791955,-52.59369289019992,35.82950928735971,12.287551370610382,36.95838074681648,-0.11103312988133152
2023-09-01,5.36,25800.724609375,26125.869140625,25362.609375,25934.021484375,17202862221.0,-0.005054814300672561,1.7083067804230138e-06,4.697241067405912e-07,2.6567032938180153e-07,25931.47265625,27297.265625,27727.392578125,26047.66796875,29074.091796875,26343.154296875,828.8667460954908,27297.265625,26572.601171875,877.9375396610781,27727.392578125,27549.50166015625,1566.6392851751793,29765.4921875,26569.757806874368,27332.50561202083,-762.7478051464605,-792.8835299669445,-722.4603922167453,-70.4231377501992,35.11118708575691,10.747307124370082,22.483359249665117,-0.10107577852554461
2023-09-05,5.42,25779.982421875,25858.375,25589.98828125,25814.95703125,11094740040.0,-0.001257301424429258,1.7089254059944667e-06,4.6827725175502843e-07,2.655823633956533e-07,25800.724609375,25931.47265625,27297.265625,26106.150390625,29180.578125,25837.393229166668,82.1325972802456,25931.47265625,26507.367578125,931.7306929767466,27727.392578125,27379.471875,1564.8339358825588,29765.4921875,26411.802729874496,27191.367140189388,-779.5644103148916,-813.2651116961715,-740.6213361126306,-72.6437755835409,34.99133572214369,10.814546183291869,11.283134892757445,-0.033173945686608475
2023-09-06,5.44,25753.236328125,25953.015625,25404.359375,25783.931640625,12752705327.0,-0.0010380138015939622,3.381007563331282e-07,4.417832619076631e-07,2.648334445878534e-07,25779.982421875,25800.724609375,25931.47265625,27727.392578125,29765.4921875,25777.981119791668,23.80731235824391,25800.724609375,26112.536328125,665.8233058887434,27297.265625,27178.85908203125,1498.6316383025612,29561.494140625,26280.0894495246,27060.62797545626,-780.5385259316608,-822.0992004533,-756.9169089807646,-65.18229147253544,34.82625561573661,11.545608678559738,11.035820662073897,-0.011375253582545874
2023-09-07,5.4,26240.1953125,26409.302734375,25608.201171875,25748.3125,11088307100.0,0.018732105501950258,3.6331536845815036e-07,4.621928214240209e-07,2.683733581489967e-07,25753.236328125,25779.982421875,25800.724609375,27297.265625,29561.494140625,25924.471354166668,273.75180690207986,26240.1953125,25901.122265625,201.5666632670288,26240.1953125,27012.794140625,1401.58984002589,29429.591796875,26272.110622119682,26986.04318791478,-713.9325657950976,-780.8061122592735,-761.6947496364664,-19.111362622807064,40.344505616391935,32.184573288875676,18.181576050242427,0.004442430821588017
2023-09-08,5.42,25905.654296875,26414.005859375,25677.48046875,26245.208984375,10817356400.0,-0.012831149860508262,1.18261105574776e-08,4.720784450225981e-07,2.613348458377075e-07,26240.1953125,25753.236328125,25779.982421875,25931.47265625,29429.591796875,25966.361979166668,249.09100773208098,26240.1953125,25895.95859375,200.9244600107293,26240.1953125,26836.597265625,1299.5660907593667,29408.443359375,26198.819357070748,26887.826016002073,-689.0066589313246,-766.2429348664118,-762.6043866824556,-3.6385481839562317,37.96620082324896,19.915621183523925,21.215267716986446,-0.0048403356250142915
2023-09-11,5.4,25162.654296875,25883.947265625,24930.296875,25831.71484375,14600006467.0,-0.02626188106748195,5.8358467097356536e-08,5.205698173847991e-07,2.580339894147677e-07,25905.654296875,26240.1953125,25753.236328125,25800.724609375,29397.71484375,25769.501302083332,551.5223373370968,26240.1953125,25768.34453125,390.10302799998993,26240.1953125,26624.84423828125,1201.6336113510292,29408.443359375,25991.5863450316,26730.992223354155,-739.4058783225555,-805.3715801014478,-771.1578253662541,-34.213754735193675,33.27460919438798,7.355315132843543,19.818503201747713,-0.04801012340205424
2023-09-12,5.42,25833.34375,26451.939453125,25133.078125,25160.658203125,18657279324.0,0.026305127952918284,1.4413470104971402e-07,5.703094181576619e-07,2.3676802942809942e-07,25162.654296875,25905.654296875,26240.1953125,25779.982421875,29408.443359375,25633.884114583332,409.69544740037384,25905.654296875,25779.016796875,391.2293002483013,26240.1953125,26446.0892578125,1017.570002190193,29170.34765625,25959.93782602528,26649.387816685594,-689.4499906603123,-773.3476098214742,-771.5957822572982,-1.7518275641759828,40.430509687735146,28.586107952806582,18.61901475639135,-0.012576431667168708
2023-09-13,5.42,26228.32421875,26376.11328125,25781.123046875,25837.5546875,13072077070.0,0.015173852958685785,1.8103700029373904e-07,5.827742068859036e-07,2.3503657984094296e-07,25833.34375,25162.654296875,25905.654296875,25753.236328125,29170.34765625,25741.440755208332,538.7464300913794,26228.32421875,25874.034375,438.26712388405014,26240.1953125,26298.9880859375,790.289359839342,28701.779296875,26013.615104570228,26611.109307782357,-597.4942032121289,-707.9361129802273,-758.8638484018841,50.927735421656735,44.224166684484516,41.08928429006775,25.676902458572627,0.006935601690590376
2023-09-14,5.42,26539.673828125,26774.623046875,26171.451171875,26228.27734375,13811359124.0,0.011800835130971521,1.468100658327413e-07,5.734243364446878e-07,2.2468606510241581e-07,26228.32421875,25833.34375,25162.654296875,26240.1953125,28701.779296875,26200.447265625,353.9892487108164,26539.673828125,25933.930078125,514.6301731952445,26539.673828125,26190.8828125,558.0689069632573,27727.392578125,26118.826849281184,26604.615173268052,-485.7883239868679,-623.7831353569673,-731.8477057929008,108.06457043593355,47.08486133359922,50.94511103733147,40.20683442673527,0.01660618019176363
2023-09-15,5.43,26608.693359375,26840.498046875,26240.701171875,26533.818359375,11479735788.0,0.00259724140931894,1.2360812234172549e-07,2.367402443866911e-07,2.246955664417427e-07,26539.673828125,26228.32421875,25833.34375,25905.654296875,26664.55078125,26458.897135416668,202.6421139566095,26608.693359375,26074.537890625,594.7751764090492,26608.693359375,26188.08994140625,555.7084382899023,27727.392578125,26216.800151299947,26604.98591745959,-388.1857661596441,-545.2368440098908,-694.5255334362988,149.28868942640804,47.72493270123026,53.129936460889475,48.38811059609623,-0.040346354804114415
2023-09-18,5.44,26754.28125,27414.734375,26415.515625,26532.994140625,15615339655.0,0.008260511389751812,5.166047056849238e-08,2.1413482714221534e-07,2.1794892063438817e-07,26608.693359375,26539.673828125,26228.32421875,25162.654296875,26049.556640625,26634.216145833332,109.55658744497109,26754.28125,26392.86328125,367.0470393460703,26754.28125,26223.326171875,568.6537556783276,27727.392578125,26324.29637103996,26618.55822041781,-294.26184937785,-465.8703527449725,-648.7944972980335,182.92414455306107,49.12293674703644,57.73854679247126,53.93786476356407,-0.01989152988652132
2023-09-19,5.45,27211.1171875,27488.763671875,26681.60546875,26760.8515625,13807690550.0,0.016931102662432806,2.1383182023518874e-08,2.2730693096174402e-07,2.2047903633323965e-07,26754.28125,26608.693359375,26539.673828125,25833.34375,26124.140625,26858.030598958332,314.32715875395587,27211.1171875,26668.41796875,359.0680773188816,27211.1171875,26277.675,609.1751195183472,27727.392578125,26501.66053433197,26672.42721742528,-170.76668309330853,-361.9368121215193,-591.4229602627307,229.4861481412114,53.33971626281925,80.59825107496083,63.82224477610719,0.04934716004035278
2023-09-20,5.47,27132.0078125,27379.505859375,26864.08203125,27210.228515625,13281116604.0,-0.0029114788993922502,1.0378734367845878e-08,2.27111463341644e-07,2.0834686145611867e-07,27211.1171875,26754.28125,26608.693359375,26228.32421875,26031.65625,27032.46875,244.1429646141612,27211.1171875,26849.1546875,305.62385521847676,27211.1171875,26332.692578125,634.9311131168181,27727.392578125,26627.729989965577,26714.20727152298,-86.47728155740333,-282.6934832897932,-529.6770648681432,246.98358157835003,52.52781987217494,86.05587300133213,74.79755695625475,0.051598674970596115
2023-09-21,5.46,26567.6328125,27152.939453125,26389.30078125,27129.83984375,13371443708.0,-0.02102046771669741,2.6372507659774535e-08,2.3719760031812658e-07,2.1221013565281386e-07,27132.0078125,27211.1171875,26754.28125,26539.673828125,26431.640625,26970.252604166668,350.91536840766463,27211.1171875,26854.746484375,298.7237797435068,27211.1171875,26339.4921875,636.7720551288029,27727.392578125,26615.71055447246,26700.88232070271,-85.17176623024716,-262.4080435123433,-476.22326059698327,213.81521708463998,47.02819896711214,63.99676319817396,76.88362909148897,0.03055279005763234
2023-09-22,5.46,26579.568359375,26726.078125,26495.533203125,26564.056640625,10578746709.0,0.0004491505408559249,2.5949137191238738e-08,2.3212836303918858e-07,1.9696852404492995e-07,26567.6328125,27132.0078125,27211.1171875,26608.693359375,26162.373046875,26759.736328125,322.45179155814554,27132.0078125,26848.921484375,304.940483278393,27211.1171875,26360.351953125,637.4974565709449,27727.392578125,26608.48211545297,26689.853778763827,-81.37166331085609,-242.5723642378507,-429.49308132515677,186.92071708730606,47.15421128512326,64.46327489531923,71.50530369827511,0.03208653160020769
2023-09-25,5.45,26298.48046875,26421.5078125,26011.46875,26253.775390625,11997833257.0,0.0015851607862167327,2.1887041341330414e-08,2.3131991731649844e-07,1.9318764592897238e-07,26579.568359375,26567.6328125,27132.0078125,26754.28125,26047.66796875,26481.893880208332,158.95274123798896,26579.568359375,26757.761328125,395.1051950589693,27211.1171875,26372.892578125,633.4769798725455,27727.392578125,26546.481786112377,26654.274386944388,-107.79260083201007,-246.69019808418307,-392.932504676962,146.24230659277896,44.47114693548304,53.47669922553409,60.64557910634244,0.002221216555588379
2023-09-26,5.45,26217.25,26389.884765625,26090.712890625,26294.7578125,9985498161.0,-0.0030935695955243148,8.560742988305342e-09,2.31761287262729e-07,1.9215176375810113e-07,26298.48046875,26579.568359375,26567.6328125,27211.1171875,26106.150390625,26365.099609375,190.12425097404017,26579.568359375,26558.987890625,358.2942310358627,27132.0078125,26378.44755859375,631.4988293489727,27727.392578125,26480.635428889906,26614.54489722217,-133.90946833226553,-253.58506030755962,-365.06301580308156,111.47795549552194,43.69734964148919,50.30173252871326,56.08056888318887,0.012028096243166031
2023-09-27,5.49,26352.716796875,26817.841796875,26111.46484375,26209.498046875,11718380997.0,0.00515378285278878,9.243137432326473e-09,9.074645056940731e-08,1.9212109356916627e-07,26217.25,26298.48046875,26579.568359375,27132.0078125,27727.392578125,26289.482421875,68.18017966937609,26352.716796875,26403.1296875,162.969368148391,26579.568359375,26309.71376953125,545.9683521344633,27297.265625,26455.051702486926,26590.742342645153,-135.69064015822732,-245.29069152607553,-341.1085509476804,95.81785942160485,45.40348081164192,55.596575402596315,53.12500238561455,0.04729479195474995
2023-09-28,5.46,27021.546875,27259.5,26327.322265625,26355.8125,14079002707.0,0.025063206234960944,1.7796116455169317e-08,1.0267421884566357e-07,1.9277703247239614e-07,26352.716796875,26217.25,26298.48046875,26567.6328125,27297.265625,26530.504557291668,430.61552642624633,27021.546875,26493.9125,324.19400220097305,27021.546875,26295.92783203125,522.7052128093071,27211.1171875,26568.35073698954,26629.906391041048,-61.55565405150628,-182.64295258444326,-309.415431275033,126.77247869058971,52.979460522488026,81.73840686751633,62.54557159960863,0.045994941131072054
2023-09-29,5.46,26911.720703125,27225.9375,26721.763671875,27024.841796875,10396435377.0,-0.004072674570299029,1.8681169279663864e-08,3.591914028261769e-08,1.865263341738472e-07,27021.546875,26352.716796875,26217.25,26579.568359375,25931.47265625,26761.994791666668,358.67367449099993,27021.546875,26560.34296875,376.0215208980352,27021.546875,26344.940234375,532.5965701279209,27211.1171875,26637.024730216635,26655.52587395777,-18.501143741134,-140.2396272089827,-275.5802704618229,135.3406432528402,51.71055929738103,75.50424463420033,70.94640896810432,0.026055667097726998
2023-10-02,5.49,27530.78515625,28494.458984375,27347.787109375,27976.798828125,19793041322.0,-0.01631914578851479,3.588729799749243e-08,4.062708840700501e-08,1.8881948471766973e-07,26911.720703125,27021.546875,26352.716796875,26298.48046875,25800.724609375,27154.684244791668,330.30950441548185,27530.78515625,26806.80390625,532.6912423065841,27530.78515625,26431.44326171875,578.1060311222471,27530.78515625,26815.77681542331,26735.094899620697,80.68191580261191,-56.035417309871264,-231.6712998314326,175.63588252156134,57.84018168004777,64.483799635481,73.90881704573256,0.03734451804282113
2023-10-03,5.49,27429.978515625,27667.19140625,27216.001953125,27508.251953125,11407814187.0,-0.003668317065944393,3.618239539279189e-08,4.086681039965515e-08,1.8892085533854428e-07,27530.78515625,26911.720703125,27021.546875,26217.25,25779.982421875,27290.828125,332.16309651921966,27530.78515625,27049.349609375,469.486563544042,27530.78515625,26513.94306640625,597.6476762297074,27530.78515625,26938.61715546365,26798.26613743927,140.3510180243793,2.5335668895459094,-184.8303264872369,187.3638933767828,56.58071144807695,57.12909160845157,65.70571195937764,0.030865294479431427
2023-10-04,5.42,27799.39453125,27826.658203125,27248.10546875,27429.07421875,11143355314.0,0.01337771930248266,4.8707203595057847e-08,4.4541978637569285e-08,1.8599373041571918e-07,27429.978515625,27530.78515625,26911.720703125,26352.716796875,25753.236328125,27586.719401041668,190.95425618601166,27799.39453125,27338.68515625,367.54773477233954,27799.39453125,26616.2509765625,634.5675987525219,27799.39453125,27110.772630620922,26889.277809603882,221.49482101704052,77.86115898294156,-132.2920293932012,210.15318837614277,60.01667411634,72.00695985419546,64.53995036604267,0.03906340340389458
2023-10-05,5.39,27415.912109375,28091.861328125,27375.6015625,27798.646484375,11877253670.0,-0.013890662255843012,1.786347827901984e-08,4.127099620550012e-08,1.8720308142349875e-07,27799.39453125,27429.978515625,27530.78515625,27021.546875,26240.1953125,27548.428385416668,217.4568249382067,27799.39453125,27417.558203125,321.9657880051655,27799.39453125,26675.03681640625,652.1127314505918,27799.39453125,27171.80052637174,26937.15365503762,234.64687133412008,105.40000621158106,-84.75362227224475,190.1536284838258,55.13872900077223,56.56258087251463,61.89954411172056,0.007526148980354197
2023-10-06,5.43,27946.59765625,28252.537109375,27215.552734375,27412.123046875,13492391599.0,0.019171883788155597,4.1554501966189724e-08,4.5496368989423306e-08,1.8957976692563097e-07,27415.912109375,27799.39453125,27429.978515625,26911.720703125,25905.654296875,27720.634765625,273.96918243967326,27946.59765625,27624.53359375,236.8886761317649,27946.59765625,26777.083984375,684.2750406599805,27946.59765625,27326.75995234739,27028.92129151147,297.8386608359215,168.10877622733096,-34.18114257232961,202.28991879966057,59.98556331323516,77.93542155179263,68.83498742616757,0.030023205410353304
2023-10-10,5.37,27391.01953125,27715.84765625,27301.654296875,27589.201171875,9973350678.0,-0.007009006012591357,2.5731863128237557e-08,3.285909100184423e-08,1.8971918212817123e-07,27946.59765625,27415.912109375,27799.39453125,27530.78515625,25162.654296875,27584.509765625,313.8242191331854,27946.59765625,27596.58046875,258.02041652894206,27946.59765625,26888.50224609375,581.2268038645302,27946.59765625,27339.611868127915,27061.83931330588,277.77255482203327,171.0041869094457,6.8559233240254525,164.14826358542027,53.472174462225944,55.560056666805636,63.3526863637043,0.030992099467838097
2023-10-11,5.38,26873.3203125,27474.115234375,26561.099609375,27392.076171875,13648094333.0,-0.019081220842270596,5.3148152483070185e-08,2.7184566495329828e-08,1.9135209316916945e-07,27391.01953125,27946.59765625,27415.912109375,27429.978515625,25833.34375,27403.645833333332,536.7500645367152,27946.59765625,27485.248828125,418.23244529672576,27946.59765625,26940.50107421875,525.730610913709,27946.59765625,27246.353557002334,27044.70122232353,201.65233467880535,130.02596202324276,31.489931063868916,98.53603095937385,48.218196110129085,34.71022763474295,56.06856861778041,0.011051795467603487
2023-10-12,5.43,26756.798828125,26921.439453125,26558.3203125,26873.29296875,9392909295.0,-0.00434538164717857,3.9411232372309324e-08,2.3811346210822145e-08,1.8771454162131557e-07,26873.3203125,27391.01953125,27946.59765625,27799.39453125,26228.32421875,27007.046223958332,337.5958228633649,27391.01953125,27276.7296875,478.07536876225686,27946.59765625,26966.9248046875,500.7387805663887,27946.59765625,27148.44261122687,27018.528277396388,129.91433383048206,87.14357668336379,42.620660187767896,44.522916495595894,47.09653270445126,30.01743896558695,40.09590775571184,0.01742756049801475
2023-10-13,5.41,26862.375,27092.697265625,26686.322265625,26752.87890625,15165312851.0,0.003938005783231446,2.6580118630867752e-08,2.194002737345706e-08,1.8780864358880504e-07,26756.798828125,26873.3203125,27391.01953125,27415.912109375,26539.673828125,26830.831380208332,64.34721472284208,26873.3203125,27166.022265625,501.3136810101679,27946.59765625,26983.05986328125,491.35835691367805,27946.59765625,27091.229088981498,27004.332524905807,86.89656407569055,60.97520784375956,46.29156971896623,14.683638124793333,48.27070740150643,34.26941589297808,32.999027497769326,0.024606890501482903
2023-10-16,5.42,28519.466796875,29448.138671875,27130.47265625,27162.62890625,27833876539.0,0.048854397304765484,3.2134420934527706e-07,7.135415633733615e-08,2.0894431389115896e-07,26862.375,26756.798828125,26873.3203125,27946.59765625,26608.693359375,27379.546875,988.6099601120518,28519.466796875,27280.59609375,735.2108499160183,28519.466796875,27078.59853515625,590.4980455043408,28519.466796875,27376.8766305602,27142.072004175734,234.80462638446625,171.96770941137584,71.42679765744815,100.54091175392769,62.38301194404333,72.3397645843344,45.54220648096648,0.08222112417103578
2023-10-17,5.48,28415.748046875,28618.751953125,28110.185546875,28522.09765625,14872527508.0,-0.0036433994327751407,3.1326626510510726e-07,6.989356074409767e-08,2.073154611449053e-07,28519.466796875,26862.375,26756.798828125,27391.01953125,26754.28125,27932.529947916668,928.231169584636,28519.466796875,27485.541796875,898.4017601168363,28519.466796875,27161.671875,655.7372071720887,28519.466796875,27584.650913823163,27257.86073533021,326.7901784929527,248.69404016194676,106.88024615834787,141.8137940035989,61.25656833850097,69.05928843574925,58.55615630435392,0.051595905235347406
2023-10-18,5.47,28328.341796875,28889.009765625,28174.251953125,28413.53125,12724128586.0,-0.003080719749686267,2.389073666339379e-07,6.275793213662614e-08,1.9744229173163426e-07,28415.748046875,28519.466796875,26862.375,26873.3203125,27211.1171875,28421.185546875,95.67845217766815,28519.466796875,27776.54609375,886.0843752706656,28519.466796875,27217.53310546875,705.8439792869508,28519.466796875,27733.38909043353,27355.177195470646,378.2118949628857,299.0005637965878,145.30430968599586,153.69625411059195,60.268910862788346,64.1184635931353,68.50583887107298,0.05263955840569867
2023-10-19,5.44,28719.806640625,28892.474609375,28177.98828125,28332.416015625,14448058195.0,0.013724231161472034,2.731901466463437e-07,6.734503719386997e-08,1.9886393286186726e-07,28328.341796875,28415.748046875,28519.466796875,26756.798828125,27132.0078125,28487.965494791668,205.48163132242976,28719.806640625,28169.14765625,744.9426352997386,28719.806640625,27296.923046875,781.009962925227,28719.806640625,27930.672600471826,27479.234417757405,451.4381827144207,366.23505772633143,189.490459294063,176.74459843226845,63.13569322700934,74.79661554203977,69.32478919030811,0.04318879674614262
2023-10-20,5.41,29682.94921875,30104.0859375,28601.669921875,28732.8125,21536125230.0,0.032985768982552344,5.434440260016614e-07,8.515848537066654e-08,2.0792410813444967e-07,28719.806640625,28328.341796875,28415.748046875,26862.375,26567.6328125,28910.365885416668,697.1190258353032,29682.94921875,28733.2625,550.5839469051482,29682.94921875,27452.6888671875,925.2468095465698,29682.94921875,28281.12792412746,27679.57212693855,601.5557971889102,491.5699232171428,249.90635207867896,241.66357113846382,69.05232774452344,88.12282696349959,75.67930203289156,0.08213534333764194
2023-10-23,5.42,33086.234375,34370.4375,30097.828125,30140.685546875,38363572311.0,0.09812340552916154,4.776308303601517e-06,5.978681124217078e-07,3.0497379914566095e-07,29682.94921875,28719.806640625,28328.341796875,28519.466796875,26579.568359375,30496.330078125,2294.038819784483,33086.234375,29646.616015625,1996.506514496144,33086.234375,27778.02216796875,1541.0729677801755,33086.234375,29242.14921430197,28171.086876762318,1071.0623375396535,855.6519536789747,371.0554723987381,484.59648128023656,80.7867539203411,83.5613945083309,82.16027900462342,0.1901782370766001
2023-10-24,5.41,33901.52734375,35150.43359375,32880.76171875,33077.3046875,44934999645.0,0.02434275178777412,5.296146084881874e-06,6.443628639864187e-07,3.081140693822492e-07,33086.234375,29682.94921875,28719.806640625,28415.748046875,26298.48046875,32223.5703125,2237.6868218607037,33901.52734375,30743.771875,2574.6180592764335,33901.52734375,28158.17451171875,2020.1767491374221,33901.52734375,30174.024840191578,28692.036010124833,1481.9888300667444,1196.1880040701108,536.0819787330126,660.1060253370981,82.49875076006467,85.46450437606072,85.71624194929707,0.23656390524235782
2023-10-25,5.43,34502.8203125,35133.7578125,33709.109375,33916.04296875,25254318008.0,0.017581001125126505,5.575529287526308e-06,6.686303954026324e-07,3.09117038547617e-07,33901.52734375,33086.234375,29682.94921875,28328.341796875,26217.25,33830.194010416664,710.9819005531702,34502.8203125,31978.667578125,2607.0068234369232,34502.8203125,28572.45302734375,2412.641885267168,34502.8203125,31039.783934653264,29220.289128522574,1819.4948061306895,1497.324371495415,728.3304572854931,768.993914209922,83.6554794588255,92.46270085075294,87.16286657838153,0.23459824114882055
2023-10-26,5.39,34156.6484375,34832.91015625,33762.32421875,34504.2890625,19427195376.0,-0.010083818433932024,5.4939686801327836e-06,6.747872094755853e-07,3.074418036902411e-07,34502.8203125,33901.52734375,33086.234375,28719.806640625,26352.716796875,34186.998697916664,301.79324428778114,34502.8203125,33066.0359375,1961.9833446526625,34502.8203125,28962.649609375,2653.7651351452955,34502.8203125,31663.156835222613,29669.04906570234,1994.107769520273,1688.57904686857,920.3801752021086,768.1988716664614,80.3623745954071,88.43375170089213,88.7869856425686,0.24700171888568057
2023-10-27,5.39,33909.80078125,34238.2109375,33416.88671875,34156.5,16418032871.0,-0.007253169256571823,4.566047351880105e-06,6.28336087134633e-07,2.7938645335321926e-07,34156.6484375,34502.8203125,33901.52734375,29682.94921875,27021.546875,34189.756510416664,297.89284899164926,34502.8203125,33911.40625,522.2363252067707,34502.8203125,29307.0623046875,2829.73814351006,34502.8203125,32112.485624428093,30054.571948933946,2057.9136754941464,1799.4878365128498,1096.201707464257,703.2861290485928,78.00433118354945,85.56079544240471,88.81908266468326,0.2618388940006424
2023-10-30,5.41,34502.36328125,34843.93359375,34110.97265625,34531.7421875,17184860315.0,-0.0010462557765205105,4.469399147079966e-08,6.271086705151472e-07,2.474344849535829e-07,33909.80078125,34156.6484375,34502.8203125,33086.234375,26911.720703125,34189.604166666664,297.6527157030826,34502.36328125,34194.63203125,299.23255635513686,34502.8203125,29686.59443359375,2995.7297623128447,34502.8203125,32590.461155792476,30458.916615508133,2131.5445402843434,1913.1451465018145,1259.5903952717686,653.5547512300459,79.55518897098753,92.45738165586991,88.81730959972225,0.2894802365140694
2023-10-31,5.44,34667.78125,34719.25390625,34083.30859375,34500.078125,15758270810.0,0.004782938801692893,9.500580782333922e-09,6.079789221800731e-07,2.3673167631333916e-07,34502.36328125,33909.80078125,34156.6484375,33901.52734375,27530.78515625,34359.981770833336,398.5448138330156,34667.78125,34347.8828125,307.6894971931547,34667.78125,30043.44423828125,3146.6892556837906,34667.78125,33005.92517463398,30841.54067318921,2164.384501444769,1993.5864080002684,1406.3895978174685,587.1968101827999,79.97955607339553,94.38261196109623,90.8002630197903,0.2905702213598016
2023-11-01,5.37,35437.25390625,35527.9296875,34170.69140625,34657.2734375,22446272005.0,0.021952875620689483,1.7434126463368037e-08,6.450557718495488e-07,2.410744081781186e-07,34667.78125,34502.36328125,33909.80078125,34502.8203125,27429.978515625,34869.1328125,498.9107725528609,35437.25390625,34534.76953125,584.5472242466853,35437.25390625,30443.8080078125,3302.2206950426307,35437.25390625,33492.19092095718,31259.332785285646,2232.8581356715367,2095.273689068854,1544.1664160677456,551.1072730011083,81.86522707256817,98.97444235054296,95.27147865583636,0.2425636902206394
2023-11-02,5.38,34938.2421875,35919.84375,34401.57421875,35441.578125,20998158544.0,-0.014181643038138958,2.308134942368128e-08,6.468364361609237e-07,2.4304252619079453e-07,35437.25390625,34667.78125,34502.36328125,34156.6484375,27799.39453125,35014.42578125,390.35240123096816,35437.25390625,34691.08828125,562.2318681587119,35437.25390625,30800.750390625,3386.097175247395,35437.25390625,33781.401174265746,31593.779094577858,2187.622079687888,2111.2582457998687,1657.5847820141703,453.67346378569846,76.81249437350513,88.83194767828152,94.06300066330691,0.2295380058221732
2023-11-03,5.29,34732.32421875,34942.47265625,34133.44140625,34942.47265625,17158456701.0,-0.005911206955145687,2.2020261027960513e-08,6.341908682203778e-07,2.4336634016129286e-07,34938.2421875,35437.25390625,34667.78125,33909.80078125,27415.912109375,35035.940104166664,362.4777624498403,35437.25390625,34855.59296875,360.6937683585736,35437.25390625,31166.57099609375,3396.3686164104656,35437.25390625,33971.5857831626,31879.101378593507,2092.4844045690916,2083.295331249523,1742.7268918612408,340.56843938828206,74.76192019418973,84.79421889712383,90.86686964198276,0.22606273490322848
2023-11-06,5.33,35037.37109375,35286.02734375,34765.36328125,35044.7890625,12693436420.0,-0.00034198701250787167,2.196226625633112e-08,6.052665847782358e-07,2.4336362364002915e-07,34732.32421875,34938.2421875,35437.25390625,34502.36328125,27946.59765625,34902.645833333336,155.60759720996995,35037.37109375,34962.59453125,304.7233913079177,35437.25390625,31521.10966796875,3412.608104953054,35437.25390625,34184.74284528008,32166.216807244095,2018.5260380359869,2061.980031174473,1806.5775197238872,255.40251145058573,75.79288460743678,88.60677557774167,87.41098071771567,0.21997238812146525
2023-11-07,5.33,35443.5625,35892.41796875,34545.81640625,35047.79296875,18834737789.0,0.011526405303600384,2.8965663327260064e-08,6.117983568571543e-07,2.351919390428745e-07,35037.37109375,34732.32421875,34938.2421875,34667.78125,27391.01953125,35071.0859375,356.8157664619846,35443.5625,35117.75078125,314.4333742752956,35443.5625,31923.73681640625,3374.5004055239474,35443.5625,34436.506776224065,32464.15732476736,1972.3494514567064,2054.184395076649,1856.0988947944397,198.08550028220907,77.13242644947832,93.84797027117712,89.08298824868086,0.19407145963822092
2023-11-08,5.34,35655.27734375,35994.41796875,35147.80078125,35419.4765625,17295394918.0,0.0059555252934746505,6.544959594292671e-09,5.863641261534254e-07,2.3246408718441017e-07,35443.5625,35037.37109375,34732.32421875,35437.25390625,26873.3203125,35378.736979166664,314.01241147592503,35655.27734375,35161.35546875,378.4240683680905,35655.27734375,32362.83466796875,3251.876835646638,35655.27734375,34680.26088972925,32754.25914467487,1926.001745054382,2041.556127605967,1893.1903413567452,148.36578624922186,77.8213232003431,95.41252288256518,92.62242291049466,0.07764688297956246
2023-11-09,5.39,36693.125,37926.2578125,35592.1015625,35633.6328125,37762672382.0,0.02869223982446556,4.2158786781664885e-08,6.49575195450124e-07,2.3232486931194843e-07,35655.27734375,35443.5625,35037.37109375,34938.2421875,26756.798828125,35930.654947916664,668.7497506610151,36693.125,35512.33203125,750.5722359565317,36693.125,32859.6509765625,3106.0772668267855,36693.125,35082.8337117834,33112.337858795334,1970.4958529880678,2091.1878549852845,1932.789844082453,158.3980109028314,80.86458262165677,84.24801829070525,91.16950381481585,0.082344303486511
2023-11-10,5.38,37313.96875,37493.80078125,36362.75390625,36702.25,22711265155.0,0.016778346050335458,6.484160886337122e-08,6.711910922510003e-07,2.0808471236736651e-07,36693.125,35655.27734375,35443.5625,34732.32421875,26862.375,36554.123697916664,838.0365843909959,37313.96875,36028.6609375,943.1250854467528,37313.96875,33382.2306640625,2917.446981022065,37313.96875,35529.06071942672,33494.304303450306,2034.7564159764152,2155.767908003436,1977.3854568666497,178.38245113678613,82.41871281852985,87.8646410358248,89.17506073636508,0.0814759028983365
2023-11-13,5.37,36502.35546875,37405.1171875,36399.60546875,37070.3046875,19057712790.0,-0.015013537055029502,8.981890534690245e-08,5.057986657709727e-07,1.8016481139408933e-07,37313.96875,36693.125,35655.27734375,35037.37109375,28519.466796875,36836.483072916664,424.3732818855516,37313.96875,36321.6578125,769.8108238410285,37313.96875,33781.37509765625,2758.916851209287,37313.96875,35723.71966929138,33767.76350029573,1955.9561689956463,2117.0535805760155,2005.319081608523,111.73449896749253,73.96185953445573,68.42348269532458,80.17871400728488,0.0686749765727801
2023-11-14,5.24,35537.640625,36753.3515625,34948.5,36491.7890625,23857403554.0,-0.02678435783979438,1.7356121308199642e-07,5.571153644895249e-07,1.8617929951940422e-07,36502.35546875,37313.96875,36693.125,35443.5625,28415.748046875,36451.321614583336,889.2630334271266,37313.96875,36340.4734375,743.689493631489,37313.96875,34137.4697265625,2474.9191257981456,37313.96875,35686.503860433106,33928.661420723394,1757.8424397097115,1985.638566359943,2001.382978558807,-15.744412198863984,65.37509068777366,47.02992639460013,67.77268337524983,0.048004995790187355
2023-11-15,5.27,37880.58203125,37964.89453125,35383.78125,35548.11328125,27365821679.0,0.0638461992762771,1.500087422186284e-06,9.020135270923072e-07,2.1675380151530965e-07,35537.640625,36502.35546875,37313.96875,35655.27734375,28328.341796875,36640.192708333336,1177.5368090817071,37880.58203125,36785.534375,883.7902543819276,37880.58203125,34615.08173828125,2201.457969677256,37880.58203125,36125.319494596486,34287.92693077127,1837.3925638252185,2046.9510341666028,2010.4965896803662,36.454444486236525,73.43996699423546,98.14616633313007,71.19985847435159,0.09791267695091088
2023-11-16,5.23,36154.76953125,37934.625,35545.47265625,37879.98046875,26007385366.0,-0.046629756190665006,2.235020419564328e-06,1.1004910253147319e-06,2.3701083759983392e-07,37880.58203125,35537.640625,36502.35546875,36693.125,28719.806640625,36524.330729166664,1214.4032351466149,37880.58203125,36677.86328125,929.4757027941014,37880.58203125,34986.8298828125,1731.053269519626,37880.58203125,36131.209501927195,34457.63989445115,1673.5696074760417,1933.9891381841735,1995.1950993811279,-61.20596119695438,61.98680987911264,53.366355166521416,66.18081596475054,0.042892513672186716
2023-11-17,5.24,36596.68359375,36704.484375,35901.234375,36164.82421875,22445028430.0,0.012148746966680335,2.155653229009774e-06,1.00404300635735e-06,2.3662521971414633e-07,36154.76953125,37880.58203125,35537.640625,37313.96875,29682.94921875,36877.345052083336,896.4849897988203,37880.58203125,36534.40625,859.4708697146136,37880.58203125,35332.5166015625,1235.5449626097766,37880.58203125,36224.30432029176,34652.09841256923,1572.205907722535,1858.6988698140703,1967.8958534677165,-109.19698365364616,63.55417239740763,64.75123932509867,72.08792027491671,0.032717819799674475
2023-11-20,5.25,37476.95703125,37756.8203125,36882.53125,37374.07421875,20888209068.0,0.0024153344549944222,2.028629944611073e-06,2.7133787311167225e-07,2.328793928556282e-07,36596.68359375,36154.76953125,37880.58203125,36502.35546875,33086.234375,36742.803385416664,673.0959749001487,37476.95703125,36729.3265625,955.532022629637,37880.58203125,35552.052734375,1205.1157267180406,37880.58203125,36474.83486248341,34908.903741540205,1565.9311209432053,1848.7502571900404,1944.0667342121815,-95.31647702214104,66.51585686395373,87.26494924820462,68.4608479132749,0.07266292419995546
2023-11-21,5.24,35813.8125,37631.140625,35813.8125,37469.16015625,25172163756.0,-0.04539262192194826,2.865969555332433e-06,3.5318898182369e-07,2.5177600491552097e-07,37476.95703125,36596.68359375,36154.76953125,35537.640625,33901.52734375,36629.151041666664,832.0474952414362,37476.95703125,36784.5609375,873.9225121792175,37880.58203125,35647.6669921875,1141.4491427622634,37880.58203125,36342.630389986734,34991.16817412746,1351.4622158592756,1687.2148829012367,1892.6963639499927,-205.481481048756,57.07830936526841,43.85727918177258,65.29115591835863,0.03113780334533911
2023-11-22,5.26,37432.33984375,37856.98046875,35670.97265625,35756.5546875,24397247860.0,0.044201389467836805,1.608845161585896e-06,4.5769366625244036e-07,2.717531926803454e-07,35813.8125,37476.95703125,36596.68359375,37880.58203125,34502.8203125,36907.703125,947.5997034362435,37476.95703125,36694.9125,747.1835937172805,37476.95703125,35794.14296875,1174.2970080156442,37880.58203125,36560.57228073939,35213.09287136587,1347.4794093735181,1670.5416013171198,1848.2654114234183,-177.72381010629852,62.634526200406356,86.10045144425459,72.40755995807727,0.06835469315296927
2023-11-24,5.27,37720.28125,38415.33984375,37261.60546875,37296.31640625,22922957823.0,0.01148288092363181,7.3944018744919e-07,4.597372489420428e-07,2.6999506239615846e-07,37432.33984375,35813.8125,37476.95703125,36154.76953125,34156.6484375,36988.811197916664,1027.7130039256538,37720.28125,37008.01484375,790.9795429337698,37720.28125,35972.324609375,1183.0856665864126,37880.58203125,36792.51407459151,35441.01908760534,1351.494986986174,1661.410662667833,1810.8944616723013,-149.4837990044682,63.53880434807481,82.0376176814409,70.66511610248936,0.06423504268229241
2023-11-27,5.24,37254.16796875,37559.35546875,36750.12890625,37454.19140625,19002925720.0,-0.0060201767439203024,7.016360381817364e-07,4.5862824380913553e-07,2.696040343534342e-07,37720.28125,37432.33984375,35813.8125,36596.68359375,33909.80078125,37468.9296875,235.2009996552676,37720.28125,37139.51171875,759.5286980104397,37720.28125,36139.54296875,1110.3347161841539,37880.58203125,36884.84485342321,35605.85080407304,1278.9940493501708,1598.1405126557947,1768.343671869,-170.20315921320525,60.96665631704044,69.99186350063295,79.37664420877614,0.04484302869348644
2023-11-28,5.21,37831.0859375,38368.48046875,36891.08984375,37247.9921875,21696137014.0,0.015367313611232447,7.809279401834189e-07,4.7468511067679094e-07,2.6789682393679194e-07,37254.16796875,37720.28125,37432.33984375,37476.95703125,34502.36328125,37601.845052083336,306.1518175669755,37831.0859375,37210.3375,813.4585848506393,37831.0859375,36305.9791015625,1101.457432036121,37880.58203125,37074.09307023857,35808.144907111855,1265.9481631267117,1576.379401034901,1729.9508177021803,-153.5714166672792,62.965027764522375,83.14736380732182,78.3922816631319,0.031012919654567428
2023-11-29,5.12,37858.4921875,38366.11328125,37612.6328125,37826.10546875,20728546658.0,0.0007241750284947557,2.2250856374206558e-07,4.731463600246973e-07,2.65768621207104e-07,37831.0859375,37254.16796875,37720.28125,35813.8125,34667.78125,37647.915364583336,341.2704710769795,37858.4921875,37619.2734375,264.8296129009274,37858.4921875,36465.5146484375,1082.6024658924925,37880.58203125,37230.97289369086,35994.54011441987,1236.4327792709882,1543.5519130010434,1692.671036761953,-149.1191237609096,63.061774589268325,83.93788922052796,79.02570550949424,0.014593018532771396
2023-11-30,5.16,37712.74609375,38141.75390625,37531.140625,37861.1171875,18115982627.0,-0.003857188998471983,7.044437819533538e-09,4.4156531250551804e-07,2.6525750938814353e-07,37858.4921875,37831.0859375,37254.16796875,37432.33984375,35437.25390625,37800.774739583336,77.45681054879564,37858.4921875,37675.3546875,244.236735291473,37858.4921875,36579.2892578125,1088.405564248559,37880.58203125,37327.327533702686,36150.74065799534,1176.5868757073476,1488.615566886183,1651.8599427867991,-163.2443759006162,62.13222282387363,79.73388498846775,82.27304600543918,0.03315924710766205
2023-12-01,5.05,38688.75,38954.109375,37629.359375,37718.0078125,23512784002.0,0.02555073011462916,3.539206924469714e-08,4.720924616360515e-07,2.715474810280545e-07,37712.74609375,37858.4921875,37831.0859375,37720.28125,34938.2421875,38086.662760416664,526.4905165459719,38688.75,37869.0484375,518.6452667519826,38688.75,36766.8146484375,1113.5854956595956,38688.75,37599.61202696215,36381.46877999576,1218.1432469663923,1506.4678515752676,1622.7815245444929,-116.31367296922531,65.77088986098138,93.37530572361415,85.68235997753662,0.0886696280220487
2023-12-04,5.1,41980.09765625,42371.75,39978.62890625,39978.62890625,39856129827.0,0.04885656688656326,4.3332218433783247e-07,6.475275053267758e-07,2.9637878254472036e-07,38688.75,37712.74609375,37858.4921875,37254.16796875,34732.32421875,39460.53125,2235.9130266809707,41980.09765625,38814.234375,1811.8869347170187,41980.09765625,37129.2033203125,1521.3227950444477,41980.09765625,38475.70915281973,36890.435041473414,1585.2741113463126,1765.8446072966253,1651.3941410949194,114.45046620170592,74.62561242238284,94.72397745259826,89.27772272156005,0.10822208649323439
2023-12-05,5.06,44080.6484375,44408.6640625,41421.1484375,41986.265625,36312154535.0,0.048825234559730646,1.1833566182187822e-06,8.535547468342396e-07,3.090853336690189e-07,41980.09765625,38688.75,37712.74609375,37831.0859375,35037.37109375,41583.165364583336,2717.776411554993,44080.6484375,40064.146875,2832.3518053046814,44080.6484375,37581.3671875,2100.524017140544,44080.6484375,39596.697009755786,37544.09080474856,2052.6062050072287,2116.50173341966,1744.4156595598677,372.08607385979235,78.45605301857657,96.3654306453079,94.8215712738401,0.21922083888266375
2023-12-06,5.07,43746.4453125,44265.76953125,43478.08203125,44080.0234375,29909761586.0,-0.007610515703399656,1.2084628308005071e-06,8.466454057162862e-07,2.9471498055244615e-07,44080.6484375,41980.09765625,38688.75,37858.4921875,35443.5625,43269.063802083336,1128.715298921056,44080.6484375,41241.7375,2909.023795791963,44080.6484375,37996.511328125,2447.586437811876,44080.6484375,40426.64667030463,38107.94121454414,2318.7054557604934,2340.4533438189683,1863.623196411688,476.83014740728026,76.4779389023289,92.52843902780857,94.53928237523826,0.19536638341653023
2023-12-07,5.05,43292.6640625,44042.58984375,42880.6484375,43769.1328125,27635760671.0,-0.010427160036986294,1.2500819036386402e-06,8.533994787221476e-07,2.9576949731443285e-07,43746.4453125,44080.6484375,41980.09765625,37712.74609375,35655.27734375,43706.5859375,395.50148058225363,44080.6484375,42357.72109375,2200.8578037734173,44080.6484375,38378.3806640625,2650.4645219708827,44080.6484375,40999.85014874371,38579.2796552674,2420.5704934763125,2453.043100185161,1981.5071771663827,471.5359230187785,73.75863055908978,87.22774760388386,92.04053909233345,0.15518087624885335
2023-12-08,5.13,44166.6015625,44705.515625,43125.296875,43293.13671875,24421116687.0,0.019985683234800433,1.1393174874488295e-06,8.146964677850845e-07,2.9911183092043217e-07,43292.6640625,43746.4453125,44080.6484375,38688.75,36693.125,43735.236979166664,437.0765476765177,44166.6015625,43453.29140625,892.2483405724016,44166.6015625,38752.0544921875,2914.0770262337437,44166.6015625,41633.200431494966,39087.21801047036,2545.982421024608,2583.015352606708,2101.8088122544477,481.20654035226016,75.5609242748289,94.03496043613855,91.26371568927699,0.23322814521631852
2023-12-11,5.14,41243.83203125,43808.375,40234.578125,43792.01953125,40632672038.0,-0.0596686466968368,1.6953727842917119e-06,1.137522722458558e-06,3.392803948457478e-07,44166.6015625,43292.6640625,43746.4453125,41980.09765625,37313.96875,42901.032552083336,1500.2256040890804,44166.6015625,43306.03828125,1202.8530558262123,44166.6015625,38948.54765625,2944.3409307514708,44166.6015625,41555.32675144597,39283.273830541235,2272.052920904738,2422.2539883061327,2165.8978474647847,256.35614084134795,60.57644279100981,61.68391023515215,80.98220609172485,0.10182350885383928
2023-12-12,5.14,41450.22265625,42048.3046875,40667.5625,41238.734375,24779520132.0,0.004991678164291358,6.893440882121074e-07,1.1162400689370068e-06,3.393764038474361e-07,41243.83203125,44166.6015625,43292.6640625,44080.6484375,36502.35546875,42286.885416666664,1631.1495529846559,44166.6015625,42779.953125,1346.0706405439303,44166.6015625,39195.941015625,2935.841840316015,44166.6015625,41534.30593240678,39480.26917833294,2054.036754073837,2285.161527805045,2189.750583532837,95.41094427220787,61.162148866193164,63.96837139399432,73.22908068842834,0.09888424165050469
2023-12-13,4.94,42890.7421875,43429.78125,40676.8671875,41468.46484375,26797884674.0,0.034162749571038376,1.1069190007715602e-06,1.164256564093082e-06,3.5292894636304633e-07,41450.22265625,41243.83203125,44166.6015625,43746.4453125,35537.640625,41861.598958333336,897.2185420101629,42890.7421875,42608.8125,1242.9145362394722,44166.6015625,39563.59609375,2913.9335662140743,44166.6015625,41805.59318342542,39790.312179166314,2015.2810042591082,2266.6244170528516,2205.12535023684,61.49906681601169,65.06351731806285,77.18811791735061,67.61346651549904,0.1513004994093048
2023-12-14,4.9,43023.97265625,43390.859375,41767.08984375,42884.26171875,25578530178.0,0.003101461159202401,1.065603775353122e-06,7.668002382837892e-07,3.419796792266026e-07,42890.7421875,41450.22265625,41243.83203125,43292.6640625,37880.58203125,42454.979166666664,872.6908521174713,43023.97265625,42555.07421875,1211.364123522201,44166.6015625,39820.765625,2983.711164953825,44166.6015625,42049.26907799034,40084.28131344665,1964.9877645436936,2236.898633576886,2211.4800069048492,25.41862667203668,65.40960519143604,78.86283812216467,73.33977581116987,0.13726507156916057
2023-12-15,4.95,41929.7578125,43087.82421875,41692.96875,43028.25,19639442462.0,-0.0257616788095838,1.177503151487377e-06,6.402205051526879e-07,3.4975047299978706e-07,43023.97265625,42890.7421875,41450.22265625,44166.6015625,36154.76953125,42614.82421875,597.0130443970463,43023.97265625,42107.70546875,815.9225445646653,43023.97265625,40109.5150390625,2888.169245356588,44166.6015625,42025.36682489228,40252.051904269676,1773.3149206226008,2100.8296859552356,2189.349942714927,-88.52025675969116,60.14026464070054,64.47905591271751,73.51000398407761,0.10753903258577835
2023-12-18,4.95,42623.5390625,42720.296875,40530.2578125,41348.203125,25224642008.0,0.029979669511789098,3.056042140659215e-07,7.017366498374645e-07,3.602342067805755e-07,41929.7578125,43023.97265625,42890.7421875,41243.83203125,36596.68359375,42525.756510416664,553.622255414134,43023.97265625,42383.646875,671.1942857553151,43023.97265625,40410.8578125,2815.867566523997,44166.6015625,42145.00127241382,40467.641645926975,1677.3596264868465,2025.6262547877923,2156.6052051295,-130.9789503417078,62.21851744531488,70.98037721055842,71.44075708181354,0.13021573545830556
2023-12-19,4.93,42270.52734375,43354.296875,41826.3359375,42641.51171875,23171001281.0,-0.008316570718614358,3.154670211684052e-07,7.070519399211707e-07,3.6077323548038404e-07,42623.5390625,41929.7578125,43023.97265625,41450.22265625,37476.95703125,42274.608072916664,346.9086262634075,42623.5390625,42547.7078125,449.70611988737386,43023.97265625,40650.536328125,2756.378001405678,44166.6015625,42170.106486681056,40631.54034572907,1538.566140951989,1915.4616487615785,2108.3764938559157,-192.91484509433712,60.490290074624056,66.05992464500392,67.17311925609329,0.09257929873025095
2023-12-20,4.88,43652.25,44275.5859375,42223.81640625,42261.30078125,27868908174.0,0.03216473724475044,2.863960995137155e-07,6.234173355319174e-07,3.7314031339499284e-07,42270.52734375,42623.5390625,41929.7578125,42890.7421875,35813.8125,42848.772135416664,717.8696452354212,43652.25,42700.009375,669.9448501355471,43652.25,41042.458203125,2584.3568527252264,44166.6015625,42466.535189344846,40906.15031429915,1560.3848750456964,1917.5446149232448,2070.2101180693817,-152.66550314613687,64.63138950511025,85.11528592941966,74.051862594994,0.039832026057734726
2023-12-21,4.84,43869.15234375,44240.66796875,43330.05078125,43648.125,22452766169.0,0.004956565640048538,2.896049688633873e-07,4.803987707304691e-07,3.7341134054853133e-07,43652.25,42270.52734375,42623.5390625,43023.97265625,37432.33984375,43263.9765625,867.1606940800981,43869.15234375,42869.0453125,853.578019550548,43869.15234375,41364.298828125,2510.8682073639325,44166.6015625,42747.05862022588,41175.514135158315,1571.544485067563,1914.6269592530662,2039.0934863061186,-124.46652705305246,65.2471757318558,82.30625502548172,77.82715519996844,-0.004797935176699353
2023-12-22,4.82,43997.90234375,44367.95703125,43441.96875,43868.98828125,21028503216.0,0.0029305657871940838,1.6575842183824356e-07,4.7189293065243953e-07,3.7072336658663703e-07,43869.15234375,43652.25,42270.52734375,41929.7578125,37720.28125,43839.768229166664,174.68959707873228,43997.90234375,43282.67421875,782.7826279941646,43997.90234375,41678.1798828125,2422.1706335027807,44166.6015625,42997.2273649307,41432.094881393925,1565.1324835367777,1900.7925913148501,2011.433307307865,-110.64071599301496,65.62970346591425,84.17304466345146,83.86486187278427,0.005748056315289851
2023-12-26,4.83,42520.40234375,43603.17578125,41676.48828125,43599.84765625,30026850982.0,-0.025374479539831185,1.268436261517592e-07,5.145561864750814e-07,3.747130966216512e-07,43997.90234375,43869.15234375,43652.25,42623.5390625,37254.16796875,43462.485677083336,818.403870856873,43997.90234375,43262.046875,805.5225619773483,43997.90234375,41941.4916015625,2191.155631307263,44166.6015625,42901.86236069456,41531.03192342629,1370.8304372682687,1750.4289971602411,1959.2324452783405,-208.80344811809937,57.77105189244185,51.126284336338855,72.53519467509068,-0.01783816578335573
2023-12-27,4.79,43442.85546875,43683.16015625,42167.58203125,42518.46875,25260941032.0,0.02146239120433968,1.8874237616278843e-07,5.307846857205621e-07,3.8036339698106515e-07,42520.40234375,43997.90234375,43869.15234375,42270.52734375,37831.0859375,43320.38671875,746.3246669815373,43997.90234375,43496.5125,585.2726953328323,43997.90234375,42222.080078125,1986.8800971230053,44166.6015625,43010.06098230565,41704.83406391027,1305.226918395383,1686.260857897687,1904.63812780221,-218.37726990452302,60.91757278702782,71.75849234640386,69.01927378206473,-0.01638672816439879
2023-12-28,4.82,42627.85546875,43804.78125,42318.55078125,43468.19921875,22992093014.0,-0.01893848326303349,8.955898421624902e-08,5.571977541289545e-07,3.8464035496987554e-07,43442.85546875,42520.40234375,43997.90234375,43652.25,37858.4921875,42863.704427083336,504.42887537881535,43442.85546875,43291.63359375,687.4973726334274,43997.90234375,42460.5482421875,1701.2777082244586,44166.6015625,42933.619879594524,41788.74510071388,1144.8747788806431,1551.755781747277,1834.0616585912235,-282.3058768439464,56.884706145400095,53.52965331655833,58.80480999976702,0.03355710100970599
2023-12-29,4.79,42099.40234375,43124.32421875,41424.0625,42614.64453125,26000021055.0,-0.012474379352008569,1.05932407164244e-07,5.677523212800544e-07,3.862906250050948e-07,42627.85546875,43442.85546875,42520.40234375,43869.15234375,37712.74609375,42723.37109375,676.8005620067129,43442.85546875,42937.68359375,766.8270639274641,43997.90234375,42679.8810546875,1290.027221989298,44166.6015625,42766.77637242562,41816.986668262616,949.7897041630058,1386.5346804129367,1744.5562629555661,-358.0215825426294,54.37123439647473,45.11621753162374,56.80145439819531,0.015661669489297925
2024-01-02,4.8,44957.96875,45899.70703125,44176.94921875,44187.140625,39335274536.0,0.0177426040136055,1.49548450052393e-07,5.425669214319981e-07,3.8530826130053125e-07,42099.40234375,42627.85546875,43442.85546875,43997.90234375,38688.75,43228.408854166664,1520.9696746769832,44957.96875,43129.696875,1131.9494023273548,44957.96875,42993.3419921875,997.75104217516,44957.96875,43205.014847940496,42102.53049387511,1102.4843540653892,1469.3207709724957,1689.509164558952,-220.1883935864564,63.71175277684753,82.46117538533616,60.36901541117275,0.048197500371128355
2024-01-03,4.81,42848.17578125,45503.2421875,40813.53515625,44961.6015625,46342323118.0,-0.04806495357875562,5.183856820180676e-07,5.369301870684142e-07,4.1391400555100293e-07,44957.96875,42099.40234375,42627.85546875,42520.40234375,41980.09765625,43301.848958333336,1482.3005729065578,44957.96875,43195.2515625,1096.7867856682478,44957.96875,43036.7458984375,969.844449383619,44957.96875,43133.6470346024,42170.316429091006,963.3306055113935,1349.1346988784426,1621.4342714228503,-272.29957254440774,54.796011700201674,43.168635633164776,56.91534285004156,-0.004086021446800592
2024-01-04,4.85,44179.921875,44770.0234375,42675.17578125,42855.81640625,30448091210.0,0.03060735771828682,6.645922554321688e-07,4.361288778861919e-07,4.257948908891859e-07,42848.17578125,44957.96875,42099.40234375,43442.85546875,44080.6484375,43995.35546875,1066.9372809513911,44957.96875,43342.66484375,1184.4175325186302,44957.96875,43041.7095703125,975.7046820675683,44957.96875,43342.90200268192,42353.00783326455,989.89416941737,1345.8332231052918,1566.3140617593388,-220.48083865404692,58.722609366746546,67.97092055094687,64.53357718981594,0.05366508608426024
2024-01-05,4.84,44162.69140625,44353.28515625,42784.71875,44192.98046875,32336029347.0,-0.0003900828451524063,5.528256815519014e-07,4.323222330407378e-07,4.2578154881521336e-07,44179.921875,42848.17578125,44957.96875,42627.85546875,43746.4453125,43730.263020833336,763.9585367939331,44179.921875,43649.63203125,1151.2739047419882,44957.96875,43062.521875,995.7614826225905,44957.96875,43506.85988339554,42517.52452171777,989.3353616777677,1326.5349557120207,1518.3582405498753,-191.82328483785454,58.651622170594244,67.65002229773626,59.59652616061597,0.03611038354870311
2024-01-08,4.82,46970.50390625,47218.0,43244.08203125,43948.70703125,42746192015.0,0.06662426635587337,2.5605089137961347e-06,7.639031193110962e-07,4.854247984658716e-07,44162.69140625,44179.921875,42848.17578125,42099.40234375,43292.6640625,45104.372395833336,1616.1402578028326,46970.50390625,44623.85234375,1515.0229581330723,46970.50390625,43246.4138671875,1325.505077706962,46970.50390625,44199.58868796643,42922.34082940252,1277.247858563911,1520.2830658088933,1518.743205601679,1.5398602072143603,65.8882243425269,96.29925785397958,77.30673356755425,0.11118802763635083
2024-01-09,4.82,46139.73046875,47893.69921875,45244.71484375,46987.640625,39821290992.0,-0.017845417106437722,2.5628513873420395e-06,7.568427258678411e-07,4.889479022883293e-07,46970.50390625,44162.69140625,44179.921875,44957.96875,44166.6015625,45757.641927083336,1442.3752975713212,46970.50390625,44860.2046875,1664.9413517920568,46970.50390625,43345.0703125,1463.8123295687176,46970.50390625,44587.61704412315,43214.83079661593,1372.7862475072252,1588.4823300920907,1532.6910304997614,55.791299592329324,62.40793602003649,75.22700414119112,79.72542809763566,0.056984014999226895
2024-01-10,4.82,46627.77734375,47647.22265625,44483.15234375,46121.5390625,50114613298.0,0.010522032751948629,1.347887314267028e-06,4.86485844069499e-07,4.868312104054536e-07,46139.73046875,46970.50390625,44162.69140625,42848.17578125,41243.83203125,46579.337239583336,417.49965135652724,46970.50390625,45616.125,1351.5818511021876,46970.50390625,43614.267578125,1549.5976382644205,46970.50390625,44995.64910404853,43525.0986645372,1470.550439511324,1662.7449536177664,1558.7018151233624,104.04313849440405,63.62353826065925,82.12016185182856,84.54880794899975,0.06288302491883035
2024-01-11,4.75,46368.5859375,48969.37109375,45678.64453125,46656.07421875,45833734549.0,-0.005574241147522585,9.600822245958564e-07,4.869152629000513e-07,4.1452803814342097e-07,46627.77734375,46139.73046875,46970.50390625,44179.921875,41450.22265625,46378.697916666664,244.18052162588535,46627.77734375,46053.8578125,1101.4265717040646,46970.50390625,43860.1857421875,1578.0979274256674,46970.50390625,45270.236470738826,43783.59750753382,1486.638963205005,1681.3030227918134,1583.2220566570527,98.08096613476073,62.46822898711694,68.11136005946662,75.15284201749544,0.0538817413436703
2024-01-12,4.65,42853.16796875,46498.13671875,41903.76953125,46354.79296875,43332698900.0,-0.07884262883299442,4.941904385641052e-06,9.029683552020521e-07,4.907776559155096e-07,46368.5859375,46627.77734375,46139.73046875,44162.69140625,42890.7421875,45283.177083333336,2108.4362141139572,46627.77734375,45791.953125,1671.63817440457,46970.50390625,43858.30703125,1579.334665070218,46970.50390625,44786.82277034107,43699.01300400802,1087.8097663330482,1396.2504695345342,1545.827739232549,-149.5772696980148,49.373049689564866,25.008261913679526,58.41326127499158,0.007826022489387574
2024-01-16,4.7,43154.9453125,43566.2734375,42085.99609375,42499.3359375,24062872740.0,0.015011364505806313,1.9053636019431146e-06,9.235836023606145e-07,4.938520261919479e-07,42853.16796875,46368.5859375,46627.77734375,46970.50390625,43023.97265625,44125.56640625,1948.3633784479498,46368.5859375,45028.84140625,1859.4775830350666,46627.77734375,43864.8556640625,1575.9609911652865,46970.50390625,44460.44727877286,43649.552304780016,810.894973992843,1181.080417116049,1472.878274809249,-291.79785769320006,50.33553120338443,28.708401863312986,40.60934127881972,-0.006627330389391783
2024-01-17,4.8,42742.65234375,43189.890625,42189.30859375,43132.1015625,20851232595.0,-0.009599712825862028,1.7824605068880005e-06,8.694762255829316e-07,4.949711084745844e-07,43154.9453125,42853.16796875,46368.5859375,46139.73046875,41929.7578125,42916.921875,213.41226169541588,43154.9453125,44349.42578125,1969.4660120246765,46627.77734375,43905.500390625,1533.3332213955625,46970.50390625,44116.88829176829,43567.10685377729,549.7814379910051,966.1508182312973,1371.5327834936588,-405.3819652623615,48.96588555094868,23.65321227993375,25.78995868564209,0.0026930014127535262
2024-01-18,4.8,41262.05859375,42876.34765625,40631.171875,42742.3125,25218357242.0,-0.03525390600437994,2.4383233019446503e-06,9.018540314688699e-07,5.092892663531172e-07,42742.65234375,43154.9453125,42853.16796875,46627.77734375,42623.5390625,42386.552083333336,995.419800439408,43154.9453125,43276.28203125,1877.3617297531316,46368.5859375,43837.4263671875,1620.961099279795,46970.50390625,43545.922352164635,43357.557011956626,188.365340208009,668.6383738830555,1230.9539015715382,-562.3155276884827,44.30371284652755,7.5662226602997595,19.975945601182172,-0.01988968259366064
2024-01-19,4.84,41618.40625,42134.16015625,40297.45703125,41278.4609375,25752407154.0,0.008599127738074586,2.465175422358428e-06,9.023079927393512e-07,5.08848276272347e-07,41262.05859375,42742.65234375,43154.9453125,46368.5859375,42270.52734375,41874.372395833336,772.7732293464417,42742.65234375,42326.24609375,832.363427552148,43154.9453125,43804.8203125,1660.2218852496571,46970.50390625,43160.41913173171,43199.4523972333,-39.033265501588176,456.35136158590467,1076.0333935744115,-619.6820319885069,45.64510597089224,15.23249895270742,15.483977964313647,-0.07428188134055769
2024-01-22,4.83,39507.3671875,41651.20703125,39450.1171875,41553.65234375,31338708143.0,-0.05030891028125595,6.939772644125944e-07,1.0500505552901075e-06,5.453125555957117e-07,41618.40625,41262.05859375,42742.65234375,42853.16796875,43652.25,40795.944010416664,1130.0745924262735,41618.40625,41657.0859375,1431.8581069968575,43154.9453125,43597.576171875,1918.8294189540127,46970.50390625,42429.80874288537,42863.80828725754,-433.99954437217093,116.42706649172032,884.1121281578734,-767.685061666153,39.56576570388565,0.6014126796472117,7.800044764218136,-0.07796851401108906
2024-01-23,4.81,39845.55078125,40127.3515625,38521.89453125,39518.71484375,29244553045.0,0.008523584257922323,6.440304263578663e-07,1.0549835923068075e-06,5.463801987963171e-07,39507.3671875,41618.40625,41262.05859375,43154.9453125,43869.15234375,40323.774739583336,1133.8629090826653,41618.40625,40995.20703125,1327.4532982982244,42742.65234375,43396.39609375,2091.9732925725657,46970.50390625,41912.9571505583,42589.42124125685,-676.4640906985514,-124.24458248796145,682.4407860287065,-806.685368516668,40.92320405260179,12.669626412478491,9.501179348277711,-0.09810726026210292
2024-01-24,4.83,40077.07421875,40483.78515625,39508.796875,39877.59375,22359526178.0,0.005793705727986875,6.253607982277732e-07,1.0575507855622354e-06,4.94505042778884e-07,39845.55078125,39507.3671875,41618.40625,42742.65234375,43997.90234375,39809.997395833336,286.51275325026444,40077.07421875,40462.09140625,924.2389341732164,41618.40625,43200.3546875,2212.8587863913176,46970.50390625,41545.78056419664,42361.02605739259,-815.245493195951,-292.9199924294444,487.36863033707635,-780.2886227665208,41.88558729867,14.885696830200475,9.385578640775398,-0.09251286679782822
2024-01-25,4.76,39933.80859375,40254.48046875,39545.6640625,40075.55078125,18491782013.0,-0.0035811572894939303,2.9680151656864954e-07,9.936519192961355e-07,4.912530469364671e-07,40077.07421875,39845.55078125,39507.3671875,41262.05859375,42520.40234375,39952.14453125,116.84575508396416,40077.07421875,40196.44140625,822.0638731529358,41618.40625,43071.025,2327.3160619626906,46970.50390625,41223.38617010731,42140.369924334176,-916.9837542268651,-433.1635686806985,303.2621905335214,-736.4257592142199,41.435767846752654,13.514402775191677,13.689908672623552,-0.14981093936196166
2024-01-26,4.78,41816.87109375,42209.38671875,39825.69140625,39936.81640625,25598119893.0,0.04607657449481728,9.112918499077794e-07,1.1662741410122662e-06,4.841072444524867e-07,39933.80859375,40077.07421875,39845.55078125,41618.40625,43442.85546875,40609.251302083336,1048.279748323712,41816.87109375,40236.134375,908.1694146196326,41816.87109375,42989.72578125,2341.997054436605,46970.50390625,41342.083154835855,42110.96093973561,-768.8777848997561,-387.8888655307601,165.0319793206651,-552.9208448514252,49.16357141981138,31.538492025212427,19.979530543534864,-0.09369060744574209
2024-01-29,4.76,43288.24609375,43305.8671875,41818.33203125,42030.9140625,20668476578.0,0.029364415736914395,3.8548274344569045e-07,1.2212943443286779e-06,4.958206529971765e-07,41816.87109375,39933.80859375,40077.07421875,39507.3671875,42627.85546875,41679.641927083336,1681.4239853438994,43288.24609375,40992.31015625,1518.5817406392255,43288.24609375,43022.7453125,2341.2818387621487,46970.50390625,41731.31574261869,42217.98686282783,-486.6711202091392,-230.6222022021102,85.90114301611004,-316.52334521822024,54.24415418059613,45.6220364217735,30.224977074059208,-0.07162106881870556
2024-01-30,4.8,42952.609375,43838.9453125,42711.37109375,43300.2265625,23842814518.0,-0.007783744989936281,3.8249228386027324e-07,1.2108156682502821e-06,4.966519754581936e-07,43288.24609375,41816.87109375,39933.80859375,39845.55078125,42099.40234375,42685.908854166664,771.0920655252551,43288.24609375,41613.721875,1566.9488946591202,43288.24609375,43065.4056640625,2331.3241214034315,46970.50390625,41975.57446909495,42284.77072757075,-309.1962584758003,-131.55384579417296,42.41014525405345,-173.9639910482264,52.94431796415248,42.40942602018879,39.856651489058244,-0.07367006117254427
2024-01-31,4.73,42582.60546875,43717.40625,42298.9453125,42946.25,24673628793.0,-0.008651552809046947,3.9277303699758696e-07,1.1845561447145043e-06,4.976923129739149e-07,42952.609375,43288.24609375,41816.87109375,40077.07421875,44957.96875,42941.153645833336,352.9597685442786,43288.24609375,42114.828125,1336.3408419755544,43288.24609375,42946.6375,2289.973046039453,46970.50390625,42096.980669025965,42311.8466131325,-214.86594410653197,-81.95297963929625,17.53752027538351,-99.49049991467976,51.479802081871235,38.867863576506586,42.29977533948963,-0.006313710580214349
2024-02-01,4.68,43075.7734375,43243.16796875,41879.19140625,42569.76171875,21423953779.0,0.011514890294240132,4.2337102708668824e-07,9.594022489769633e-07,4.946169958201484e-07,42582.60546875,42952.609375,43288.24609375,39933.80859375,42848.17578125,42870.329427083336,256.6732430977284,43075.7734375,42743.22109375,577.7993738697921,43288.24609375,42958.0173828125,2290.023509713788,46970.50390625,42292.739222720775,42381.29450625681,-88.55528353603586,-2.8169305334668024,13.466630113613448,-16.28356064708025,53.33273752749115,57.09303703674682,46.1234422111474,-0.0018345956512443307
2024-02-02,4.81,43185.859375,43422.48828125,42584.3359375,43077.640625,18603843039.0,0.0025523745302447054,5.1693686205317225e-08,8.704442623583249e-07,4.9239535812794e-07,43075.7734375,42582.60546875,42952.609375,41816.87109375,44179.921875,42948.079427083336,321.2602357495677,43185.859375,43017.01875,273.1240599367275,43288.24609375,42908.3142578125,2272.830361586927,46970.50390625,42471.36325317662,42454.436767051644,16.92648612497578,67.99813350140175,24.37293079117111,43.62520271023064,53.75726219576727,87.71713936223749,61.22601332516364,0.010369198141603198
2024-02-05,4.87,42658.66796875,43494.25,42264.81640625,42577.62109375,18715487317.0,0.001761707531647616,3.083513814220359e-09,8.707196472328462e-07,4.828068729379217e-07,43185.859375,43075.7734375,42582.60546875,43288.24609375,44162.69140625,42973.43359375,278.0967051588733,43185.859375,42891.103125,261.70799366583526,43185.859375,42833.1130859375,2253.9457345610003,46970.50390625,42508.8241962913,42473.003239933314,35.8209563579876,80.64995885919052,35.62833640477499,45.02162245441553,51.34825840169822,77.80202987881704,74.20406875926712,0.03384730240317069
2024-02-06,4.82,43084.671875,43344.1484375,42529.01953125,42657.390625,16798476726.0,0.009936804708699398,3.989195237833932e-09,5.128292264778309e-07,4.745981725405101e-07,42658.66796875,43185.859375,43075.7734375,42952.609375,46970.50390625,42976.399739583336,279.7764039137398,43185.859375,42917.515625,275.75443659197833,43185.859375,42638.821484375,2035.4160393052794,46627.77734375,42623.99373203304,42528.60947948483,95.3842525482105,123.62648738612188,53.22796660104437,70.39852078507751,53.17431576529046,85.81406368809071,83.77774430971509,0.03523118151599092
2024-02-07,4.83,44318.22265625,44341.94921875,42775.95703125,43090.01953125,21126587775.0,0.028228646210280317,4.308177481620925e-08,5.476604385802714e-07,4.824371619481143e-07,43084.671875,42658.66796875,43185.859375,42582.60546875,46139.73046875,43353.854166666664,861.9018330478093,44318.22265625,43264.6390625,622.7969186511255,44318.22265625,42547.74609375,1907.2380230092185,46627.77734375,42962.83951687643,42691.30158646348,271.53793041295285,254.29161921051855,93.44069712293921,160.85092208757933,58.0806658685034,99.59233093546426,87.73614150079068,0.12177109767699568
2024-02-08,4.83,45301.56640625,45575.83984375,44332.125,44332.125,26154524080.0,0.021945671282114887,7.693159528079978e-08,5.754524182242149e-07,4.872046895719772e-07,44318.22265625,43084.671875,42658.66796875,43075.7734375,46627.77734375,44234.8203125,1110.7980481973152,45301.56640625,43709.79765625,1080.980564000546,45301.56640625,42481.435546875,1776.4913703829077,46368.5859375,43430.58489475115,42928.59838826225,501.9865064888945,432.21005161754147,161.19456802185968,271.01548359568176,61.54017673820224,96.11177255635975,93.83938905997157,0.13692910545905712
2024-02-09,4.86,47147.19921875,48152.49609375,45260.82421875,45297.3828125,39316770844.0,0.039932995408412,3.5401471333915054e-07,7.001746600818e-07,5.096239099034713e-07,45301.56640625,44318.22265625,43084.671875,43185.859375,46368.5859375,45588.99609375,1436.2238567632903,47147.19921875,44502.065625,1808.0964732813436,47147.19921875,42520.3662109375,1872.1168815038086,47147.19921875,44173.90775955092,43312.10755467023,861.8002048806957,713.9093321174369,271.73752084097515,442.1718112764617,67.03851785745397,89.56143218597619,95.08851189260008,0.1764132022564724
2024-02-12,4.87,49958.22265625,50280.4765625,47745.76171875,48296.38671875,34511985805.0,0.033881478531652576,6.789126366976611e-07,3.403020324674263e-07,5.251562672690134e-07,47147.19921875,45301.56640625,44318.22265625,42658.66796875,42853.16796875,47468.99609375,2344.9470738667046,49958.22265625,45961.9765625,2682.89425482071,49958.22265625,42875.6189453125,2505.5566891429958,49958.22265625,45330.77073889074,43916.299836632024,1414.4709022587122,1150.7193636245647,447.5338893976931,703.1854742268716,73.2995604036704,97.00832260521115,94.2271757825157,0.251025745239559
2024-02-13,4.99,49742.44140625,50358.390625,48406.49609375,49941.359375,35593051468.0,-0.0043285887601172135,6.528007659390139e-07,3.283563939975788e-07,5.212802577069301e-07,49958.22265625,47147.19921875,45301.56640625,43084.671875,43154.9453125,48949.287760416664,1564.379340495071,49958.22265625,47293.53046875,2546.543710309719,49958.22265625,43204.99375,2939.6020530806754,49958.22265625,46213.10487236259,44445.949070233655,1767.1558021289384,1462.6225152198895,650.5516145621324,812.0709006577571,72.16635505649498,94.30347919010367,93.62441132709701,0.18953044800342722
2024-02-14,4.94,51826.6953125,52021.37109375,49296.83203125,49733.4453125,39105608050.0,0.04104684951040838,9.71325254626272e-07,4.259629504539978e-07,5.457679330762185e-07,49742.44140625,49958.22265625,47147.19921875,44318.22265625,42742.65234375,50509.119791666664,1146.1432400828007,51826.6953125,48795.225,2567.1596205548162,51826.6953125,43659.1958984375,3510.7199052033066,51826.6953125,47335.822960390076,45116.92600134877,2218.8969590413035,1856.5882873077426,891.7589491112545,964.829338196488,76.02234241828826,98.40373159808769,96.57184446446752,0.19724636568222587
2024-02-15,4.93,51938.5546875,52820.06640625,51371.62890625,51836.78515625,38564360533.0,0.002156009229107525,7.923946604598067e-07,3.489842584729761e-07,5.393271489186499e-07,51826.6953125,49742.44140625,49958.22265625,45301.56640625,41262.05859375,51169.23046875,1236.900724228205,51938.5546875,50122.62265625,1951.037066227488,51938.5546875,44193.020703125,3915.4220520071462,51938.5546875,48256.36930581206,45737.074063726155,2519.2952420859074,2153.0164829628047,1144.0104558815647,1009.0060270812401,76.2128074070589,91.98752043356801,94.89824374058647,0.20920603994154896
2024-02-16,4.98,52160.203125,52537.96875,51641.3671875,51937.7265625,28180567298.0,0.004258432609761442,3.3046810042026573e-07,3.4569503170177326e-07,5.395905698551948e-07,51938.5546875,51826.6953125,49742.44140625,47147.19921875,41618.40625,51975.151041666664,169.73902056846572,52160.203125,51125.2234375,1172.4685962282583,52160.203125,44720.110546875,4246.180631523864,52160.203125,49037.136069649656,46320.99488747832,2716.1411821713336,2378.406352259939,1390.8896351572396,987.5167171026994,76.60929417462796,93.96882533389697,94.78669245518422,0.22491807513466244
2024-02-20,4.97,52284.875,52945.05078125,50792.3125,51777.7265625,33353758256.0,0.00971967933731932,1.3261765136072341e-07,2.1727964222454772e-07,5.409424251552709e-07,52160.203125,51938.5546875,51826.6953125,49958.22265625,39507.3671875,52127.877604166664,175.408506594104,52284.875,51590.55390625,1048.6859794286563,52284.875,45358.9859375,4379.7421322834125,52284.875,49686.683855719726,46863.165806798475,2823.5180489212507,2537.8348455581436,1620.2786772374204,917.5561683207231,76.84309952127171,94.03412099433082,93.33015558726527,0.21378842044152213
2024-02-21,4.98,51839.1796875,52368.81640625,50671.7578125,52273.53515625,28624907020.0,-0.008560904315229934,1.40683165203241e-07,2.1730936358291137e-07,5.418801208867367e-07,52284.875,52160.203125,51938.5546875,49742.44140625,39845.55078125,52094.752604166664,229.9432667079506,52284.875,52009.9015625,203.71660231497827,52284.875,45958.6673828125,4406.115778748509,52284.875,50117.183022075784,47315.53070504407,2801.652317031716,2598.267972409354,1815.8765362718073,782.3914361375469,73.99555197535197,90.00645990271316,92.66980207698032,0.20037392882146388
2024-02-22,5.02,51304.97265625,52009.61328125,50926.29296875,51854.64453125,25413900611.0,-0.010358547640015203,3.548427217892765e-09,2.2076010157275052e-07,5.430694385341662e-07,51839.1796875,52284.875,52160.203125,51826.6953125,40077.07421875,51809.67578125,490.6169699316177,52284.875,51905.55703125,379.11843237103426,52284.875,46520.0623046875,4331.9487873126645,52284.875,50354.74094891063,47678.20724606279,2676.533702847839,2573.3911664818515,1967.3794623138162,606.0117041680353,70.61773502328127,84.64380024431814,89.56146038045404,0.20268576350846046
2024-02-23,5.0,50731.94921875,51497.93359375,50561.77734375,51283.90625,21427078270.0,-0.011231806115512555,7.034125747231173e-09,2.2611697589726663e-07,5.356956784663012e-07,51304.97265625,51839.1796875,52284.875,51938.5546875,39933.80859375,51292.033854166664,553.7286223248609,51839.1796875,51664.2359375,644.2069240262488,52284.875,47059.9693359375,4136.366871430222,52284.875,50430.18260287851,47955.82015267071,2474.3624502077946,2478.863125040276,2069.6761948591084,409.18693018116755,67.08041999719043,79.2785299948064,84.64293004727925,0.17749415304674399
2024-02-26,5.03,54522.40234375,54938.17578125,50931.03125,51730.5390625,34074411896.0,0.05251118765694507,3.9908002746493606e-07,2.572886569032658e-07,5.765679633243632e-07,50731.94921875,51304.97265625,51839.1796875,52160.203125,41816.87109375,52186.44140625,2043.1896855470065,54522.40234375,52136.67578125,1454.9179503308944,54522.40234375,47695.2458984375,4262.488697363423,54522.40234375,51248.62655105281,48552.78217004156,2695.8443810112512,2678.9258703491287,2191.5261299571125,487.39974039201616,75.73790402972229,96.64946246848974,86.85726423587143,0.2302479448837047
2024-02-27,5.03,57085.37109375,57537.83984375,54484.19921875,54519.36328125,49756832031.0,0.04593621644047374,1.0709364078391655e-06,3.2447793409440667e-07,6.04908968060241e-07,54522.40234375,50731.94921875,51304.97265625,52284.875,43288.24609375,54113.240885416664,3196.4123959012886,57085.37109375,53096.775,2661.100087702441,57085.37109375,48385.1021484375,4613.721862123634,57085.37109375,52415.97545959225,49328.47207219687,3087.50338739538,3009.5944643050752,2355.139796826705,654.4546674783701,79.63739270361263,96.9348845553979,90.95429233956469,0.26011914426593097
2024-02-28,5.0,62504.7890625,63913.1328125,56738.42578125,57071.09765625,83239156760.0,0.09069529297704193,7.103983962019347e-06,9.56253441668477e-07,7.393948796925912e-07,57085.37109375,54522.40234375,50731.94921875,51839.1796875,42952.609375,58037.520833333336,4075.4835635615987,62504.7890625,55229.896875,4808.948759064656,62504.7890625,49362.7111328125,5405.559288901699,62504.7890625,54433.7381801738,50526.31907131534,3907.419108858463,3666.6861697343193,2617.449071408228,1049.2370983260912,85.0931886775143,92.80760334970628,95.46398345786464,0.3257370553973953
2024-02-29,5.01,61198.3828125,63585.64453125,60498.73046875,62499.18359375,65496611844.0,-0.021122414270019263,7.4698430783738454e-06,9.929075633942266e-07,7.439971013583114e-07,62504.7890625,57085.37109375,54522.40234375,51304.97265625,42582.60546875,60262.84765625,2828.240142109146,62504.7890625,57208.57890625,4825.6044706462635,62504.7890625,50293.5,5767.2728494437915,62504.7890625,55786.66710663904,51496.50668415031,4290.160422488734,4035.501267495303,2901.0595106256433,1134.44175686966,79.55935294323695,85.44550136324864,91.72932975611762,0.22499119381389376
2024-03-01,4.94,62440.6328125,63155.1015625,60802.52734375,61168.0625,40186368423.0,0.02009546578842425,7.776491976473583e-06,1.0201186321729836e-06,7.476394029169798e-07,61198.3828125,62504.7890625,57085.37109375,50731.94921875,43075.7734375,62047.934895833336,736.432660075383,62504.7890625,59550.315625,3576.1304400732606,62504.7890625,51261.74296875,6107.263389998569,62504.7890625,57117.460247811236,52491.427241273006,4626.0330065382295,4377.567212835158,3196.361051067546,1181.2061617676118,80.83562032780767,90.89214943195533,89.71508471497009,0.25527881316767265
2024-03-04,4.98,68330.4140625,68537.03125,62386.51953125,63137.00390625,70670471105.0,0.0785670808490071,1.2052759870144636e-05,1.7379750120541393e-06,8.514005518146814e-07,62440.6328125,61198.3828125,62504.7890625,54522.40234375,43185.859375,63989.809895833336,3810.0432627974446,68330.4140625,62311.91796875,4025.94134275037,68330.4140625,52518.970703125,6894.62743448497,68330.4140625,59360.05101074899,53931.335134111825,5428.715876637165,5065.520891231514,3570.19301910034,1495.327872131174,85.46834874265443,98.97361304159939,91.77042127893446,0.3184404996399508
2024-03-05,4.94,63801.19921875,69170.625,59323.91015625,68341.0546875,102802940877.0,-0.06858298181492017,1.592334305487856e-05,2.4128927794556355e-06,9.394623912066461e-07,68330.4140625,62440.6328125,61198.3828125,57085.37109375,42658.66796875,64857.415364583336,3083.6788424303095,68330.4140625,63655.08359375,2770.9886189403455,68330.4140625,53576.097265625,6924.0034077840655,68330.4140625,60248.280652349196,54828.595505442565,5419.685146906631,5185.484316784423,3893.2512786371567,1292.2330381472661,71.21212614914246,72.98238041579177,87.61604762978216,0.22839766340484968
2024-03-06,4.95,66106.8046875,67637.9296875,62848.671875,63776.05078125,68750229073.0,0.0354997002008659,6.746096565470684e-06,2.596685126108305e-06,9.569144437615295e-07,63801.19921875,68330.4140625,62440.6328125,62504.7890625,43084.671875,66079.47265625,2264.731122045329,68330.4140625,64375.48671875,2863.8421397466163,68330.4140625,54727.20390625,7001.286845749616,68330.4140625,61419.985459379364,55853.887249265965,5566.0982101134,5404.301860616077,4195.461395032941,1208.8404655831355,73.62400129459095,83.53567953751838,85.16389099830319,0.2673801236754674
2024-03-07,4.93,66925.484375,68029.921875,65655.53125,66099.7421875,46989543159.0,0.012308140052516237,6.443432279379863e-06,2.493730562335768e-06,9.59510597717227e-07,66106.8046875,63801.19921875,68330.4140625,61198.3828125,44318.22265625,65611.16276041667,1620.0417044950875,66925.484375,65520.90703125,2379.859636611339,68330.4140625,55857.5669921875,7057.057214490665,68330.4140625,62521.0852425035,56860.39607887815,5660.6891636253495,5579.460402955796,4472.261196617513,1107.1992063382831,74.4427909761179,87.93509051998744,81.48438349109921,0.28001614950786435
2024-03-08,4.92,68300.09375,70083.0546875,66230.453125,66938.09375,59202881172.0,0.02033131223698703,6.453116846023269e-06,2.4829644381531835e-06,9.673207605575264e-07,66925.484375,66106.8046875,63801.19921875,62440.6328125,45301.56640625,67110.79427083333,1108.324882893557,68300.09375,66692.79921875,1872.4356210061137,68330.4140625,57007.493359375,7119.94893828825,68330.4140625,63676.8869440028,57900.36859443468,5776.518349568119,5762.764733530152,4730.36190400004,1032.4028295301114,75.80113096738435,90.8665764739476,87.44578217715114,0.3175380891775421
2024-03-11,4.95,72123.90625,72850.7109375,67194.8828125,69020.546875,65716656765.0,0.043992298582747225,2.8655914849105153e-06,2.536936706187452e-06,9.584612925878936e-07,68300.09375,66925.484375,66106.8046875,68330.4140625,47147.19921875,69116.49479166667,2693.655600340474,72123.90625,67451.49765625,3080.6283950011075,72123.90625,58256.3287109375,7480.742041109271,72123.90625,65366.29080520224,59193.41747221335,6172.873332988893,6145.740180749039,5013.437559349841,1132.302621399198,79.12486540496931,96.73916796224023,91.84694498539176,0.40578783139091734
2024-03-12,5.0,71481.2890625,72825.65625,68728.8515625,72125.125,62554434520.0,-0.008949836049348292,5.899785879715536e-07,2.369702062728386e-06,9.59770190531277e-07,72123.90625,68300.09375,66925.484375,63801.19921875,49958.22265625,70635.09635416667,2047.5392752073365,72123.90625,68987.515625,2696.2413340521584,72123.90625,59332.48203125,7766.823577024814,72123.90625,66589.2904566618,60310.49670769395,6278.793748967844,6324.49233462994,5275.648514405861,1048.8438202240795,77.2056627530867,93.85604578505273,93.82059674041352,0.4089994601682141
2024-03-13,5.01,73083.5,73637.4765625,71334.09375,71482.1171875,48212536929.0,0.022166899064075096,3.774003371853959e-07,2.443017140444999e-06,9.692351734127098e-07,71481.2890625,72123.90625,68300.09375,66106.8046875,49742.44140625,72229.56510416667,806.3143414073393,73083.5,70382.8546875,2637.356930902867,73083.5,60499.5349609375,8000.094690985109,73083.5,67888.13236532944,61471.678825176314,6416.453540153125,6520.278030438283,5524.574417612345,995.7036128259379,78.59941486124113,97.59930757786152,96.06484044171818,0.34043066443086945
2024-03-14,5.04,71396.59375,73750.0703125,68563.0234375,73079.375,59594605698.0,-0.023352461458381768,4.803856769359959e-07,2.2681567225973806e-06,9.762768926803395e-07,73083.5,71481.2890625,72123.90625,66925.484375,51826.6953125,71987.12760416667,950.430242968413,73083.5,71277.0765625,1795.738004579524,73083.5,61478.0298828125,8079.888882351849,73083.5,68589.82464226356,62373.9438183421,6215.880823921456,6464.798199172015,5712.6191739242795,752.1790252477358,73.50349602622143,89.68634675608396,93.71390003966609,0.2506986007456622
2024-03-15,5.05,69403.7734375,72357.1328125,65630.6953125,71387.875,78320453976.0,-0.028308923292000188,5.939864769877078e-07,2.3897369918474855e-06,9.706202082854638e-07,71396.59375,73083.5,71481.2890625,68300.09375,51938.5546875,71294.62239583333,1841.9814091068024,73083.5,71497.8125,1351.1028907950827,73083.5,62351.2908203125,7937.159817046213,73083.5,68752.61440131084,63013.019238265544,5739.595163045298,6188.68676001273,5807.83269114197,380.8540688707599,67.90267196175287,77.44043415503816,88.2420294963279,0.11037529249321265
2024-03-18,5.06,67548.59375,68897.1328125,66594.2265625,68371.3046875,49261579492.0,-0.012388507554367933,1.7167410427611846e-07,2.410704824369239e-06,7.929071097306252e-07,69403.7734375,71396.59375,73083.5,72123.90625,52160.203125,69449.65364583333,1924.410233068211,71396.59375,70582.75,2140.0674372020712,73083.5,63120.7103515625,7637.460222287104,73083.5,68511.81027104867,63425.34419387777,5086.466077170902,5753.842247024542,5797.034602318485,-43.192355293942455,63.08360499712102,63.54569629580473,76.8908257356423,0.1037643585608432
2024-03-19,5.06,61912.7734375,68106.9296875,61536.1796875,67556.1328125,74215844794.0,-0.08712073185700753,3.672283144923957e-06,3.7149553707157036e-06,9.224216368700678e-07,67548.59375,69403.7734375,71396.59375,71481.2890625,52284.875,66288.38020833333,3901.265676411967,69403.7734375,68669.046875,4311.884084636833,73083.5,63602.1052734375,7209.98626431052,73083.5,67192.00290433894,63287.83776147979,3904.1651428591504,4898.000142153178,5617.227710285423,-719.2275681322453,51.1965863864525,17.945615834081803,52.97724876164157,-0.008453780034310077
2024-03-20,5.01,67913.671875,68115.2578125,60807.78515625,61930.15625,66792634382.0,0.0925108529687737,1.2458764511892459e-05,5.530353628068502e-06,1.0876810911917214e-06,61912.7734375,67548.59375,69403.7734375,73083.5,51839.1796875,65791.6796875,3364.187239372275,67913.671875,67635.08125,3539.3201277495446,71396.59375,64405.8298828125,6708.195537292573,73083.5,67336.33669847115,63708.36813543617,3627.9685630349777,4650.35506193027,5423.853180614393,-773.4981186841233,59.868019088131966,59.542952703381474,47.01142161108934,-0.006098926711007757
2024-03-21,5.01,65491.390625,68199.9921875,64580.91796875,67911.5859375,44480350565.0,-0.03631867422621404,1.3575092500337845e-05,5.81898730987787e-06,1.1132215145146317e-06,67913.671875,61912.7734375,67548.59375,71396.59375,51304.97265625,65105.9453125,3018.960347701461,67913.671875,66454.040625,2897.382279115361,69403.7734375,65115.15078125,5958.104252014044,73083.5,66967.34748377692,63870.46108903288,3096.8863947440404,4210.105226292042,5181.103589749923,-970.9983634578812,55.57545618427296,42.752058773435955,40.08020910363309,0.026491530362226845
2024-03-22,4.98,63778.76171875,66623.75,62355.37109375,65489.9296875,41401116964.0,-0.026498446652158947,1.3429247320675392e-05,5.958766262431062e-06,1.1269706164559702e-06,65491.390625,67913.671875,61912.7734375,69403.7734375,50731.94921875,65727.94140625,2077.579770826481,67913.671875,65329.03828125,2535.1202377401623,67913.671875,65767.49140625,4925.1214358411025,73083.5,66329.63033077154,63862.12478264352,2467.5055481280215,3680.5817645237184,4880.999224704683,-1200.4174601809646,52.6984361071619,30.880369511009324,44.391793662608926,-0.03521638929237503
2024-03-25,5.0,69958.8125,71162.59375,66414.8359375,67234.09375,42700139523.0,0.039725047694879834,1.5598665612262016e-05,5.6743582946950786e-06,1.1607014893645318e-06,63778.76171875,65491.390625,67913.671875,67548.59375,54522.40234375,66409.65494791667,3190.715270870068,69958.8125,65811.08203125,3203.66549566168,69958.8125,66539.3119140625,4230.718543920651,73083.5,67055.46676461723,64416.36912058502,2639.097644032212,3716.7645076308836,4648.152281289923,-931.3877736590393,60.62057851887166,70.70642651796965,48.11295160080499,0.04532396221450585
2024-03-26,5.0,69987.8359375,71535.7421875,69335.609375,69931.328125,36010437368.0,0.00041477860656335963,5.912409283003724e-06,5.182875519416713e-06,1.1602123239731088e-06,69958.8125,63778.76171875,65491.390625,61912.7734375,57085.37109375,67908.47005208333,3576.461768114295,69987.8359375,67426.09453125,2750.501175143408,69987.8359375,67184.43515625,3658.244110827318,73083.5,67641.94059919378,64922.86610394093,2719.074495252855,3705.0717799213307,4459.536181016205,-754.4644010948741,60.65390659558368,70.9306793230161,57.5058251173317,0.02471068624997308
2024-03-27,4.99,69455.34375,71727.6875,68381.9296875,69991.8984375,40827113309.0,-0.007637444542950789,5.351788008714172e-07,3.4902746740311015e-06,1.1511048482451827e-06,69987.8359375,69958.8125,63778.76171875,67913.671875,62504.7890625,69800.6640625,299.4080470695219,69987.8359375,67734.42890625,2901.1117330037055,69987.8359375,67531.962890625,3517.734597487678,73083.5,68004.62122935503,65334.90952630993,2669.7117030451045,3611.209761431841,4289.870897099332,-678.6611356674912,59.65632937457508,66.81631944706442,69.48447509601674,-0.03699969453609564
2024-03-28,5.03,70744.953125,71546.0234375,68895.5078125,69452.7734375,34374900617.0,0.018397189971880223,2.8669734047698927e-07,3.470182900029103e-06,1.1540537123793896e-06,69455.34375,69987.8359375,69958.8125,65491.390625,61198.3828125,70062.7109375,648.0569297838002,70744.953125,68785.14140625,2836.2761105776153,70744.953125,68009.29140625,3250.64282446335,73083.5,68552.68760848403,65826.7316716454,2725.95593683864,3599.392577299819,4151.7752331394295,-552.3826558396104,61.31573192952381,76.78062914531914,71.50920930513324,-0.010301100430018528
2024-04-01,5.06,69702.1484375,71342.09375,68110.6953125,71333.484375,34873527352.0,-0.023137002333259105,2.520761908878996e-07,3.494721228102029e-06,1.1648295718597836e-06,70744.953125,69455.34375,69987.8359375,63778.76171875,62440.6328125,69967.48177083333,684.5249581683547,70744.953125,69969.81875,484.1515717494173,70744.953125,68372.3671875,2991.0939963794563,73083.5,68782.57977428722,66179.04228672308,2603.537487564143,3465.928682155929,4014.6059229427296,-548.6772407868007,59.19544747488006,68.72328320593984,70.77341059944114,-0.04626696261810126
2024-04-02,5.05,65446.97265625,69708.3828125,64586.59375,69705.0234375,50705240709.0,-0.06299090436988486,9.604525716848797e-07,3.0946816991876474e-06,1.2520492721984825e-06,69702.1484375,70744.953125,69455.34375,69958.8125,68330.4140625,68631.35807291667,2806.6159811198954,70744.953125,69067.45078125,2081.002575250104,70744.953125,68228.1951171875,3061.8766518348243,73083.5,68115.45835067978,66112.49050213462,2002.9678485451586,2982.4209677166364,3808.1689318975114,-825.747964180875,51.38684396025435,35.845196145749235,60.44970283233608,-0.08333200200814905
2024-04-03,5.03,65980.8125,66914.3203125,64559.8984375,65446.671875,34488018367.0,0.008123743073319645,9.864292642329333e-07,2.332612398957466e-06,1.2505533961633747e-06,65446.97265625,69702.1484375,70744.953125,69987.8359375,63801.19921875,67043.31119791667,2318.0396555365924,69702.1484375,68266.04609375,2387.009978534234,70744.953125,68337.17578125,2932.0514125459163,73083.5,67688.52918054383,66100.51977466783,1588.0094058760005,2612.2021935950615,3568.975584237022,-956.7733906419603,52.238070373223344,39.96996883700926,48.179482729566125,-0.04931952209460877
2024-04-04,5.0,68508.84375,69291.2578125,65113.796875,65975.6953125,34439527442.0,0.03759886271186197,1.5983539483326237e-06,2.3561068691000765e-06,1.2815677897890731e-06,65980.8125,65446.97265625,69702.1484375,69455.34375,66106.8046875,66645.54296875,1635.592735294767,68508.84375,68076.74609375,2305.244883261146,70744.953125,68457.277734375,2884.6965481495076,73083.5,67852.59209443507,66319.45831787985,1533.1337765552162,2494.0423740571277,3353.9889422010433,-859.9465681439156,56.15352416813914,66.67959804277365,47.49825434184405,0.014215691943993969
2024-04-05,5.05,67837.640625,68725.7578125,66011.4765625,68515.7578125,33748230056.0,-0.009845630418288565,1.4785494936382658e-06,2.347740499794832e-06,1.2651760022244122e-06,68508.84375,65980.8125,65446.97265625,70744.953125,66925.484375,67442.43229166667,1309.533397930858,68508.84375,67495.28359375,1768.0473237621313,69702.1484375,68502.885546875,2866.3562705387244,73083.5,67849.60180054806,66457.4748912544,1392.1269092936564,2319.5016123216265,3147.09147622516,-827.5898639035336,54.867434909196575,64.37654154273214,57.008702807505024,0.09569700820269444
2024-04-08,5.07,71631.359375,72715.359375,69064.2421875,69362.5546875,37261432669.0,0.03218579409702116,1.7320589289709196e-06,2.444100683496028e-06,1.2822041848652324e-06,67837.640625,68508.84375,65980.8125,69702.1484375,68300.09375,69325.94791666667,2024.5542479552166,71631.359375,67881.12578125,2449.309332119921,71631.359375,68669.448828125,2949.534526797538,73083.5,68605.95331543846,66927.82802614037,1678.1252892980847,2458.952920223208,3009.4637650247696,-550.5108448015617,60.389485951645696,90.8965505476917,73.98423004439918,0.05474137088100117
2024-04-09,5.03,69139.015625,71742.5078125,68212.921875,71632.5,36426900409.0,-0.03541376120378814,5.980442200752194e-07,2.338766406750596e-06,1.3056075082140066e-06,71631.359375,67837.640625,68508.84375,65446.97265625,72123.90625,69536.00520833333,1927.764517642616,71631.359375,68619.534375,2057.1469310723655,71631.359375,68520.204296875,2838.9866878839575,73083.5,68712.56577735077,67128.84508058215,1583.7206967686216,2341.367942992554,2875.8446006183267,-534.4766576257725,55.57839166833764,69.9658076086682,75.07963323303069,0.05569625205984852
2024-04-10,5.19,70587.8828125,71093.4296875,67503.5625,69140.2421875,38318601774.0,0.020739301242535646,7.159831429403684e-07,2.3926011941140005e-06,1.2990505825814776e-06,69139.015625,71631.359375,67837.640625,65980.8125,71481.2890625,70452.75260416667,1251.6546935733816,71631.359375,69540.9484375,1548.7040589653661,71631.359375,68475.533984375,2796.656138508121,73083.5,69087.62918438062,67443.30305621104,1644.3261281695886,2338.1398539315705,2768.3036512809754,-430.16379734940483,57.68869217798747,79.46448871616575,80.10894895750857,0.10676157564451771
2024-04-11,5.17,70060.609375,71256.234375,69571.8125,70575.734375,30153382941.0,-0.007497782584511725,3.302413844687215e-07,2.325764714575992e-06,1.2090273506827654e-06,70587.8828125,69139.015625,71631.359375,68508.84375,73083.5,69929.16927083333,733.3221716893303,70587.8828125,69851.3015625,1441.9733997235157,71631.359375,68324.389453125,2609.967184612442,71631.359375,69282.22522250451,67681.23999428276,1600.985228221747,2266.903557186568,2668.023632462094,-401.12007527552623,56.63425379222479,74.37497101415941,74.60175577966446,0.0014550972402511686
2024-04-12,5.13,67195.8671875,71222.7421875,65254.8359375,70061.3828125,44129299406.0,-0.04174897018143575,8.169888207671979e-07,2.5119960048053087e-06,1.1995599042450248e-06,70060.609375,70587.8828125,69139.015625,67837.640625,71396.59375,69281.453125,1825.3097946640983,70587.8828125,69722.946875,1675.6547870715283,71631.359375,68114.353125,2517.093807401822,71631.359375,68864.95361550362,67637.11519366615,1227.8384218374704,1956.7315427033318,2525.7652145103416,-569.0336718070098,51.162613158934214,32.32151769471951,62.05365914168157,-0.039892200017346724
2024-04-15,5.16,63426.2109375,66878.6484375,62332.0703125,65739.6484375,43595917654.0,-0.035810999496508344,9.085422140192561e-07,2.5888146693075804e-06,1.224547132798918e-06,67195.8671875,70060.609375,70587.8828125,71631.359375,69403.7734375,66894.22916666667,3327.4689748493406,70060.609375,68081.9171875,2905.7369496355363,70587.8828125,67815.475,2703.885831693365,71631.359375,67777.2050799029,67254.30571583286,522.8993640700355,1390.7070265959046,2298.753576927454,-908.0465503315495,45.001411692964375,10.537514831900117,39.0780011802597,-0.0868058883158288
2024-04-16,5.18,63811.86328125,64355.66796875,61716.40234375,63419.296875,42847528078.0,0.006061920177229396,5.036702383512526e-07,2.570067399291707e-06,1.2252313910777538e-06,63426.2109375,67195.8671875,70060.609375,69139.015625,67548.59375,64811.313802083336,2074.066794605874,67195.8671875,67016.48671875,3362.0463158216858,70587.8828125,67628.6384765625,2848.531447023153,71631.359375,66984.13672017232,66941.35640359805,42.78031657426618,962.1563017784501,2031.4341218976533,-1069.2778201192032,45.72155511383349,19.051451256209308,20.63682792760966,-0.09800119354803793
2024-04-17,5.16,61276.69140625,64486.36328125,59768.5859375,63831.84765625,41915247049.0,-0.040539585349945284,9.069993966159571e-07,1.7051522353940495e-06,1.2160165107960279e-06,63811.86328125,63426.2109375,67195.8671875,70587.8828125,61912.7734375,62838.255208333336,1366.0318676893462,63811.86328125,65154.2484375,3466.4154687912173,70060.609375,67596.834375,2918.4024569208104,71631.359375,65842.64765738786,66426.38685838459,-583.7392009967298,413.1965096647473,1707.786599451072,-1294.5900897863248,41.842865804214725,11.648504363116535,13.745823483742,-0.12087801050788094
2024-04-18,5.18,63512.75390625,64125.6875,60833.48046875,61275.31640625,36006307335.0,0.035841202086146495,1.4353002344181364e-06,8.876117083896944e-07,1.201302971084995e-06,61276.69140625,63811.86328125,63426.2109375,70060.609375,67913.671875,62867.102864583336,1385.4324449975365,63811.86328125,63844.67734375,2127.873892425844,67195.8671875,67376.7884765625,3055.928736735427,71631.359375,65376.66890716029,66161.51113546327,-784.8422283029795,156.7663704341685,1397.5825536476914,-1240.816183213523,46.17968621883999,28.919699466626277,19.873218361984055,-0.029553983499881364
2024-04-19,5.17,63843.5703125,65481.59765625,59651.390625,63510.75,49920425401.0,0.005195142876912584,7.307561504830622e-07,7.700565165838033e-07,1.1990053019589738e-06,63512.75390625,61276.69140625,63811.86328125,67195.8671875,65491.390625,62877.671875,1396.3214958061878,63843.5703125,63174.21796875,1076.2595176475959,63843.5703125,67294.3974609375,3130.7343041728823,71631.359375,65070.04918822824,65950.7892424666,-880.7400542383693,-19.537032401000033,1114.1586364379532,-1133.6956688389532,46.81162203673401,32.08963346226621,24.219279097336354,-0.032391874342256655
2024-04-22,5.16,66837.6796875,67233.9609375,64548.1796875,64935.6328125,28282686673.0,0.029008901759276284,5.877683266613309e-07,7.823333098317254e-07,1.216705501081109e-06,63843.5703125,63512.75390625,61276.69140625,63426.2109375,63778.76171875,64731.334635416664,1831.6323273212236,66837.6796875,63856.51171875,1978.835876172535,66837.6796875,67447.343359375,3022.803647008789,71631.359375,65423.57528808259,66031.41564656055,-607.840358477959,81.40249708599003,907.6074085675606,-826.2049114815705,52.27360885259542,55.008467947383906,38.67260029209214,-0.02439340632573439
2024-04-23,5.14,66407.2734375,67199.2421875,65864.8671875,66839.890625,24310975583.0,-0.00646039848991542,5.892995378518855e-07,6.523452757573962e-07,1.2124202590164864e-06,66837.6796875,63843.5703125,63512.75390625,63811.86328125,69958.8125,65696.17447916667,1618.770840413476,66837.6796875,64375.59375,2281.4648137954173,66837.6796875,67269.76640625,2971.381856374828,71631.359375,65620.31491796607,66065.58453664595,-445.26961867988575,125.22410854062764,751.1307485621741,-625.9066400215464,51.45559233215891,51.71386231691652,46.27065457552223,-0.021085155296112545
2024-04-24,5.17,64276.8984375,67075.3671875,63589.87109375,66408.71875,30276655120.0,-0.03260630131627096,4.245839392941399e-07,7.410263704588076e-07,1.2359347718430721e-06,66407.2734375,66837.6796875,63843.5703125,61276.69140625,69987.8359375,65840.6171875,1371.2128324356127,66837.6796875,64975.63515625,1535.140333070895,66837.6796875,66984.21953125,2970.8381675413725,71631.359375,65351.63162187286,65902.97670945087,-551.3450875780109,-11.814219904204947,598.5417548688982,-610.3559747731032,47.493909677635315,35.406604998959445,47.376311754419966,-0.10267096704110257
2024-04-25,5.21,64481.70703125,65275.20703125,62783.6328125,64275.01953125,32155786816.0,0.0031812827691908296,1.5737629865814027e-07,7.36882124989282e-07,1.2358289967781226e-06,64276.8984375,66407.2734375,66837.6796875,63512.75390625,69455.34375,65055.29296875,1175.3191187629525,66407.2734375,65169.42578125,1354.8794022217508,66837.6796875,66735.5376953125,2961.2494672132902,71631.359375,65177.646703748294,65773.77037506897,-596.1236713206745,-102.7077891854351,458.2918460580316,-560.9996352434666,47.90913655779819,36.974341401804104,41.3649362392267,-0.06736151146569058
2024-04-26,5.21,63755.3203125,64789.65625,63322.3984375,64485.37109375,24139372950.0,-0.01132893521901579,1.7387054385449313e-07,7.1895610701613e-07,1.2241951096079312e-06,64481.70703125,64276.8984375,66407.2734375,63843.5703125,70744.953125,64171.30859375,374.5281399596268,64481.70703125,65151.77578125,1376.8657086380508,66837.6796875,66386.0560546875,2874.337497605416,71631.359375,64893.18142549864,65590.27491483542,-697.0934893367812,-230.6956197284453,320.4943529007362,-551.1899726291815,46.50446485762029,33.941691440578474,35.440879280447355,-0.09679511876208391
2024-04-29,5.2,63841.12109375,64174.87890625,61795.45703125,63106.36328125,26635912073.0,0.011467091787556782,7.561038847022796e-08,6.851228158725765e-07,1.1747932738072146e-06,63755.3203125,64481.70703125,64276.8984375,66837.6796875,69702.1484375,64026.049479166664,396.93613729902046,64481.70703125,64552.4640625,1079.665198811044,66407.2734375,66093.0046875,2816.652998269171,71631.359375,64682.769359148915,65431.260931100376,-748.4915719514611,-321.4974688606817,192.09598854845262,-513.5934574091343,46.70324148417656,36.10329065180218,35.67310783139494,-0.08877296867288342
2024-04-30,5.25,60636.85546875,64703.33203125,59120.06640625,63839.41796875,37840840057.0,-0.05149462971654195,6.351539452266854e-07,5.805123386411896e-07,1.1806055560967915e-06,63841.12109375,63755.3203125,64481.70703125,66407.2734375,65446.97265625,62744.432291666664,1825.7191711453224,63841.12109375,63398.38046875,1572.8029041444738,64481.70703125,65852.498828125,3068.7944974542643,71631.359375,63873.58658106913,64995.40588906852,-1121.819307999387,-644.5856629801201,24.759658242738077,-669.3453212228582,40.63126507087597,12.49808890586924,27.51435699941665,-0.09761034410714664
2024-05-01,5.21,58254.01171875,60780.5,56555.29296875,60609.49609375,48439780271.0,-0.04008992348065732,8.20422329640637e-07,7.038772741679499e-07,1.214513239991058e-06,60636.85546875,63841.12109375,63755.3203125,64276.8984375,65980.8125,60910.662760416664,2803.600473815901,63841.12109375,62193.803125,2661.415930962411,64481.70703125,65466.1587890625,3506.894436015676,71631.359375,62749.67160860531,64382.55187358501,-1632.8802649796999,-1080.4561351479933,-196.28350043540823,-884.1726347125851,36.79967712884183,11.581555352027117,20.06097830323286,-0.08154671613359765
2024-05-02,5.16,59123.43359375,59602.296875,56937.203125,58253.703125,32711813559.0,0.014814392549697075,8.980231040974861e-07,6.072516472587614e-07,1.2169552980579563e-06,58254.01171875,60636.85546875,63841.12109375,64481.70703125,68508.84375,59338.100260416664,1205.8388854079924,60636.85546875,61122.1484375,2587.61400513643,63841.12109375,64996.88828125,3700.8946149153535,71631.359375,62024.42400563425,63904.45021178183,-1880.0262061475732,-1340.2816132265507,-425.0831229936368,-915.1984902329139,39.0578435852732,24.049260006167376,16.042968088021258,-0.07347269686885338
2024-05-03,5.12,62889.8359375,63320.50390625,58848.3125,59122.30078125,33172023048.0,0.061757206498247896,2.8384242295372814e-06,9.314456787901501e-07,1.293456337598288e-06,59123.43359375,58254.01171875,60636.85546875,63755.3203125,67837.640625,60089.09375,2464.1613583152343,62889.8359375,60949.0515625,2388.7390654906303,63841.12109375,64749.498046875,3666.2152806903287,71631.359375,62197.5063920074,63812.21255048348,-1614.706158476074,-1228.120970473552,-585.6906924896199,-642.4302779839321,47.76504707936805,59.319598542509,31.65013796690118,0.026325581460579173
2024-05-06,5.12,63161.94921875,65494.90234375,62746.23828125,64038.3125,28697928697.0,-0.0136673647637231,2.8758153047708196e-06,8.512976197440583e-07,1.2178594916353034e-06,62889.8359375,59123.43359375,58254.01171875,63841.12109375,71631.359375,61725.072916666664,2257.1900195526337,63161.94921875,60813.2171875,2194.5894985337313,63161.94921875,64326.0275390625,3300.361269900902,70587.8828125,62390.39495735593,63753.09770214407,-1362.702744788141,-1104.5431000633835,-689.4611740043727,-415.0819260590108,48.33933355986547,61.86779352381482,48.41221735749708,-0.00552337390404789
2024-05-07,5.13,62334.81640625,64390.45703125,62285.98046875,63162.76171875,25930730982.0,-0.013181929995647934,1.4405668799859532e-06,7.54534320812798e-07,1.2211469464184263e-06,63161.94921875,62889.8359375,59123.43359375,60636.85546875,69139.015625,62795.533854166664,421.5528846650672,63161.94921875,61152.809375,2289.7837630387244,63161.94921875,63985.817578125,3124.104223908479,70587.8828125,62379.27924713475,63624.16303888097,-1244.8837917462224,-1061.117550168652,-763.7924492372285,-297.32510093142355,46.660054694265625,54.122138214365016,58.43651009356296,-0.023632041548819815
2024-05-08,5.13,61187.94140625,62986.0859375,60877.12890625,62332.640625,26088172222.0,-0.018569986258492932,8.982578540504109e-07,7.471452451866873e-07,1.2030419439540295e-06,62334.81640625,63161.94921875,62889.8359375,58254.01171875,70587.8828125,62228.235677083336,991.3103952976477,63161.94921875,61739.5953125,1646.8952950478988,63161.94921875,63515.8205078125,2765.039427026104,70060.609375,62141.0116789578,63402.68834500543,-1261.6766660476278,-1106.4907797363849,-832.3321153370598,-274.15866439932506,44.358987464018554,43.382268753527676,53.124066830569184,-0.08452924020799923
2024-05-09,5.12,63049.9609375,63404.9140625,60648.07421875,61191.19921875,25453338161.0,0.029977308604179242,1.1741872753289273e-06,8.217363637609668e-07,1.222623102856301e-06,61187.94140625,62334.81640625,63161.94921875,59123.43359375,70060.609375,62190.90625,939.3145285223633,63049.9609375,62524.90078125,812.1405339731881,63161.94921875,63165.2880859375,2296.321106679418,67195.8671875,62322.80153066624,63370.62221705039,-1047.8206863841478,-980.8928542012873,-862.0442631099054,-118.84859109138188,48.77582913104719,60.819083314098386,52.77449676066371,-0.05055639730728856
2024-05-10,5.17,60792.77734375,63446.7421875,60208.78125,63055.19140625,27804954694.0,-0.03645645463548952,3.4412692974577e-07,7.846444426358282e-07,1.2373825387469003e-06,63049.9609375,61187.94140625,62334.81640625,62889.8359375,67195.8671875,61676.893229166664,1205.414807368748,63049.9609375,62105.4890625,1075.38736893206,63161.94921875,62845.13359375,2146.257246870411,66837.6796875,62016.796693282995,63136.27268311399,-1119.475989830993,-1051.3718846458578,-899.9097874170959,-151.46209722876188,44.195829602398845,39.811204355761106,48.004185474462396,-0.0542048726439065
2024-05-13,5.16,62901.44921875,63422.66015625,60769.83984375,61451.21875,27889181179.0,0.023371494237876433,4.336345052197833e-07,7.207866262931946e-07,1.229551512648256e-06,60792.77734375,63049.9609375,61187.94140625,63161.94921875,63426.2109375,62248.0625,1262.4995434267914,63049.9609375,62053.3890625,1016.0837110725944,63049.9609375,62818.8955078125,2141.9830341391307,66837.6796875,62193.7271983764,63114.92509544453,-921.1978970681303,-926.3959112375233,-905.2070121811814,-21.188899056341825,49.01254424517223,60.324253594040265,53.651513754633264,-0.024507071621633014
2024-05-14,5.16,61552.7890625,63092.125,61123.765625,62900.7734375,28186271527.0,-0.02167403811158053,5.151068334766314e-07,7.580181668570012e-07,1.238451646794175e-06,62901.44921875,60792.77734375,63049.9609375,62334.81640625,63811.86328125,61749.005208333336,1067.9418762359762,62901.44921875,61896.98359375,1022.1044575462316,63049.9609375,62705.941796875,2146.4242574661434,66837.6796875,62065.53957120112,62972.91272881321,-907.3731576120845,-925.5084697638958,-909.2673036977244,-16.241166066171445,46.26218987770597,55.90284635619216,52.01276810199786,-0.034546626684709314
2024-05-15,5.1,66267.4921875,66454.453125,61330.41015625,61553.98828125,39815167074.0,0.07380429766149987,3.0211842918999863e-06,1.1253458746356633e-06,1.3386084233951239e-06,61552.7890625,62901.44921875,60792.77734375,61187.94140625,61276.69140625,63573.91015625,2428.2214012665468,66267.4921875,62912.89375,2098.632138148073,66267.4921875,62955.4818359375,2258.6918040934147,66837.6796875,62905.9300944609,63272.41995233019,-366.48985786928824,-538.1644020023523,-835.0467233586501,296.8823213562978,55.63479653909306,98.11134546215055,71.44614847079434,0.038006398574782274
2024-05-16,5.13,65231.58203125,66712.4296875,64613.0546875,66256.109375,31573077994.0,-0.01575572439715245,2.5859090393731527e-06,1.0180926243824055e-06,1.3437891946496357e-06,66267.4921875,61552.7890625,62901.44921875,63049.9609375,63512.75390625,64350.62109375,2477.7359664161145,66267.4921875,63349.21796875,2346.4154159829486,66267.4921875,63041.4232421875,2313.0572851609127,66837.6796875,63371.06048181872,63450.52559586835,-79.46511404962803,-311.19348500110937,-730.276075687142,419.08259068603263,53.42975862019563,85.42061904595252,79.81160362143176,0.07577448611048032
2024-05-17,5.14,67051.875,67459.4609375,65119.31640625,65231.296875,28031279310.0,0.02752283490504759,2.2313274919356246e-06,1.0931363410615579e-06,1.3612084904871037e-06,65231.58203125,66267.4921875,61552.7890625,60792.77734375,63843.5703125,66183.64973958333,913.0382193943552,67051.875,64601.0375,2310.9349268894152,67051.875,63201.8384765625,2477.0533057947227,67051.875,64107.22338545498,63777.92099624395,329.30238921102864,15.387652435776545,-581.1433300625583,596.5309824983349,56.678929984203165,96.26210877649638,93.26469109486648,0.15102587824725333
2024-05-20,5.15,71448.1953125,71483.5625,66086.171875,66278.7421875,43850655717.0,0.07510908882529854,6.314126447606885e-06,1.6525733662383288e-06,1.4803187636543889e-06,67051.875,65231.58203125,66267.4921875,62901.44921875,66837.6796875,67910.55078125,3196.0230357637593,71448.1953125,66310.38671875,3561.856151312853,71448.1953125,63432.3642578125,2993.855862237884,71448.1953125,65575.41777086399,64475.218661358136,1100.1991095058547,621.7843217673944,-340.55779969656777,962.3421214639623,63.33280365613346,99.7630858189828,93.81527121381059,0.20845815220131025
2024-05-21,5.14,70136.53125,71946.4609375,69191.125,71443.0625,46932005990.0,-0.0185288571822948,6.187673581365177e-06,1.6915698259168847e-06,1.4774654186968878e-06,71448.1953125,67051.875,65231.58203125,61552.7890625,66407.2734375,69545.53385416667,2256.9595729512985,71448.1953125,68027.13515625,2646.4975674250177,71448.1953125,63618.8271484375,3290.3422297880893,71448.1953125,66487.6404666912,64989.88344214376,1497.7570245474417,985.1613959244496,-75.41396057236429,1060.5753564968138,60.35427757060906,87.94124459643398,94.65547973063774,0.11522840224455
2024-05-22,5.16,69122.3359375,70623.6953125,68977.6953125,70135.3203125,32802561717.0,-0.014565869510185792,2.075102260949259e-06,1.5826981622674358e-06,1.4739060808901785e-06,70136.53125,71448.1953125,67051.875,66267.4921875,64276.8984375,70235.6875,1166.0958063146152,71448.1953125,68598.10390625,2474.3126471781316,71448.1953125,63861.0990234375,3512.25168243731,71448.1953125,67014.57956085296,65365.5609417216,1649.0186191313624,1177.7271539287103,175.21426232785063,1002.5128916008597,58.07980095661807,78.43874641155746,88.71435894232475,0.09436673175027077
2024-05-23,5.2,67929.5625,70041.2734375,66356.953125,69121.3046875,41895680979.0,-0.017406596587758116,2.1067676999373103e-06,1.6197570804366341e-06,1.4774867599957204e-06,69122.3359375,70136.53125,71448.1953125,65231.58203125,64481.70703125,69062.80989583333,1104.6878645557083,70136.53125,69137.7,1742.5950948950033,71448.1953125,64033.491796875,3627.056085711094,71448.1953125,67197.57614868238,65598.65199247417,1598.9241562082025,1220.0263521778616,384.17668029785284,835.8496718800087,55.433921432878044,65.77774701265888,77.38591267355012,0.08975314946446278
2024-05-24,5.21,68526.1015625,69220.296875,66622.671875,67928.1328125,29197308153.0,0.00874339466804841,1.7299061751725122e-06,1.6131587947177212e-06,1.4716979874410958e-06,67929.5625,69122.3359375,70136.53125,67051.875,63755.3203125,68526.0,596.3867252360062,69122.3359375,69432.5453125,1390.6175413840288,71448.1953125,64272.030859375,3762.1615187750695,71448.1953125,67463.2812314459,65864.78377156742,1598.4974598784756,1286.850477134576,564.7114396651975,722.1390374693785,56.501224096740245,70.86000413997922,71.69216585473185,0.11992820787235137
2024-05-28,5.21,68296.21875,69514.640625,67227.15625,69392.1953125,32722265965.0,-0.015953999045956735,5.659162771325483e-08,1.6288234510478896e-06,1.422243489762244e-06,68526.1015625,67929.5625,69122.3359375,71448.1953125,63841.12109375,68250.62760416667,300.87144714316395,68526.1015625,68802.15,862.651504034662,70136.53125,64494.7857421875,3865.7697318243263,71448.1953125,67629.86873515672,66085.8233150613,1544.0454200954264,1306.2023680307466,713.0096253383074,593.1927426924392,55.945194058064565,68.90150110854266,68.51308408706026,0.0832079470707443
2024-05-29,5.22,67578.09375,68852.4609375,67101.4921875,68296.3515625,26707072906.0,-0.01057052909384737,3.670038908671397e-08,1.320788521373962e-06,1.4026322479435694e-06,68296.21875,68526.1015625,67929.5625,70136.53125,60636.85546875,68133.47135416667,494.5146502160357,68526.1015625,68290.4625,588.4917935248318,69122.3359375,64841.84765625,3812.3998492645524,71448.1953125,67619.51373812539,66221.48426369208,1398.0294744333078,1249.192284054472,820.2461570815403,428.9461269729318,54.152376305417526,62.783383907195244,67.51496305190572,0.11161385780884348
2024-05-30,5.19,68364.9921875,69500.5390625,67118.078125,67576.0859375,29509712534.0,0.011577009906272195,3.095698677620327e-08,1.156908686213617e-06,1.405805077629645e-06,67578.09375,68296.21875,68526.1015625,69122.3359375,58254.01171875,68079.76822916667,435.8215330979899,68364.9921875,68138.99375,382.1379696367064,68526.1015625,65347.3966796875,3554.499212262095,71448.1953125,67768.60942800032,66416.34862040188,1352.2608075984317,1253.062979269016,906.8095215190356,346.2534577499805,55.822978735761815,69.4874213187631,67.05743544483367,0.08685877728746183
2024-05-31,5.18,67491.4140625,68999.5625,66633.421875,68362.515625,27387283769.0,-0.012860492770807141,2.2030429101222595e-08,1.151099818659791e-06,1.3062947133811632e-06,68364.9921875,67578.09375,68296.21875,67929.5625,59123.43359375,67811.5,481.2936144123019,68364.9921875,68051.3640625,479.9012668980865,68526.1015625,65765.795703125,3263.93988218539,71448.1953125,67713.17035490026,66514.0818424108,1199.0885124894558,1172.1285113685153,959.8733194889315,212.25519187958378,53.49264510785665,60.13959104785904,64.13679875793913,0.09648019351275838
2024-06-03,5.14,68804.78125,70230.8203125,67589.8359375,67753.8984375,32401285324.0,0.015425138658129,3.266120076775317e-08,7.994010720922115e-07,1.3044546916428652e-06,67491.4140625,68364.9921875,67578.09375,68526.1015625,62889.8359375,68220.39583333333,668.5165828379039,68804.78125,68107.1,558.5584559271052,68804.78125,66061.54296875,3257.604279657516,71448.1953125,67931.4925339202,66722.32724310072,1209.165290819481,1200.1307578981068,1007.9248071707666,192.20595072734022,56.43701152405506,70.97137453484973,66.86612896715731,0.03828859337729096
2024-06-04,5.11,70567.765625,71047.40625,68564.640625,68804.5703125,33149696545.0,0.025300225248924946,6.648062177183666e-08,8.404443950966135e-07,1.316575291339661e-06,68804.78125,67491.4140625,68364.9921875,68296.21875,63161.94921875,68954.65364583333,1543.6421331703812,70567.765625,68561.409375,1248.5065648747413,70567.765625,66431.8337890625,3330.7484546469295,71448.1953125,68458.74715213616,67071.91255054611,1386.834601590046,1349.0300663426897,1076.1458590051514,272.8842073375383,60.08961954382764,87.013105523807,72.70802370217193,0.08180368201393051
2024-06-05,5.08,71082.8203125,71735.4140625,70390.7109375,70568.3515625,32810771409.0,0.007272217816602478,6.054954772411696e-08,8.29399330464515e-07,1.3170759125858897e-06,70567.765625,68804.78125,67491.4140625,67578.09375,62334.81640625,70151.7890625,1194.6308500876335,71082.8203125,69262.3546875,1514.022490911064,71082.8203125,66869.233984375,3338.7956044962652,71448.1953125,68983.56178420893,67436.54052890555,1547.021255303378,1491.4024902939418,1159.1971852629094,332.20530503103237,61.11539581789538,88.22319948523239,82.0692265146297,0.06011681720309836
2024-06-06,5.08,70757.1640625,71625.734375,70119.125,71082.84375,25223152007.0,-0.0045918902720174515,4.994323735059924e-08,8.001762124769351e-07,1.178719587272277e-06,71082.8203125,70567.765625,68804.78125,68364.9921875,61187.94140625,70802.58333333333,260.51394473492024,71082.8203125,69740.7890625,1537.3479410344626,71082.8203125,67347.6951171875,3162.810038934866,71448.1953125,69338.28223986714,67738.41539559595,1599.8668442711933,1559.9735205657926,1239.3524523234862,320.62106824230636,60.064224712355774,82.57987846080873,85.93872782328272,-0.00967178032947602
2024-06-07,5.17,69342.5859375,71907.8515625,68507.2578125,70759.1875,36188381096.0,-0.020194557079891595,7.396518360161397e-08,7.56873459265377e-07,1.1826852258327238e-06,70757.1640625,71082.8203125,70567.765625,67491.4140625,63049.9609375,70394.19010416667,925.1575491796982,71082.8203125,70111.0234375,983.2681657600035,71082.8203125,67662.3263671875,3022.6617177714406,71448.1953125,69339.14297939371,67884.24908122359,1454.8938981701212,1483.0759471825877,1288.0971512953065,194.9787958872812,55.59139311795465,55.56746480882315,75.45684758495477,-0.011319996845438496
2024-06-10,5.16,69512.28125,70146.0703125,69232.421875,69644.3125,20597699541.0,-0.0019504270460224404,5.06876870420685e-08,6.4596792907696e-07,1.1807643633956046e-06,69342.5859375,70757.1640625,71082.8203125,68804.78125,60792.77734375,69870.67708333333,772.3946516809268,70757.1640625,70252.5234375,777.7174049543426,71082.8203125,68098.3015625,2575.4236770104612,71448.1953125,69373.77063351497,68032.2520056578,1341.5186278571637,1419.4643582392455,1314.3705926840944,105.0937655551511,56.014551827524166,56.450911794838824,64.86608502149024,0.005641379262017132
2024-06-11,5.17,67332.03125,69549.4140625,66123.6015625,69508.078125,37116136345.0,-0.03186737491787994,9.01349898251168e-08,6.842374109642176e-07,1.1758295306688905e-06,69512.28125,69342.5859375,70757.1640625,70567.765625,62901.44921875,68728.96614583333,1212.752840511588,69512.28125,69605.3765625,1479.4660387478546,71082.8203125,68319.8306640625,2278.2926231617703,71448.1953125,68965.42275681198,67968.59557332528,996.8271834867046,1179.526909827924,1287.4018561128605,-107.87494628493641,49.48968095570383,20.89172645546095,44.303367686374315,-0.00879633591045137
2024-06-12,5.13,68241.1875,69977.890625,66902.453125,67321.375,34497940694.0,0.013412234174300153,1.0603194896449789e-07,6.604693393990952e-07,1.1781282537753372e-06,67332.03125,69512.28125,69342.5859375,71082.8203125,61552.7890625,68361.83333333333,1095.1205771286832,69512.28125,69037.05,1305.6105271910437,70757.1640625,68654.2505859375,1631.8914967374017,71448.1953125,68820.57570544959,67993.37665756843,827.199047881164,1050.625112242662,1240.046507338821,-189.4213950961589,52.000550940954604,36.609516142974456,37.98405146442475,-0.004157745092797094
2024-06-13,5.07,66756.3984375,68365.78125,66304.5625,68243.1015625,28955204146.0,-0.021998155421160348,1.7488467481531808e-07,3.186996216949512e-07,1.13410889677538e-06,68241.1875,67332.03125,69512.28125,70757.1640625,66267.4921875,67443.20572916667,748.6116908274474,68241.1875,68236.896875,1210.3542290519156,69512.28125,68678.6958984375,1597.5573944735527,71448.1953125,68407.74025185968,67880.92409210766,526.8161597520229,819.216028097595,1155.8804114905759,-336.6643833929809,47.819724866102476,10.939998703375545,22.813747100603663,-0.02254620154208753
2024-06-14,5.07,66011.09375,67294.6484375,65056.89453125,66747.5703125,27403884779.0,-0.01122733440538859,1.309272672732256e-07,3.118389065029519e-07,1.135246576728603e-06,66756.3984375,68241.1875,67332.03125,69342.5859375,65231.58203125,67002.89322916667,1135.297007477119,68241.1875,67570.5984375,1357.5449024238903,69512.28125,68717.671484375,1516.4836096276024,71448.1953125,67928.41095148775,67710.93951555241,217.47143593533838,569.1223144158721,1038.5287920756352,-469.40647765976314,45.82795828420354,13.927969689453743,20.492494845267924,-0.02318798760138152
2024-06-17,5.11,66490.296875,67188.3203125,65094.96484375,66636.515625,30006354476.0,-0.002234669798733435,1.3109949882361795e-07,2.712323761788756e-07,1.1346377735518238e-06,66011.09375,66756.3984375,68241.1875,69512.28125,67051.875,66419.26302083333,377.6958109786795,66756.3984375,66966.2015625,857.6354204179008,68241.1875,68689.592578125,1553.693044444047,71448.1953125,67640.7881361902,67599.97200277491,40.81613341528282,404.92125168044004,911.8072839965962,-506.88603231615616,47.34650801641295,20.922658501749016,15.263542298192776,-0.027421860992222435
2024-06-18,5.09,65140.74609375,66556.703125,64066.95703125,66490.9765625,39481285950.0,-0.020505771883152946,5.908208519156655e-08,6.747282602585445e-08,1.1433391727084892e-06,66490.296875,66011.09375,66756.3984375,67332.03125,71448.1953125,65880.71223958333,684.1573879504348,66490.296875,66527.94453125,1138.0096922208288,68241.1875,68374.2201171875,1603.6226421831302,71082.8203125,67140.77972770216,67376.40601104537,-235.62628334321198,164.00273562925577,762.2463743231282,-598.2436386938724,43.636632665757396,13.694726516475868,16.181784902559553,-0.034829140882619236
2024-06-20,5.1,64828.65625,66438.9609375,64547.84765625,64960.296875,25641109124.0,-0.002028534277712879,4.3228003583523134e-08,5.8949479849809407e-08,1.0984738560170442e-06,65140.74609375,66490.296875,66011.09375,68241.1875,70136.53125,65486.56640625,883.1512656764623,66490.296875,65845.43828125,837.1931564357084,66756.3984375,68108.8263671875,1730.7909927121152,71082.8203125,66678.35503216174,67144.79239640488,-466.43736424314557,-51.51612044365902,599.4938753697708,-651.0099958134298,42.80140574228588,9.714442857434653,14.777275958553188,-0.05778849852821821
2024-06-21,5.1,64096.19921875,65007.546875,63378.89453125,64837.98828125,26188171739.0,-0.011362664075990736,1.875577107479689e-08,5.6950203998602815e-08,1.0831594120062325e-06,64828.65625,65140.74609375,66490.296875,66756.3984375,69122.3359375,64688.533854166664,536.1858426690897,65140.74609375,65313.3984375,951.0818103013494,66490.296875,67857.51953125,1929.3847426207628,71082.8203125,66161.92386947939,66867.64756207261,-705.723692593223,-278.21246749002603,423.9526067978114,-702.1650742878375,40.826342830835365,8.410227474142546,10.606465616017699,-0.09170711795864661
2024-06-24,5.1,60277.4140625,63292.52734375,58601.69921875,63173.3515625,43152133651.0,-0.04704293399341175,3.073024045943271e-07,1.1165276099199062e-07,1.1284259593015822e-06,64096.19921875,64828.65625,65140.74609375,66011.09375,67929.5625,63067.423177083336,2443.8159648898672,64828.65625,64166.6625,2340.8102103723622,66490.296875,67474.912109375,2567.540540946238,71082.8203125,64985.021908083516,66268.53542574783,-1283.5135176643162,-757.28548727007,187.70498798423515,-944.9904752543051,32.42527754530532,12.593534182231844,10.239401504603023,-0.1520115015484249
2024-06-25,5.1,61804.640625,62258.26171875,60239.75,60266.28125,29201215431.0,0.025020978589857634,4.60443341118194e-07,1.3077259820742963e-07,1.1401668496219668e-06,60277.4140625,64096.19921875,64828.65625,66490.296875,68526.1015625,62059.41796875,1922.0987587960228,64096.19921875,63229.53125,2103.9466185361066,65140.74609375,67138.8390625,2847.354282044674,71082.8203125,64348.94565146681,65862.72680749802,-1513.7811560312111,-1002.1675235675866,-50.2695143261292,-951.8980092414574,37.92654462064614,24.07113133462992,15.02496433033478,-0.1265246220098959
2024-06-26,5.13,60811.27734375,62434.13671875,60695.1875,61789.67578125,22506003064.0,-0.016203198264060248,4.1857166337010927e-07,1.3106254864778453e-07,1.142943734026545e-06,61804.640625,60277.4140625,64096.19921875,65140.74609375,68296.21875,60964.444010416664,775.0485559852832,61804.640625,62363.6375,2009.5220413866948,64828.65625,66764.5919921875,3161.764946096161,71082.8203125,63641.41198992346,65403.50412897547,-1762.0921390520161,-1261.8486112101673,-292.58533370293685,-969.2632775072304,35.88045025134977,16.605687864665516,17.756784460509106,-0.12303130144929197
2024-06-27,5.1,61604.80078125,62293.86328125,60585.33203125,60811.2265625,21231745045.0,0.01296454786345791,4.6207917142028597e-07,1.331102611024888e-07,1.1464008777677857e-06,60811.27734375,61804.640625,60277.4140625,64828.65625,67578.09375,61406.90625,525.4182488818633,61804.640625,61718.86640625,1464.0340032312806,64096.19921875,66465.92734375,3356.972654819125,71082.8203125,63234.08974818877,65058.16746100043,-1824.0777128116533,-1387.6213986941293,-511.59254670117537,-876.028851992954,38.72430222997479,22.569270852445783,21.08203001724708,-0.11375659561956908
2024-06-28,5.09,60320.13671875,62126.09765625,59985.40234375,61612.8046875,24952866877.0,-0.02107381200861269,5.516970810033473e-07,1.4466361926161658e-07,1.1558639513984966e-06,61604.80078125,60811.27734375,61804.640625,64096.19921875,68364.9921875,60912.071614583336,648.2361083313075,61604.80078125,60963.65390625,711.7910660778705,61804.640625,66063.6845703125,3591.2492537510325,71082.8203125,62651.299142301024,64627.43739352311,-1976.138251222088,-1572.8283067092634,-723.839698702793,-848.9886080064704,35.94479959340656,14.885501219987148,18.02015331236616,-0.10413906132157569
2024-07-01,5.1,62851.98046875,63777.2265625,62495.51171875,62673.60546875,25468379421.0,0.0027672625269055118,9.101514243038004e-08,1.3872643868398336e-07,1.1539063081127497e-06,60320.13671875,61604.80078125,60811.27734375,60277.4140625,67491.4140625,61592.305989583336,1265.968121031394,62851.98046875,61478.5671875,974.135480111458,62851.98046875,65831.712890625,3643.630111349839,71082.8203125,62691.43540759083,64466.03221854374,-1774.596810952913,-1498.0390231688798,-878.6795635960104,-619.3594595728694,44.41295949620342,37.36119671531656,24.938656262583176,-0.07897293743972433
2024-07-02,5.07,62029.015625,63203.359375,61752.74609375,62844.41015625,20151616992.0,-0.013180176056291515,4.4614181627097765e-08,1.363448901510945e-07,1.140557607083499e-06,62851.98046875,60320.13671875,61604.80078125,61804.640625,68804.78125,61733.7109375,1291.495968808369,62851.98046875,61523.4421875,997.7926265043815,62851.98046875,65492.924609375,3667.57189440957,71082.8203125,62558.951451072666,64244.485255494306,-1685.5338044216405,-1488.021378037025,-1000.5479264842133,-487.47345155281164,42.448573531220205,30.12709863836377,27.4579321912225,-0.07081542628345905
2024-07-03,5.04,60173.921875,62187.703125,59419.38671875,62034.33203125,29756701685.0,-0.03036320250661717,1.1771540087232112e-07,1.4694972658072578e-07,1.1499817761009377e-06,62029.015625,62851.98046875,60320.13671875,60811.27734375,70567.765625,61684.97265625,1371.7775443377982,62851.98046875,61395.97109375,1141.8343150927785,62851.98046875,64973.232421875,3646.9653410100586,71082.8203125,62081.94553585814,63874.43403908573,-1792.4885032275924,-1611.1999736968282,-1122.6783359267363,-488.52163777009196,38.33275340269275,16.10210413245293,27.863466495377764,-0.08842713464356133
2024-07-05,4.98,56662.375,57497.15234375,53717.375,57022.80859375,55417544033.0,-0.005549607840752202,9.962893142503416e-08,1.4610426243613932e-07,1.1166858437873917e-06,60173.921875,62029.015625,62851.98046875,61604.80078125,71082.8203125,59621.770833333336,2725.593692956718,62029.015625,60407.4859375,2381.855895737847,62851.98046875,64252.21015625,3797.8705426439083,70757.1640625,60998.03142868652,63218.792308259755,-2220.7608795732376,-1969.4695646132386,-1292.036581664037,-677.4329829492017,32.00647349733323,21.69065838996807,22.639953720261598,-0.14780986605423396
2024-07-08,4.99,56705.09765625,58131.3359375,54321.01953125,55849.57421875,39766159899.0,0.015210533790654068,7.457894930542016e-08,1.5425226155264328e-07,1.09739793997271e-06,56662.375,60173.921875,62029.015625,60320.13671875,70757.1640625,57847.131510416664,2015.1727858617485,60173.921875,59684.478125,2905.998006136854,62851.98046875,63549.6068359375,3830.789706725304,69512.28125,60139.444674199214,62626.63824898614,-2487.1935747869284,-2224.3129403071434,-1478.4918533926584,-745.821086914485,32.15318100480732,22.179012585535652,19.990591702652228,-0.12949879980434198
2024-07-09,5.02,58009.2265625,58239.1953125,56316.875,56704.59765625,27849512607.0,0.022737964112149456,1.405971920769837e-07,1.58570694938777e-07,1.1078623731171065e-06,56705.09765625,56662.375,60173.921875,62851.98046875,69342.5859375,57125.56640625,765.5702189526746,58009.2265625,58715.92734375,2337.8537843170666,62029.015625,62982.9388671875,3766.465610684476,69512.28125,59713.40105185938,62206.873550214674,-2493.472498355295,-2294.5951829840487,-1641.7125193109366,-652.8826636731121,36.646839026727555,33.42738436712396,25.765685114209237,-0.10519159399513234
2024-07-10,5.01,57742.49609375,59359.43359375,57178.4140625,58033.8828125,26175260526.0,-0.004608673369846272,1.1865784946725956e-07,1.5926576102517961e-07,1.0731185897006141e-06,58009.2265625,56705.09765625,56662.375,62029.015625,69512.28125,57485.606770833336,688.9718021811879,58009.2265625,57858.6234375,1428.1461556984866,60173.921875,62394.449609375,3608.7797697995293,68241.1875,59319.22006023751,61801.02105417243,-2481.8009939349213,-2344.788029506024,-1782.3276213499541,-562.4604081560699,36.119907781965516,31.64008884996773,29.082161934209125,-0.09912761134737236
2024-07-11,4.91,57344.9140625,59299.43359375,57120.37890625,57729.890625,28707803842.0,-0.006909245978269141,2.8774407979513844e-08,1.2298456373729002e-07,1.074011511960763e-06,57742.49609375,58009.2265625,56705.09765625,60173.921875,67332.03125,57698.87890625,334.2972011523125,58009.2265625,57292.821875,604.3672713634486,58009.2265625,61895.09375,3580.4550461082977,68241.1875,58924.35886069001,61395.920418565845,-2471.561557875837,-2389.1076236670488,-1903.683621813373,-485.4240018536757,35.30502937251319,32.130060575362144,32.399177930817956,-0.04865006313906184
2024-07-12,4.87,57899.46484375,58532.5546875,56590.17578125,57341.1953125,25604805221.0,0.00962398455810387,3.312210570955307e-08,1.1994322444840577e-07,1.0755559482737073e-06,57344.9140625,57742.49609375,58009.2265625,56662.375,68241.1875,57662.291666666664,285.8429723453432,57899.46484375,57540.23984375,530.4510740435604,58009.2265625,61378.0076171875,3355.420528233894,66756.3984375,58719.38005730201,61078.06082085531,-2358.680763553297,-2352.366985560533,-1993.420294562805,-358.94669099772796,37.42554987979663,41.57208302495766,35.114077483429185,-0.06318580193588819
2024-07-15,4.85,64870.15234375,64870.15234375,60704.9296875,60815.45703125,38094526099.0,0.06499862039498083,9.617467151049937e-07,2.844870706823212e-07,1.1629327995384034e-06,57899.46484375,57344.9140625,57742.49609375,56705.09765625,66756.3984375,60038.177083333336,4193.789495218545,64870.15234375,59173.25078125,3194.6065697577183,64870.15234375,61283.6953125,3220.07013868938,66490.296875,59949.534514591614,61422.79641384573,-1473.2618992541175,-1740.7077450433426,-1942.8777846589128,202.1700396155702,56.65693458262594,100.0,57.900714533439945,0.0667454323818304
2024-07-16,4.85,65097.1484375,65354.33984375,62487.96875,64784.41796875,41617346768.0,0.0034931297826741314,7.739147517880095e-07,2.7844696318300375e-07,1.1616156533414173e-06,64870.15234375,57899.46484375,57344.9140625,58009.2265625,66011.09375,62622.255208333336,4091.630900691734,65097.1484375,60590.83515625,4015.965895672661,65097.1484375,61237.998046875,3155.2841744694056,66490.296875,60979.05729917329,61756.82841599612,-777.771116822827,-1223.5424665607206,-1799.0107210392744,575.4682544785537,57.11910780564984,97.78987554140346,79.78731952212038,0.05668953737308291
2024-07-17,4.85,64118.79296875,66066.734375,63896.0859375,65091.83203125,32525071311.0,-0.015143242454824346,8.488670859331824e-07,2.904099140673299e-07,1.164247326192805e-06,65097.1484375,64870.15234375,57899.46484375,57742.49609375,66490.296875,64695.364583333336,512.0624246144088,65097.1484375,61866.09453125,3895.9577399213767,65097.1484375,61119.4228515625,2987.6207843858633,65140.74609375,61607.00443308864,61971.55246624647,-364.5480331578292,-882.4579414212203,-1615.7001651156636,733.2422236944433,54.42540426590316,84.22637687430648,94.00541747190333,0.06297492772126323
2024-07-18,4.86,63974.06640625,65104.66015625,63246.1640625,64104.73828125,27239305337.0,-0.002259714160352644,8.332285908785375e-07,2.6845654495565314e-07,1.1616365866130723e-06,64118.79296875,65097.1484375,64870.15234375,57344.9140625,65140.74609375,64396.669270833336,610.9335002059651,65097.1484375,63191.925,2996.9687719622834,65097.1484375,61061.0888671875,2915.4901475259217,65097.1484375,62080.41682772091,62153.59918806497,-73.18236034405709,-616.715113988037,-1415.9031548901385,799.1880409021014,54.01956346577349,83.05444108310274,88.35689783293758,0.017852833421182268
2024-07-19,4.87,66710.15625,67442.640625,63329.34375,63972.32421875,37003855410.0,0.041879420109635745,1.550190608238132e-06,3.6677130536902834e-07,1.1401051603082069e-06,63974.06640625,64118.79296875,65097.1484375,57899.46484375,64828.65625,64934.338541666664,1539.6047688923559,66710.15625,64954.06328125,1091.9532146820347,66710.15625,61155.1638671875,3069.73313948261,66710.15625,63006.36471217673,62567.83164824088,438.5330639358508,-183.22037431544595,-1169.3665987752,986.146224459754,60.080090348878755,94.66324080704267,87.31468625481732,0.07546695006898241
2024-07-22,4.88,67585.25,68480.0625,66611.296875,68152.9765625,42649109453.0,-0.00838776669011132,1.7153952484798407e-07,3.6322160576433473e-07,1.0969614119366464e-06,66710.15625,63974.06640625,64118.79296875,64870.15234375,64096.19921875,66089.82421875,1883.8180933116882,67585.25,65497.0828125,1597.748317094806,67585.25,61329.61640625,3333.47940852117,67585.25,63922.141769741385,63023.960589309885,898.1811804315003,228.30828638889216,-889.8316217423816,1118.1399081312738,61.81370942168258,93.93868833164693,90.55212340726412,0.12316511694876131
2024-07-23,4.85,65927.671875,67779.015625,65484.4609375,67584.8046875,35605668666.0,-0.024831503546284495,2.862823821111126e-07,2.7337943038255896e-07,9.433633351358841e-07,67585.25,66710.15625,63974.06640625,65097.1484375,60277.4140625,66741.02604166667,829.2201264730131,67585.25,65663.1875,1588.9229323277266,67585.25,61612.129296875,3475.9953366495756,67585.25,64323.24779079311,63287.934342554436,1035.313448238674,415.9007680075156,-628.6851437924022,1044.5859117999178,56.78345396906971,82.7105286554362,90.43748593137529,0.16351762302586148
2024-07-24,4.82,65372.1328125,67113.984375,65146.99609375,65927.859375,27470942309.0,-0.008462196557577073,2.5352415404822406e-07,2.451586271389945e-07,9.361016345185261e-07,65927.671875,67585.25,66710.15625,64118.79296875,61804.640625,66295.01822916667,1151.3815307454652,67585.25,65913.85546875,1367.8532952844694,67585.25,61790.50390625,3576.476830246016,67585.25,64533.02479513449,63477.406930731304,1055.6178644031897,513.8188182157537,-400.18435139077104,914.0031696065248,55.16321134412716,78.94739905928375,85.19887201545565,0.1528440213398472
2024-07-25,4.83,65777.2265625,66112.421875,63473.47265625,65375.875,38315761670.0,0.006177613679945182,2.60225619696645e-07,2.341746199038591e-07,9.290392195206815e-07,65372.1328125,65927.671875,67585.25,63974.06640625,60811.27734375,65692.34375,287.3320925069433,65927.671875,66274.4875,878.8769952179408,67585.25,62038.8013671875,3675.91438050623,67585.25,64781.8651486076,63686.481442710276,1095.3837058973222,616.9949251513754,-196.74849608234177,813.7434212337171,56.14585160426133,80.91088540754238,80.85627104075412,0.1339097323014753
2024-07-26,4.79,67912.0625,68207.6015625,65743.765625,65771.8125,30488630457.0,0.03193999219319821,1.3204400418735194e-07,2.7722341817854036e-07,8.323653247624429e-07,65777.2265625,65372.1328125,65927.671875,66710.15625,61604.80078125,66353.80729166667,1364.6042310120072,67912.0625,66514.86875,1150.2856150793486,67912.0625,62354.164453125,3900.4206684705314,67912.0625,65407.90461888608,64070.625175191155,1337.2794436949262,861.0999278769814,14.821188709522866,846.2787391674585,60.997071063459366,95.33017147026632,85.0628186456975,0.17611927253263904
2024-07-29,4.79,66819.9140625,69987.5390625,66532.59375,68259.0546875,40780682628.0,-0.02126224566408652,1.9335744975759348e-07,2.7764361069931295e-07,7.565957949556398e-07,67912.0625,65777.2265625,65372.1328125,67585.25,60320.13671875,66836.40104166667,1067.5134591058043,67912.0625,66361.8015625,1015.2360301814987,67912.0625,62679.1533203125,3991.7391138194203,67912.0625,65690.30650760887,64320.560528582864,1369.7459790260036,955.4142292673932,202.93979682109696,752.4744324462963,57.49312051652753,76.35635510135653,84.19913732638842,0.1652282535409022
2024-07-30,4.78,66201.015625,66987.671875,65323.19140625,66819.0546875,31380492109.0,-0.009305346230673806,1.113700184459505e-07,2.818182487229981e-07,7.363163191560933e-07,66819.9140625,67912.0625,65777.2265625,65927.671875,62851.98046875,66977.6640625,866.3625967151079,67912.0625,66416.4703125,993.1335457669892,67912.0625,62846.605078125,4068.870818073121,67912.0625,65792.4483310871,64491.51099189351,1300.9373391935878,969.0484734705169,356.161532150981,612.8869413195359,55.5458642258923,71.73680105547821,81.1411092090337,0.1433787134933444
2024-07-31,4.73,64619.25,66810.2109375,64532.046875,66201.2734375,31292785994.0,-0.024183450577487164,1.9041665668297982e-07,3.040658665626147e-07,7.437721358957631e-07,66201.015625,66819.9140625,67912.0625,65372.1328125,62029.015625,65880.05989583333,1134.8964772429927,66819.9140625,66265.89375,1221.8071135408024,67912.0625,62976.116796875,4082.677377127664,67912.0625,65557.80866486968,64503.1236289941,1054.6850358755764,842.5065525644677,453.43053623367837,389.07601633078934,50.809355410631206,59.9302567990145,69.34113765194975,-0.00386776251765919
2024-08-01,4.62,65357.5,65593.2421875,62248.94140625,64625.83984375,40975554494.0,0.011359846111043126,2.0661043810899646e-07,2.619164955823258e-07,7.388762079297211e-07,64619.25,66201.015625,66819.9140625,65777.2265625,60173.921875,65392.588541666664,791.4663779499714,66201.015625,66181.9484375,1276.9494898234932,67912.0625,63235.295703125,4059.8940368563703,67912.0625,65517.746931895745,64580.794208176456,936.9527237192888,792.6545455575688,521.2753380984565,271.3792074591123,52.83102003677474,50.1213626960361,60.59614018350961,0.0039994311386768455
2024-08-02,4.33,61415.06640625,65523.22265625,61184.89453125,65353.5,43060875727.0,-0.06221701386487055,1.0500161393925959e-06,4.953143296066007e-07,7.725274944148473e-07,65357.5,64619.25,66201.015625,67912.0625,56662.375,63797.272135416664,2095.8128179016794,65357.5,64882.54921875,2110.099404080009,66819.9140625,63472.9302734375,3784.6824003788993,67912.0625,64697.2108267666,64293.000771637686,404.21005512891134,430.0674779389665,503.0337660665585,-72.96628812759201,42.73113102744851,2.6148037011249725,37.5554743987252,-0.0421674588262716
2024-08-05,4.34,53991.45703125,58268.828125,49121.23828125,58110.296875,108991085584.0,-0.07363198582120134,4.0748275152459e-06,9.279491301269242e-07,8.692786299030566e-07,61415.06640625,65357.5,64619.25,66819.9140625,56705.09765625,60254.674479166664,5771.188375040106,65357.5,62316.8578125,4993.964420144951,66201.015625,63337.2482421875,4077.403590773406,67912.0625,62556.06006766328,63356.4967952388,-800.4367275755212,-451.1085220806053,312.2053084371257,-763.313830517731,30.793422435596,23.340115725621438,25.358760707594183,-0.15604150143603723
2024-08-06,4.46,56034.31640625,57059.91796875,53973.2734375,53991.34765625,49300484106.0,0.03713846509911711,5.185436830202426e-06,1.0128685187059888e-06,8.859140482751461e-07,53991.45703125,61415.06640625,65357.5,66201.015625,58009.2265625,57146.946614583336,3834.8342237336637,61415.06640625,60283.51796875,5086.010532004169,65357.5,63238.502734375,4234.129287697715,67912.0625,61251.71133538063,62690.844032603454,-1439.1326972228271,-973.3846001918937,55.08732671132185,-1028.4719269032155,36.08502538379052,33.13034829447077,19.695089240405736,-0.16003320099778662
2024-08-07,4.45,55027.4609375,57726.8828125,54620.5078125,56040.6328125,41637562185.0,-0.018131945621423284,4.954813598888407e-06,1.0440549486265398e-06,8.818418945202629e-07,56034.31640625,53991.45703125,61415.06640625,64619.25,57742.49609375,55017.744791666664,1021.4643454980885,56034.31640625,58365.16015625,4845.025601368782,65357.5,63102.7509765625,4457.257318570772,67912.0625,60006.861255804506,61994.1728421395,-1987.3115863349958,-1451.8015124563826,-246.29044112221902,-1205.5110713341637,34.677672017389554,28.305077733554008,28.258513917882084,-0.1858066525240345
2024-08-08,4.48,61710.13671875,62673.765625,54766.7265625,55030.02734375,45298472567.0,0.11461585743295721,2.330466736087087e-05,2.80979034521309e-06,1.128732789181989e-06,55027.4609375,56034.31640625,53991.45703125,65357.5,57344.9140625,57590.638020833336,3602.935140318359,61710.13671875,57635.6875,3658.295103042335,61710.13671875,63321.012109375,4263.119955689064,67912.0625,60347.516348393605,61968.35137637682,-1620.8350279832157,-1276.993885527343,-452.4311300032439,-824.5627555240992,48.91779443861525,60.331242080110854,40.588889369378556,-0.06397215366935027
2024-08-09,4.5,60880.11328125,61751.86328125,59587.859375,61728.20703125,33425553115.0,-0.013541633552666354,1.6727892216010174e-05,2.825023638803639e-06,1.1293682200671422e-06,61710.13671875,55027.4609375,56034.31640625,61415.06640625,57899.46484375,59205.903645833336,3642.358072295737,61710.13671875,57528.696875,3525.544319946102,61710.13671875,63470.04453125,4113.074419685995,67912.0625,60454.03573496489,61869.4206404562,-1415.384905491308,-1191.6964020584128,-600.2841844142777,-591.4122176441351,47.53180158045771,56.35342422824781,48.329914680637565,-0.06871459348181264
2024-08-12,4.47,59354.515625,60680.33203125,57688.8984375,58719.39453125,37078637820.0,0.010756599640608044,9.173518092117146e-06,2.176583420791557e-06,9.76093021066341e-07,60880.11328125,61710.13671875,55027.4609375,53991.45703125,64870.15234375,60648.255208333336,1194.8038788071212,61710.13671875,58601.30859375,2949.0218678087476,61710.13671875,63194.2626953125,4198.28540394468,67912.0625,60234.13171297192,61640.792911778364,-1406.661198806447,-1232.9874015251116,-726.8248278364445,-506.1625736886672,45.00765346139009,49.042125152079656,55.242263820146114,-0.09764338317604937
2024-08-13,4.4,60609.56640625,61572.3984375,58506.25390625,59356.20703125,30327698167.0,0.02092453927711624,8.068416215039469e-06,2.239831231489319e-06,8.222318054741127e-07,59354.515625,60880.11328125,61710.13671875,56034.31640625,65097.1484375,60281.3984375,814.0225512687495,60880.11328125,59516.35859375,2647.8287305610434,61710.13671875,62969.88359375,4211.132910831255,67912.0625,60309.21865162754,61547.04504763942,-1237.8263960118784,-1151.1687501639753,-811.6936123019507,-339.47513786202467,47.47865148366231,55.05685097438622,53.48413345157124,-0.10752870439989948
2024-08-14,4.42,58737.26953125,61687.7578125,58472.875,60611.05078125,29961696180.0,-0.03137830139166553,8.830774082255485e-06,2.3542930533070937e-06,8.161776374542066e-07,60609.56640625,59354.515625,60880.11328125,55027.4609375,64118.79296875,59567.1171875,954.0825254226477,60609.56640625,60258.3203125,1198.7732880017516,61710.13671875,62700.807421875,4304.747420830115,67912.0625,59994.82882755203,61291.610909785835,-1296.7820822338035,-1223.3041016597927,-894.0157101735191,-329.28839148627355,44.28199875352696,46.084024910830166,50.06100034576536,-0.12096161218779633
2024-08-15,4.52,57560.09765625,59838.6484375,56161.59375,58733.26171875,35682112440.0,-0.02024486209713494,1.8170932845994382e-07,2.416805968422237e-06,8.109045175605966e-07,58737.26953125,60609.56640625,59354.515625,61710.13671875,63974.06640625,58968.977864583336,1537.8821405129884,60609.56640625,59428.3125,1367.1411197545672,60880.11328125,62380.108984375,4441.638599261405,67912.0625,59507.88259329163,60952.38243219167,-1444.4998389000393,-1359.785063923926,-987.1695809236005,-372.6154830003254,42.35130356460671,40.442527228319136,47.19446770451185,-0.13052545927236292
2024-08-16,4.49,58894.10546875,59847.359375,57110.01953125,57560.2734375,29350938673.0,0.02291143010134178,2.4461464838112294e-07,2.229527887686949e-06,7.920482236663362e-07,57560.09765625,58737.26953125,60609.56640625,60880.11328125,66710.15625,58397.157552083336,729.1442448050649,58894.10546875,59031.1109375,1102.8492193894535,60609.56640625,61989.3064453125,4384.081816971938,67912.0625,59385.127168383304,60765.26634460606,-1380.1391762227577,-1344.8018890434178,-1058.696042547564,-286.1058464958537,45.26379311799608,54.699597075259184,47.0753830714695,-0.08859812720280724
2024-08-19,4.48,59493.453125,59612.66015625,57864.7109375,58480.7109375,25911207712.0,0.017113663556006742,2.809211353378546e-07,2.262877908855756e-06,7.972667778421276e-07,58894.10546875,57560.09765625,58737.26953125,59354.515625,67585.25,58649.21875,989.6681114907053,59493.453125,59058.8984375,1114.7213310392615,60609.56640625,61584.7166015625,4210.413999372503,67912.0625,59406.79235970665,60649.64696100551,-1242.854601298859,-1269.9263476664564,-1100.9421035713426,-168.9842440951138,46.56986264677069,58.63661528181068,51.25957986179634,-0.08972263129709679
2024-08-20,4.43,59012.79296875,61396.328125,58610.8828125,59493.453125,31613400008.0,-0.008112024604757906,2.075838057831909e-07,2.1807804624250627e-06,7.974002606749384e-07,59493.453125,58894.10546875,57560.09765625,60609.56640625,65927.671875,59133.450520833336,317.36900749638244,59493.453125,58739.54375,717.2921417205239,59493.453125,61238.97265625,4117.912654857412,67912.0625,59327.99248151532,60500.84205261864,-1172.8495711033174,-1235.134339420496,-1127.7805507411733,-107.35378867932263,45.629529840165844,60.05070630020207,57.795639552423985,-0.03911537637376106
2024-08-21,4.36,61175.19140625,61834.3515625,58823.4453125,59014.98828125,32731154072.0,0.03598748777475258,2.6802773826054543e-07,2.365201327010054e-06,8.145768932789422e-07,59012.79296875,59493.453125,58894.10546875,58737.26953125,65372.1328125,59893.8125,1135.4327247743447,61175.19140625,59227.128125,1304.0047724127153,61175.19140625,61029.1255859375,4001.494637467388,67912.0625,59697.43226646226,60562.146539312394,-864.7142728501349,-1021.3010178383847,-1106.4846441606157,85.18362632223102,50.474466184570495,73.49082189940813,64.05938116047363,0.13305316748244245
2024-08-22,4.43,60381.9140625,61408.109375,59815.25390625,61168.31640625,27625734377.0,-0.013052114105544632,2.2072576058075887e-07,2.38557552862126e-06,8.080023417652198e-07,61175.19140625,59012.79296875,59493.453125,57560.09765625,65777.2265625,60189.966145833336,1093.90344759499,61175.19140625,59791.49140625,970.0160046992934,61175.19140625,60759.3599609375,3843.286541515763,67912.0625,59834.32862566981,60545.76176869308,-711.4331430232705,-905.4104141875796,-1066.2697981660085,160.85938397842892,48.75796322054014,83.08912054284156,72.21021624748393,0.07758812697436723
2024-08-23,4.36,64094.35546875,64947.0625,60372.05078125,60380.953125,42530509233.0,0.059666677789925515,1.1596067068541117e-06,2.794006894603468e-06,8.006886742807671e-07,60381.9140625,61175.19140625,59012.79296875,58894.10546875,67912.0625,61883.8203125,1955.0374660833893,64094.35546875,60831.54140625,2004.0298029546848,64094.35546875,60568.474609375,3553.1933335027743,66819.9140625,60686.33399428585,60868.36119597098,-182.02720168513042,-508.14569328808284,-954.6449771904234,446.4992839023406,56.2554545418466,92.22960249742817,82.93651497989264,0.1647703596854695
2024-08-26,4.38,62880.66015625,64489.70703125,62849.55859375,64342.2265625,27682040631.0,-0.02284251207913357,1.2603002268716064e-06,2.805669134443192e-06,8.088662896515364e-07,64094.35546875,60381.9140625,61175.19140625,59493.453125,66819.9140625,62452.309895833336,1892.925845855887,64094.35546875,61508.9828125,2011.113802920876,64094.35546875,60371.5119140625,3287.682715674214,66201.015625,61125.199226678684,61051.29746508726,73.9017615914272,-287.92657001026964,-821.3012957543928,533.3747257441231,53.49948786160156,79.98943107083603,85.10271803703527,0.01896809016701373
2024-08-27,4.34,59504.1328125,63210.796875,58116.75,62879.70703125,39103882198.0,-0.055192877560907405,2.9540008370375875e-06,3.3233158294136567e-06,8.384986753209708e-07,62880.66015625,64094.35546875,60381.9140625,59012.79296875,66201.015625,62159.716145833336,2378.519751464036,64094.35546875,61607.25078125,1865.3747432649802,64094.35546875,60036.6677734375,2990.292330012416,65357.5,60800.98594384295,60910.646133033864,-109.66018919091584,-381.46161400901474,-733.3333594053172,351.87174539630246,46.65208798940848,46.53487153159085,72.91796836661837,-0.02260147681383795
2024-08-28,4.36,59027.625,60236.44921875,57890.67578125,59507.92578125,40289564698.0,-0.008040214509268395,2.1686386821823986e-06,3.2291611138435015e-06,8.379073978523865e-07,59504.1328125,62880.66015625,64094.35546875,61175.19140625,64619.25,60470.805989583336,2100.5505831314795,62880.66015625,61177.7375,2205.8942237308856,64094.35546875,59757.0865234375,2794.2601893324695,65357.5,60446.31375507436,60739.46239366715,-293.1486385927856,-488.4089342187508,-684.348474368004,195.93954014925316,45.76193454015194,32.622405605847725,53.04890273609155,-0.0055074263778898125
2024-08-29,4.38,59388.1796875,61184.08203125,58786.2265625,59027.46875,32224990582.0,0.006089656742739535,2.0908439890246713e-06,3.212656774441346e-06,8.197209204987995e-07,59027.625,59504.1328125,62880.66015625,60381.9140625,65357.5,59306.645833333336,248.49698363347437,59504.1328125,60978.990625,2336.4266479044063,64094.35546875,59458.6205078125,2463.8409467157962,64094.35546875,60234.68694155949,60616.61851128832,-381.9315697288257,-537.871458636997,-655.0530712218026,117.18161258480563,46.5923267287422,36.72639479253739,38.62789064332534,-0.020151715169241857
2024-08-30,4.38,59119.4765625,59896.88671875,57768.53125,59388.6015625,32292756405.0,-0.004534788620027541,5.447406433104871e-07,2.5595806299480784e-06,7.975359860665378e-07,59388.1796875,59027.625,59504.1328125,64094.35546875,61415.06640625,59178.427083333336,187.36673557370068,59388.1796875,59984.01484375,1630.7949240127366,62880.66015625,59343.841015625,2421.0000481439465,64094.35546875,60011.6448657476,60480.514697762104,-468.86983201450494,-591.9295665585596,-642.428370289154,50.49880373059443,46.02677045838717,33.667899763458834,34.33890005394799,0.006507061603308939
2024-09-03,4.35,57431.0234375,59815.05859375,57425.16796875,59106.19140625,26666961053.0,-0.0288574422367045,6.404157418384668e-07,1.8780593998733836e-06,8.047436213637622e-07,59119.4765625,59388.1796875,59027.625,62880.66015625,53991.45703125,58646.2265625,1060.9379428616992,59388.1796875,58894.0875,840.4569170146855,59504.1328125,59515.8193359375,2124.8270436981234,64094.35546875,59495.520580098084,60203.28821955646,-707.7676394583759,-762.228566308404,-666.388409493004,-95.84015681539995,42.533044269007426,14.449197004997599,28.28116385366462,-0.0022424252912291998
2024-09-04,4.23,57971.5390625,58511.5703125,55673.1640625,57430.34765625,35627680312.0,0.009367548966837447,4.349695846796284e-08,1.7052372819172251e-06,8.053094922144907e-07,57431.0234375,59119.4765625,59388.1796875,59504.1328125,56034.31640625,58174.013020833336,862.2443196003331,59119.4765625,58587.56875,841.8198936164991,59388.1796875,59612.68046875,1998.1465975340182,64094.35546875,59190.72427657847,60000.40193255132,-809.6776559728532,-843.8492875789889,-701.8805851102011,-141.9687024687878,43.99853040558055,24.783266880584705,24.300121216347055,-0.015664834348142476
2024-09-05,4.21,56160.48828125,58300.58203125,55712.453125,57971.703125,31030280656.0,-0.031738730145491445,1.5768811843531814e-07,1.7950005861928027e-06,7.921606702199866e-07,57971.5390625,57431.0234375,59119.4765625,59027.625,55027.4609375,57187.68359375,929.7241218414551,57971.5390625,58014.14140625,1312.2136296137837,59388.1796875,59669.3318359375,1873.4770921456263,64094.35546875,58584.67707751278,59651.31887334211,-1066.6417958293314,-1042.6519174197092,-770.0348515721028,-272.61706584760645,40.29104763504169,5.254793569654078,14.829085818412137,-0.056022380088565416
2024-09-06,4.1,53948.75390625,56976.109375,52598.69921875,56160.19140625,49361693566.0,-0.04017885990553971,5.077289357173765e-07,5.831668511458542e-07,7.980799662582599e-07,56160.48828125,57971.5390625,57431.0234375,59388.1796875,61710.13671875,56026.927083333336,2014.7156247292419,57971.5390625,56926.25625,1975.4456585696728,59119.4765625,59281.2626953125,2203.3059610611076,64094.35546875,57657.49244326023,59132.90387633374,-1475.4114330735101,-1362.9615414553773,-888.6201895487577,-474.3413519066196,36.271363934879446,10.933065838368636,13.657042096202483,-0.08581256381445368
2024-09-09,4.12,57019.53515625,58041.125,54598.43359375,54851.88671875,34618096173.0,0.038945513665446185,1.0237164767770584e-06,6.894354202005131e-07,8.247423732700696e-07,53948.75390625,56160.48828125,57971.5390625,59119.4765625,60880.11328125,55709.592447916664,1584.2678626816935,57019.53515625,56506.26796875,1575.2838659348845,57971.5390625,59088.2337890625,2224.8651182622257,64094.35546875,57529.900985858185,58940.77944723522,-1410.878461377033,-1353.4214430052016,-981.5804402400465,-371.84100276515505,44.54381002019405,35.80098703617414,17.32961548139896,-0.0679304167992425
2024-09-10,4.07,57648.7109375,58029.9765625,56419.4140625,57020.09765625,28857630507.0,0.010973955159395032,7.557240343168773e-07,6.898276585377755e-07,7.973114364675774e-07,57019.53515625,53948.75390625,56160.48828125,57431.0234375,59354.515625,56205.666666666664,1979.698701072131,57648.7109375,56549.80546875,1609.86045384616,57971.5390625,59002.9435546875,2246.7087347491574,64094.35546875,57553.66297618655,58823.318673622925,-1269.6556974363775,-1280.3327400968847,-1041.3309002114142,-239.00183988547042,46.08797177791763,40.896203032980395,29.210085302507736,-0.04526526141869103
2024-09-11,4.12,57343.171875,57991.3203125,55567.33984375,57650.2890625,37049062672.0,-0.005314110423380924,7.35171892972762e-07,6.562276844464713e-07,7.750327672782226e-07,57648.7109375,57019.53515625,53948.75390625,57971.5390625,60609.56640625,57337.139322916664,314.63126782232183,57648.7109375,56424.13203125,1491.2861480894994,57648.7109375,58839.623828125,2242.489699759309,64094.35546875,57511.56475594924,58688.75987374811,-1177.1951177988667,-1232.8523112929688,-1079.635182427725,-153.2171288652437,45.42646975071242,38.421874609520934,38.3730215595585,-0.10533195231273718
2024-09-12,4.09,58127.01171875,58534.359375,57330.1015625,57343.171875,33835707949.0,0.013576697629400059,4.799962262952462e-07,5.930005042583183e-07,7.778055087645593e-07,57343.171875,57648.7109375,57019.53515625,56160.48828125,58737.26953125,57706.298177083336,395.08029916049105,58127.01171875,56817.43671875,1654.7345571928697,58127.01171875,58809.1109375,2248.100483606672,64094.35546875,57634.6541485094,58637.691859657374,-1003.0377111479756,-1119.0744116028,-1087.5230282627401,-31.55138334005983,47.507996560728955,44.76959718535573,41.36255827595236,-0.07559794101537454
2024-09-13,4.0,60571.30078125,60648.0234375,57650.11328125,58130.32421875,32490528356.0,0.04119072290725079,5.030846064149748e-07,6.962339074474034e-07,7.929624991695389e-07,58127.01171875,57343.171875,57648.7109375,53948.75390625,57560.09765625,58680.494791666664,1683.7344484347232,60571.30078125,58141.94609375,1418.0192803480115,60571.30078125,58959.67109375,2260.8460405126784,64094.35546875,58221.983475057525,58813.474488893065,-591.4910138355408,-822.1931756734339,-1034.457057744879,212.2638820714451,53.468183478422205,67.04731582228956,50.07959587238875,0.017934350410797384
2024-09-16,3.96,58192.5078125,59205.51171875,57501.33984375,59185.2265625,32032822113.0,-0.016874951656181025,2.1426415757744092e-07,6.763382048680103e-07,7.972966448869734e-07,60571.30078125,58127.01171875,57343.171875,57019.53515625,58894.10546875,58963.606770833336,1392.6889307815543,60571.30078125,58376.540625,1275.802876826595,60571.30078125,58924.5912109375,2267.350647834662,64094.35546875,58216.08834254603,58757.02297285733,-540.9346303113052,-769.9854564191046,-981.5627374797242,211.5772810606196,47.782012271844636,52.711620029764084,54.84284434580314,-0.01414790426516399
2024-09-17,3.99,60308.5390625,61316.08984375,57628.0703125,58192.5078125,38075570118.0,0.035717088660708995,4.815573195837323e-07,7.595810750720742e-07,8.010967556889989e-07,58192.5078125,60571.30078125,58127.01171875,57648.7109375,59493.453125,59690.782552083336,1304.1784105962508,60571.30078125,58908.50625,1440.3677221168173,60571.30078125,58965.3455078125,2285.3675250762208,64094.35546875,58634.578486536826,58898.06989009758,-263.49140356075077,-551.5069959615066,-895.5515891760807,344.0445932145741,52.60995124742931,88.44205996275404,69.40033193826925,0.015497349469926869
2024-09-18,3.95,61649.6796875,61664.06640625,59218.25390625,60309.0,40990702891.0,0.021994330568393394,6.162963947058123e-07,7.964433837404739e-07,8.095975452537039e-07,60308.5390625,58192.5078125,60571.30078125,57343.171875,59012.79296875,60050.2421875,1742.9995123490282,61649.6796875,59769.8078125,1553.479554157229,61649.6796875,59097.18984375,2362.9924150389515,64094.35546875,59237.59872672946,59148.21623531598,89.38249141348206,-267.06385604787647,-769.8540425504399,502.7901865025634,55.423073985679665,99.84130020933033,80.33166006728283,0.042798131379345294
2024-09-19,3.93,62940.45703125,63872.44140625,61609.8671875,61651.15625,42710252573.0,0.020721119053916937,6.95644547402208e-07,7.210557943176386e-07,8.150236203433164e-07,61649.6796875,60308.5390625,58192.5078125,58127.01171875,61175.19140625,61632.891927083336,1316.0392928147155,62940.45703125,60732.496875,1758.8050778989307,62940.45703125,59185.453125,2475.00913301369,64094.35546875,59978.170387633574,59492.96539858271,485.20498905086424,61.801911830872996,-603.5228516741773,665.3247635050503,58.00677610966499,91.7331409615402,93.33883371120821,0.09593131488847151
2024-09-20,3.92,63192.9765625,64119.53125,62364.60546875,62941.42578125,35177164222.0,0.004004011647404937,2.479286836306867e-07,7.08010778560352e-07,8.129402010651719e-07,62940.45703125,61649.6796875,60308.5390625,60571.30078125,60381.9140625,62594.37109375,827.8121273560499,63192.9765625,61256.83203125,2063.1844645919045,63192.9765625,59326.00625,2621.985544037852,64094.35546875,60621.13162260687,59829.330049847915,791.8015727589518,338.89998987740546,-415.0382833638608,753.9382732412662,58.51338021028636,91.95757142377616,94.51067086488224,0.09006898185626389
2024-09-23,3.91,63329.80078125,64733.55859375,62628.078125,63643.1015625,31400285425.0,-0.005023067643080026,1.989318943686206e-07,4.418124001088743e-07,7.662679249795172e-07,63192.9765625,62940.45703125,61649.6796875,58192.5078125,64094.35546875,63154.411458333336,197.51604836233386,63329.80078125,62284.290625,1289.9303519220196,63329.80078125,59287.778515625,2553.4841507317897,63329.80078125,61162.8654543355,60147.554661793554,1015.3107925419463,563.0522680206777,-219.4201730869531,782.4724411076309,58.803384026178556,88.43202241476325,90.70757826669323,0.12765758844717134
2024-09-24,3.88,64301.96875,64695.21484375,62737.41796875,63326.83984375,29938335243.0,0.015234244172185996,5.630757539702286e-08,4.2276627413278777e-07,7.423823225901389e-07,63329.80078125,63192.9765625,62940.45703125,60308.5390625,62880.66015625,63608.248697916664,604.6617647132417,64301.96875,63082.9765625,953.1022894762808,64301.96875,59358.8439453125,2675.59776075473,64301.96875,61790.68611346841,60525.22866981232,1265.457443656087,809.8054604489298,-13.575046379776511,823.3805068287063,60.89504121597076,96.44338817276159,92.27766067043369,0.19190832214107134
2024-09-25,3.89,63143.14453125,64804.50390625,62945.375,64302.58984375,25078377700.0,-0.018185964558888656,4.271989586890445e-08,2.646367563774394e-07,7.443008817885313e-07,64301.96875,63329.80078125,63192.9765625,61649.6796875,59504.1328125,63591.638020833336,622.2037025886066,64301.96875,63381.66953125,533.1061576963368,64301.96875,59540.79453125,2806.527597219116,64301.96875,62061.17779702473,60763.22102085211,1297.9567761726212,901.4602409360305,169.43201108338488,732.0282298526456,57.16897708934129,86.38877634424706,90.42139564392397,0.10739493680928014
2024-09-26,3.96,65181.01953125,65790.796875,62669.26953125,63138.546875,36873129847.0,0.03176403065562461,1.0407443299417901e-07,3.1544398540382966e-07,6.96688620057787e-07,63143.14453125,64301.96875,63329.80078125,62940.45703125,59027.625,64208.7109375,1022.1332562834372,65181.01953125,63829.78203125,891.0354356810831,65181.01953125,59848.4642578125,3072.0379640185993,65181.01953125,62685.14614386979,61164.839067251916,1520.3070766178716,1125.5620177742312,360.6580124215542,764.904005352677,61.61686194611545,94.55184460665667,92.46133637455512,0.13065875144920702
2024-09-27,3.9,65790.6640625,66480.6953125,64852.9921875,65180.6640625,32058813449.0,0.009309629648678097,1.1338918853791398e-07,3.182350599449261e-07,6.950181340824863e-07,65181.01953125,63143.14453125,64301.96875,63192.9765625,59388.1796875,64704.942708333336,1386.4799937527018,65790.6640625,64349.31953125,1147.3575790131292,65790.6640625,60168.5884765625,3343.1722574730743,65790.6640625,63306.24972759583,61585.36861227447,1720.881115321361,1336.9460275588717,555.9156154490178,781.030412109854,62.8594501949191,93.67718524356803,91.5392687314906,0.1473147004479336
2024-09-30,3.98,63329.5,65635.0546875,62873.6171875,65634.65625,37112957475.0,-0.03576247704956792,3.4513019247988146e-07,3.931826598228113e-07,7.135677438819416e-07,65790.6640625,65181.01953125,63143.14453125,63329.80078125,59119.4765625,64767.061197916664,1281.7383749960718,65790.6640625,64349.259375,1147.4244019867942,65790.6640625,60379.0896484375,3405.596980692784,65790.6640625,63310.89978207667,61743.926011158605,1566.9737709180627,1290.9922521473054,702.9309427886753,588.0613093586301,55.103820875653795,71.1253305958618,86.45145348202885,0.08950207704504853
2024-10-01,3.96,60837.0078125,64110.98046875,60189.27734375,63335.60546875,50220923500.0,-0.040152970417249634,7.456557210381477e-07,4.4358029935796415e-07,7.351408601660665e-07,63329.5,65790.6640625,65181.01953125,64301.96875,57431.0234375,63319.057291666664,2476.8446355008064,65790.6640625,63656.2671875,1949.282868678225,65790.6640625,60549.3888671875,3334.842245822627,65790.6640625,62816.12138816134,61661.478902189636,1154.6424859717008,1041.4451339228908,770.6337810155185,270.81135290737234,48.56833865000256,38.32435736752055,67.70895773565013,0.004386681940504955
2024-10-02,3.97,60632.78515625,62357.6875,59996.94921875,60836.32421875,40762722398.0,-0.0033625289659386937,6.394066165749959e-07,4.385035740443707e-07,7.200035564076642e-07,60837.0078125,63329.5,65790.6640625,63143.14453125,57971.5390625,61599.764322916664,1501.4712310806206,63329.5,63154.1953125,2388.33533570425,65790.6640625,60682.451171875,3279.199333220408,65790.6640625,62379.454141779075,61567.96128892239,811.4928528566816,817.7714233177467,780.0613094759642,37.71011384178246,48.0653217501989,34.873831684223575,48.10783988253532,0.041934562291295885
2024-10-03,4.02,60759.40234375,61469.0390625,59878.8046875,60632.484375,36106447279.0,0.002086085373775859,3.584520728451543e-07,3.7460062674045934e-07,6.976977230501938e-07,60632.78515625,60837.0078125,63329.5,65181.01953125,56160.48828125,60743.065104166664,103.08686812320019,60837.0078125,62269.871875,2265.6930475021286,65790.6640625,60912.396875,3101.86777046738,65790.6640625,62055.443782173264,61494.45593027036,560.987851902908,643.3096715807478,752.710981896921,-109.40131031617318,48.421992352901235,36.283923844408726,36.494037632050954,0.007475944339867979
2024-10-04,4.2,62067.4765625,62465.9921875,60459.94140625,60754.625,29585472513.0,0.021300283559387623,4.5173890417265024e-07,3.0693187424249503e-07,6.961528935299657e-07,60759.40234375,60632.78515625,60837.0078125,65790.6640625,53948.75390625,61153.221354166664,794.2952332200982,62067.4765625,61525.234375,1162.5425954483999,63329.5,61318.3330078125,2639.340950967445,65790.6640625,62057.85033823862,61546.54871501851,511.30162322011165,603.6397505294735,722.8967356234315,-119.25698509395795,52.08318217145127,50.14790810635264,40.435221211661656,0.006776951269135578
2024-10-07,4.24,62236.66015625,64443.70703125,62152.55078125,62819.109375,34253562610.0,-0.00931261159307084,1.8806900988795975e-07,2.3281871000479537e-07,6.897757308643914e-07,62067.4765625,60759.40234375,60632.78515625,63329.5,57019.53515625,61687.846354166664,808.4936502271237,62236.66015625,61306.66640625,777.482082877258,62236.66015625,61579.1892578125,2442.593903525939,65790.6640625,62093.6123018409,61609.286118766824,484.3261830740739,579.1763697140414,694.1526624415535,-114.97629272751215,52.55230155481007,41.56186716222431,42.66456637099523,-0.011181947322857266
2024-10-08,4.21,62131.96875,63174.3046875,61843.5625,62221.64453125,28134475157.0,-0.0016835665376202513,1.2495643157022136e-08,2.2717925211870639e-07,6.023078986566151e-07,62236.66015625,62067.4765625,60759.40234375,60837.0078125,57648.7109375,62145.368489583336,85.38405509413644,62236.66015625,61565.65859375,797.3508567071461,62236.66015625,61803.3521484375,2261.9386175669106,65790.6640625,62101.283591472726,61656.802721606204,444.48086986652197,545.058151542813,664.3337602618054,-119.27560871899243,52.21165785321577,34.12907287448434,41.94628271435378,-0.016789964173480998
2024-10-09,4.24,60582.1015625,62508.8359375,60314.61328125,62131.7265625,27670982363.0,-0.025261155468463414,5.623907320805105e-08,2.571783593447839e-07,6.083747482889608e-07,62131.96875,62236.66015625,62067.4765625,60632.78515625,57343.171875,61650.243489583336,926.517919379181,62236.66015625,61555.521875,812.3563523416991,62236.66015625,61965.2986328125,2029.8388778323394,65790.6640625,61797.44718567818,61559.10261623291,238.34456944527483,388.4797360064622,609.1629554107368,-220.6832194042746,47.32137365163295,10.652961627942753,28.781300554883813,-0.04338714451733294
2024-10-10,4.22,60274.5,61236.72265625,58895.20703125,60581.9296875,30452813570.0,-0.005090366975952776,5.830283716329919e-08,2.492074422889915e-07,5.970156323623508e-07,60582.1015625,62131.96875,62236.66015625,60759.40234375,58127.01171875,60996.190104166664,995.5649298571458,62131.96875,61458.54140625,948.6669663738152,62236.66015625,62072.673046875,1866.3282248615947,65790.6640625,61492.85774854255,61442.32056021173,50.537188330818026,236.8392033383061,534.6982049962506,-297.85900165794453,46.39263317069303,18.1833115761232,20.98844869285011,-0.06263367713760704
2024-10-11,4.18,62445.08984375,63400.87109375,60046.125,60275.4609375,30327141594.0,0.035378479360446136,1.6083849478388933e-07,2.274859485465014e-07,5.311064162537709e-07,60274.5,60582.1015625,62131.96875,62067.4765625,60571.30078125,61100.563802083336,1174.5072957853795,62445.08984375,61534.0640625,1021.4981019728804,62445.08984375,62166.3625,1833.740226299865,65790.6640625,61683.30416758404,61533.481404169754,149.8227634142895,288.485962107261,485.4557564184527,-196.96979431119172,53.35024663347939,46.798342847284985,25.211538683783658,-0.0110551144179164
2024-10-15,4.18,67041.109375,67881.6796875,64809.1953125,66050.3671875,48863870879.0,0.01495264242203831,1.8354207270844675e-07,2.2457717869819938e-07,5.293626336419067e-07,62445.08984375,60274.5,60582.1015625,62236.66015625,58192.5078125,63253.56640625,3454.992962734285,67041.109375,62494.95390625,2710.6822864918518,67041.109375,62608.792578125,1891.0622143293374,67041.109375,62754.86520906724,62034.17485606341,720.6903530038326,692.2963942669085,526.8238839881438,165.47251027876462,64.00354966861869,90.64627084893658,51.875975090781594,0.02853729286726181
2024-10-16,4.17,67612.71875,68375.2890625,66758.7265625,67042.4609375,38195189534.0,0.008490108547450248,1.9560064273965226e-07,1.7115954080137232e-07,5.273261891242082e-07,67041.109375,62445.08984375,60274.5,62131.96875,60308.5390625,65699.63932291667,2832.9760947906143,67612.71875,63591.10390625,3515.7939534679936,67612.71875,62974.0015625,2115.4415804157593,67612.71875,63726.435917253795,62541.31521005764,1185.1207071961544,1046.3811400413688,630.7353351987889,415.6458048425799,65.07189609093365,91.95607896655035,76.46689755425732,0.027694730148476454
2024-10-17,4.21,67399.8359375,67912.2109375,66647.390625,67617.078125,32790898511.0,-0.0031535287872266338,1.002554232228385e-07,1.5211874477781626e-07,5.230787555209413e-07,67612.71875,67041.109375,62445.08984375,60582.1015625,61649.6796875,67351.22135416667,288.88899716250165,67612.71875,64954.65078125,3376.361676143932,67612.71875,63261.509375,2307.9694329391173,67612.71875,64461.11592130304,62982.9989125524,1478.1170087506398,1294.891287556493,763.5665256703297,531.3247618861632,64.30641814418463,89.71049910977003,90.77094964175234,0.06427235233974682
2024-10-18,4.19,68418.7890625,68969.75,67177.8203125,67419.109375,36857165014.0,0.015004897049664123,1.2707684106676446e-07,1.4425802060054473e-07,5.252318876994399e-07,67399.8359375,67612.71875,67041.109375,60274.5,62940.45703125,67810.44791666667,537.4839395274169,68418.7890625,66583.50859375,2368.006888831257,68418.7890625,63535.4259765625,2577.2444305343633,68418.7890625,65252.650549542435,63477.16165345673,1775.488896085706,1556.1203841845127,922.0772973731664,634.0430868113463,66.34703223372541,94.53115700425306,92.06591169352448,0.12462449292981481
2024-10-21,4.24,67367.8515625,69462.734375,66829.8515625,69002.0,37498611780.0,-0.023963262921302686,4.8840390719679755e-08,1.6623839707151925e-07,5.298761394778985e-07,68418.7890625,67399.8359375,67612.71875,62445.08984375,63192.9765625,67728.82552083333,597.739923949384,68418.7890625,67568.0609375,517.6374350274242,68418.7890625,63744.1697265625,2713.517075358333,68418.7890625,65675.69075213395,63830.86073609703,1844.830016036918,1659.2180196146146,1069.505441821456,589.7125777931585,62.38551216016915,80.17622529513504,88.13929380305272,0.11107961458299842
2024-10-22,4.24,67361.40625,67801.578125,66581.3671875,67360.703125,31808472566.0,-9.567799317800052e-05,3.107610129754342e-08,1.6521162519851006e-07,5.28250809195697e-07,67367.8515625,68418.7890625,67399.8359375,67041.109375,63329.80078125,67716.015625,608.6281819428461,68418.7890625,67632.1203125,451.74778626592587,68418.7890625,63945.75,2828.430192823465,68418.7890625,66012.83385170715,64151.81941917911,1861.0144325280417,1720.569896864814,1199.7183328301278,520.8515640346861,62.360919548989735,80.11523361476989,84.94087197138602,0.10865814428026743
2024-10-23,4.27,66432.1953125,67402.7421875,65188.03515625,67362.375,32263980353.0,-0.013890438213698175,4.018285467087832e-08,1.6362464555751967e-07,5.291075856967778e-07,67361.40625,67367.8515625,68418.7890625,67612.71875,64301.96875,67053.81770833333,538.3504321207118,67367.8515625,67396.015625,703.0328437002169,68418.7890625,64052.261328125,2882.1497367111165,68418.7890625,66096.70614386573,64359.12631857192,1737.5798252938039,1674.9048837774753,1294.7556430195973,380.14924075787803,58.76433915255743,71.3221554681629,77.20453812602263,0.07032215568817057
2024-10-24,4.25,68161.0546875,68798.9609375,66454.1015625,66653.703125,31414428647.0,0.025691547967452877,1.0921623332564841e-07,1.7721721411862363e-07,5.363283958942692e-07,66432.1953125,67361.40625,67367.8515625,67399.8359375,63143.14453125,67318.21875,865.2384380901055,68161.0546875,67548.259375,782.0486066380125,68418.7890625,64303.1568359375,3014.2265604308586,68418.7890625,66509.57585259258,64704.756170292654,1804.8196822999234,1757.9549247058821,1387.3954993568543,370.55942534902783,63.035907416178155,87.68226809207304,79.70655239166862,0.09519139549545796
2024-10-25,4.29,66642.4140625,68722.15625,65521.79296875,68165.296875,41469984306.0,-0.02253213347279548,1.497603427311184e-07,1.5674387258249167e-07,5.402868491298218e-07,68161.0546875,66432.1953125,67361.40625,68418.7890625,65181.01953125,67078.5546875,943.3465260512496,68161.0546875,67192.984375,685.2065852376559,68161.0546875,64376.2265625,3054.0772674533873,68418.7890625,66536.14349457406,64880.90688776605,1655.2366068080155,1681.843825151729,1446.2851645158294,235.55866063589974,57.410125225647015,73.31144532909077,77.43862296310891,0.07259459829204262
2024-10-28,4.28,69907.7578125,70212.265625,67535.1328125,67922.671875,38799856657.0,0.02870921510255542,1.90955913936076e-07,1.873040774896165e-07,5.429969232100209e-07,66642.4140625,68161.0546875,66432.1953125,67367.8515625,65790.6640625,68237.07552083333,1633.9987229926505,69907.7578125,67700.965625,1407.7662971659925,69907.7578125,64582.08125,3284.4934932508963,69907.7578125,67210.46635815925,65337.89333546913,1872.5730226901142,1863.529572507854,1529.7340461142344,333.79552639361964,64.70428769918215,97.30930250137462,86.10100530751282,0.153934182035252
2024-10-29,4.29,72720.4921875,73577.2109375,69729.9140625,69910.046875,58541874402.0,0.039446590577762564,5.597881233443888e-07,1.9948760055892533e-07,5.653757656088579e-07,69907.7578125,66642.4140625,68161.0546875,67361.40625,63329.5,69756.88802083333,3041.846428393308,72720.4921875,68772.7828125,2610.728333010563,72720.4921875,65051.630859375,3736.2047216775545,72720.4921875,68312.4715240274,66009.03868565375,2303.432838373643,2209.016822459147,1665.590601383217,543.42622107593,69.54310469204779,94.16483774646524,88.26186185897689,0.20648851815444336
2024-10-30,4.28,72339.5390625,72905.296875,71411.734375,72715.3671875,40646637831.0,-0.00525236341818669,5.113944797092227e-07,1.349876556614437e-07,5.654735468010891e-07,72720.4921875,69907.7578125,66642.4140625,66432.1953125,60837.0078125,71655.9296875,1525.896457584091,72720.4921875,69954.2515625,2623.3408080518952,72720.4921875,65626.757421875,3933.3957206912655,72720.4921875,69117.88503172192,66584.5387199125,2533.3463118094223,2424.134312335984,1817.2993435737706,606.8349687622133,68.17977678591515,91.57014340206561,94.34809454996851,0.15845039607610256
2024-10-31,4.27,70215.1875,72662.3125,69590.5,72335.046875,40627912076.0,-0.02980622089692453,5.78800725537737e-07,1.691363279135812e-07,5.727245325705039e-07,72339.5390625,72720.4921875,69907.7578125,68161.0546875,60632.78515625,71758.40625,1349.9720010524618,72720.4921875,70365.078125,2425.711657918811,72720.4921875,66105.8775390625,3876.265469927085,72720.4921875,69337.34552537753,66914.59769992044,2422.7478254570888,2395.584251700042,1932.9563251990248,462.6279265010171,60.998451596225,75.15333615476862,86.96277243443318,0.0473452506169838
2024-11-01,4.28,69482.46875,71559.015625,68779.703125,70216.8984375,49989795365.0,-0.010490161236779372,4.641135930226894e-07,1.735109526730793e-07,5.743336690804561e-07,70215.1875,72339.5390625,72720.4921875,66642.4140625,60759.40234375,70679.06510416667,1483.9472754710225,72339.5390625,70933.0890625,1486.934569043276,72720.4921875,66542.030859375,3731.0589909775204,72720.4921875,69366.37017030203,67148.04052265495,2218.329647647086,2287.465366567034,2003.8581334726268,283.6072330944071,58.70179533238293,53.29910024538762,73.34085993407396,0.027653820680003438
2024-11-04,4.25,67811.5078125,69433.1796875,66803.6484375,68742.1328125,41184819348.0,-0.013615611362265412,3.063533917137553e-07,1.6251427973248413e-07,5.618201120657618e-07,69482.46875,70215.1875,72339.5390625,69907.7578125,62067.4765625,69169.72135416667,1231.9810104971334,70215.1875,70513.8390625,2040.7112832348835,72720.4921875,66829.232421875,3586.7846876651524,72720.4921875,69055.39769874162,67208.35573082267,1847.0419679189508,2043.3928277412779,2011.765072326357,31.627755414920784,53.73320059844696,31.27211450394831,53.24151696803486,0.006107906188106194
2024-11-05,4.27,69359.5625,70522.7890625,67458.8671875,67811.171875,46046889204.0,0.022572112490930607,1.1846355425672105e-07,1.8000450276239466e-07,5.667721711445737e-07,67811.5078125,69482.46875,70215.1875,72720.4921875,62236.66015625,68884.51302083333,931.2795602853266,69482.46875,69841.653125,1647.8680819387096,72339.5390625,67185.3775390625,3458.091403293093,72720.4921875,69116.2306589933,67403.91998256606,1712.310676427238,1952.3729182311508,1999.886641507316,-47.51372327616514,57.33606398560374,49.725115464542526,44.76544340462616,0.013750220522620094
2024-11-06,4.31,75639.078125,76460.15625,69322.03125,69358.5,118592653963.0,0.08666903126846393,3.3891782015599884e-06,6.395260149454146e-07,6.775244734580076e-07,69359.5625,67811.5078125,69482.46875,72339.5390625,62131.96875,70936.71614583333,4145.2713380678715,75639.078125,70501.5609375,3002.298608181799,75639.078125,67860.7330078125,3727.674172152757,75639.078125,70420.80015219464,68152.57072278732,2268.2294294073217,2359.741780657918,2071.8576693374366,287.8841113204812,68.16540810584121,92.71585074209982,57.90436023686357,0.12277705716689558
2024-11-07,4.28,75904.859375,76943.1171875,74480.421875,75637.0859375,63467654989.0,0.0035076496874797414,2.774725198117945e-06,5.904579023353389e-07,6.756531815579442e-07,75639.078125,69359.5625,67811.5078125,70215.1875,60582.1015625,73634.5,3704.5887612382467,75904.859375,71639.4953125,3830.6115301839413,75904.859375,68626.8708984375,3727.60462020236,75904.859375,71517.61199675572,68857.32423662483,2660.2877601308865,2673.215698164262,2192.129275102802,481.0864230614602,68.52951387819638,91.16758343548884,77.86951654737707,0.12683008863105494
2024-11-08,4.32,76545.4765625,77252.75,75648.7421875,75902.8359375,55176858003.0,0.008404323339316733,2.748527879210008e-06,5.938993059116446e-07,6.767326913385124e-07,75904.859375,75639.078125,69359.5625,69482.46875,60274.5,76029.8046875,465.93779650565966,76545.4765625,73052.096875,4127.136154249288,76545.4765625,69440.4197265625,3581.463020739124,76545.4765625,72523.18490990458,69556.24717534076,2966.9377345638204,2939.454290106107,2341.594278103463,597.860012002644,69.43688473591317,94.13766967010915,92.67370128256596,0.1522346386782294
2024-11-12,4.38,87955.8125,89956.8828125,85155.109375,88705.5625,133673285375.0,-0.008442066269106263,2.6733727951412396e-06,5.064175569256903e-07,6.709992859750677e-07,76545.4765625,75904.859375,75639.078125,67811.5078125,62445.08984375,80135.3828125,6780.260907080107,87955.8125,77080.9578125,6738.5342394165,87955.8125,70715.955859375,5155.76300378419,87955.8125,75609.71042792367,71228.93493212796,4380.775495795708,4024.7739535636065,2678.2302131954916,1346.5437403681149,80.320609439274,91.92101974112201,92.40875761557335,0.29041155397688034
2024-11-13,4.31,90584.1640625,93434.3515625,86256.9296875,87929.96875,123559027869.0,0.029444850487761798,2.912295796937891e-06,5.532400704762232e-07,6.852102975433041e-07,87955.8125,76545.4765625,75904.859375,69359.5625,67041.109375,85028.484375,7463.11758879801,90584.1640625,81325.878125,7318.6622060305635,90584.1640625,71893.10859375,6722.246570708647,90584.1640625,78604.60115483894,72988.50121670723,5616.099938131709,5038.898327884293,3150.3638361332523,1888.534491751041,81.91794926457383,89.78887051709334,91.94918664277486,0.3592569437467623
2024-11-14,4.36,87250.4296875,91765.21875,86682.8125,90574.8828125,87616705248.0,-0.03749692231881241,2.3565648756155243e-07,6.569069400125509e-07,7.065131971799977e-07,90584.1640625,87955.8125,76545.4765625,75639.078125,67612.71875,88596.80208333333,1756.8713542034557,90584.1640625,83648.1484375,6892.880129144993,90584.1640625,72874.994140625,7458.047471336628,90584.1640625,80333.76686137116,74285.04016859748,6048.726692773678,5510.077949327737,3622.306658772149,1887.7712905555877,73.74209116120471,77.84537789959296,86.51842271926945,0.24807936082737592
2024-11-15,4.34,91066.0078125,91868.7421875,87124.8984375,87284.1796875,78243109518.0,0.04280211829142644,7.214602692975399e-07,8.128857830010878e-07,7.001224997009047e-07,87250.4296875,90584.1640625,87955.8125,75904.859375,67399.8359375,89633.53385416667,2077.8432211650806,91066.0078125,86680.378125,5897.906698823514,91066.0078125,74058.302734375,8365.839707152914,91066.0078125,82480.21505159693,75810.58268167953,6669.632369917395,6120.81946385662,4122.0092197890435,1998.8102440675766,76.6184414297535,91.10671716445714,86.24698852704785,0.25227435999330905
2024-11-18,4.33,90542.640625,92596.7890625,89393.59375,89843.71875,75535775084.0,0.007725465406075216,7.177448010952588e-07,7.980359543288031e-07,6.90676622478586e-07,91066.0078125,87250.4296875,90584.1640625,76545.4765625,68418.7890625,89619.69270833333,2068.461686774566,91066.0078125,89479.8109375,1743.4115471498728,91066.0078125,75164.4953125,9018.152007417297,91066.0078125,84092.70016627754,77149.86067652685,6942.839489750695,6487.817633058949,4595.170902443025,1892.6467306159238,75.39839997055466,89.14143977375738,86.03117827926917,0.25163419339419435
2024-11-19,4.34,92343.7890625,94002.8671875,90426.984375,90536.8125,74521048295.0,0.01969754318365169,8.290888305888487e-07,7.814848951722029e-07,6.927633426884063e-07,90542.640625,91066.0078125,87250.4296875,87955.8125,67367.8515625,91317.47916666667,926.5324090133805,92343.7890625,90357.40625,1883.272888571134,92343.7890625,76413.2921875,9592.664012377792,92343.7890625,85742.91794552204,78531.1268934335,7211.791052088549,6845.097924364934,5045.156306827407,1799.9416175375272,76.76937596344781,93.90027287088898,91.38280993636785,0.3151540621108504
2024-11-20,4.37,94339.4921875,94902.0234375,91619.5,92341.890625,71730956426.0,0.02138144499843264,6.865390916034363e-07,8.224208056824943e-07,6.975839759383744e-07,92343.7890625,90542.640625,91066.0078125,90584.1640625,67361.40625,92408.640625,1899.2563652081947,94339.4921875,91108.471875,2606.336439052454,94339.4921875,77762.196484375,10134.324181255786,94339.4921875,87462.23279391763,79968.2510110759,7493.981782841729,7206.212955452371,5477.3676365524,1728.845318899971,78.21781135023724,97.99799365621678,93.67990210028773,0.35774525408612523
2024-11-21,4.39,98504.7265625,99014.21875,94132.6015625,94334.640625,106024505582.0,0.04320463738221214,8.476900496646716e-07,9.812071640743654e-07,7.21548788230046e-07,94339.4921875,92343.7890625,90542.640625,87250.4296875,66432.1953125,95062.66927083333,3143.489548276025,98504.7265625,93359.33125,3227.2361544299583,98504.7265625,79365.823046875,10765.043990065971,98504.7265625,89670.7315476341,81653.38515211445,8017.346395519649,7739.285161227963,5929.7511414875125,1809.5340197404503,80.89518657853836,98.4182453692778,96.77217063212788,0.4526255165254145
2024-11-22,4.42,98997.6640625,99655.5,97222.6640625,98496.4296875,78473580551.0,0.0049917220950614904,3.127941618529372e-07,9.193014642275288e-07,7.218420371176357e-07,98504.7265625,94339.4921875,92343.7890625,91066.0078125,68161.0546875,97280.62760416667,2558.9949197106635,98997.6640625,94945.6625,3728.586968535599,98997.6640625,80907.653515625,11272.123962378368,98997.6640625,91536.11805060729,83230.13778033132,8305.980270275963,8108.059992975468,6365.4129117851035,1742.6470811903646,81.18985725146317,97.99756815457272,98.13793572668912,0.42731096469214314
2024-11-25,4.37,93102.296875,98935.03125,92642.9140625,98033.4453125,80909462490.0,-0.051409637293289734,1.1576331912810669e-06,1.135428315214112e-06,7.644096046247835e-07,98997.6640625,98504.7265625,94339.4921875,90542.640625,66642.4140625,96868.22916666667,3270.6927956917702,98997.6640625,95457.59375,3094.7726208804193,98997.6640625,82230.64765625,11060.505351370142,98997.6640625,91849.35381548584,84127.60678893757,7721.74702654827,7834.300897558554,6659.190508939794,1175.1103886187602,67.73417702107099,79.64630909336647,92.02070753907235,0.23087561592356454
2024-11-26,4.37,91985.3203125,94991.75,90770.8125,93087.28125,91656519855.0,-0.012069852534281722,1.0556971974624108e-06,1.0642767616312824e-06,7.50896398666951e-07,93102.296875,98997.6640625,98504.7265625,92343.7890625,69907.7578125,94695.09375,3767.756976079869,98997.6640625,95385.9,3187.6979751746394,98997.6640625,83334.52578125,10865.904860129644,98997.6640625,91876.54711488867,84841.9443819887,7034.602732899977,7441.433950037506,6815.639197159337,625.7947528781697,65.51860236650694,74.71380622270574,84.11922782354833,0.2118502170994898
2024-11-27,4.34,95962.53125,97361.1796875,91778.6640625,91978.140625,71133452438.0,0.04232881330495708,1.675429195669687e-06,1.0887308239492719e-06,7.81724914953684e-07,91985.3203125,93102.296875,98997.6640625,94339.4921875,72720.4921875,93683.3828125,2051.291632219265,95962.53125,95710.5078125,3136.732242815178,98997.6640625,84496.627734375,10913.750559340946,98997.6640625,92693.74394191094,85852.90682453518,6840.837117375762,7366.09993260607,6925.731344248684,440.3685883573862,69.36155080141087,85.33085485707902,79.8969900577171,0.25366691226549243
2024-11-29,4.3,97461.5234375,98693.171875,95407.8828125,95653.953125,54968682476.0,0.018736162907208254,9.826049808884414e-07,1.1227425657924527e-06,7.838427150287564e-07,95962.53125,91985.3203125,93102.296875,98504.7265625,72339.5390625,95136.45833333333,2830.0172286229563,97461.5234375,95501.8671875,2932.452019923172,98997.6640625,85752.726953125,10886.561210547556,98997.6640625,93647.29984102875,86908.23560753198,6739.064233496771,7342.711119859421,7009.127299370832,333.5838204885895,70.68753242010872,90.86100430705547,83.63522179561342,0.1080737095970774
2024-12-02,4.3,95865.3046875,98152.6015625,94482.8671875,97276.0078125,72680784305.0,-0.01464711979836153,1.0592289691521596e-06,1.0524745820815144e-06,7.784959124181048e-07,97461.5234375,95962.53125,91985.3203125,98997.6640625,70215.1875,96429.78645833333,894.8319097735937,97461.5234375,94875.3953125,2255.3411810035736,97461.5234375,87035.2328125,10462.413315791851,98997.6640625,94090.90081032302,87722.5146148018,6368.38619552122,7113.375242409951,7029.976887978656,83.39835443129505,67.34516002552178,73.86142614692493,83.35109510368649,0.05830092577060375
2024-12-03,4.27,96002.1640625,96297.203125,93629.5625,95854.59375,67067810961.0,0.0014266034685608275,2.510063892528068e-07,1.0414231567085725e-06,7.781570543669655e-07,95865.3046875,97461.5234375,95962.53125,93102.296875,69482.46875,96442.99739583333,884.7197834887725,97461.5234375,95455.36875,2048.788616280739,97461.5234375,88361.217578125,9778.928402313126,98997.6640625,94473.15346075842,88475.21001913799,5997.943441620431,6863.549587799571,6996.691427942839,-133.14184014326838,67.4871097064509,72.73338981479483,79.15194008959175,0.10030591718969872
2024-12-04,4.23,98768.53125,99207.328125,94660.5234375,95988.53125,77199817112.0,0.028408310872006126,4.010379041758928e-07,1.105828460765044e-06,7.916106673745363e-07,96002.1640625,95865.3046875,97461.5234375,91985.3203125,67811.5078125,96878.66666666667,1638.1006469795404,98768.53125,96812.0109375,1277.062904195828,98768.53125,89909.06875,8751.018330702826,98997.6640625,95332.22901860674,89410.9664946709,5921.262523935846,6810.279011961815,6959.408944746635,-149.12993278482008,70.29769618492746,93.1627987647124,79.91920490881074,0.08458176242181481
2024-12-05,4.23,96593.5703125,103900.46875,91998.78125,98741.5390625,149218945580.0,-0.022266865312221995,1.399452036083966e-07,1.1043896293690594e-06,7.988015280037658e-07,98768.53125,96002.1640625,95865.3046875,95962.53125,69359.5625,97121.421875,1456.7660443752168,98768.53125,96938.21875,1201.0430001240009,98768.53125,91270.769140625,7399.651163916458,98997.6640625,95584.4972773854,90063.9304781099,5520.56679927549,6517.431631183383,6871.0134820339845,-353.58185085060177,65.50333132429586,56.443218910683456,74.11313583006358,0.06682961360229278
2024-12-06,4.19,99920.7109375,102039.8828125,96514.875,97074.2265625,94534772658.0,0.03386480176780893,2.8435418288798763e-07,5.36797458828122e-07,7.447293286537569e-07,96593.5703125,98768.53125,96002.1640625,97461.5234375,75639.078125,98427.60416666667,1689.5678861011045,99920.7109375,97430.05625,1815.3448965069472,99920.7109375,92484.85078125,6654.3762967833745,99920.7109375,96451.74000940833,90960.00142896354,5491.738580444784,6479.133002297909,6792.63738608677,-313.50438378886065,68.98773061089956,72.56640170608763,74.05747312716119,0.0820512343268891
2024-12-09,4.2,97432.71875,101272.5078125,94355.9140625,101237.0625,110676473908.0,-0.038292503466212935,6.140356160332272e-07,6.486131696924373e-07,7.70038110242819e-07,99920.7109375,96593.5703125,98768.53125,95865.3046875,75904.859375,97982.33333333333,1730.3246306086696,99920.7109375,97743.5390625,1600.1648853314143,99920.7109375,93561.24375,5466.3882044152215,99920.7109375,96647.93575752666,91548.43027633049,5099.5054811961745,6176.818369241795,6669.473582717776,-492.6552134759804,63.79827022686317,51.996456002124546,60.33535887296523,0.0327882469024976
2024-12-10,4.22,96675.4296875,98270.15625,94321.2578125,97441.234375,104823780634.0,-0.007802793553988607,6.326196806215295e-07,6.478282516128835e-07,7.670848658023174e-07,97432.71875,99920.7109375,96593.5703125,96002.1640625,76545.4765625,98009.61979166667,1697.8143911534148,99920.7109375,97878.1921875,1437.0041811845358,99920.7109375,94567.74140625,3753.227877156408,99920.7109375,96653.43454352133,92014.52113189135,4638.913411629983,5809.160559220705,6497.410978018362,-688.2504187976565,62.26302445339756,44.97160531144903,56.51148767322042,-0.01857065075795461
2024-12-11,4.21,101173.03125,101913.359375,95747.2265625,96656.0625,85391409936.0,0.04547294957076353,1.0973093133156016e-06,8.184890014601826e-07,8.036416792386789e-07,96675.4296875,97432.71875,99920.7109375,98768.53125,87955.8125,98427.05989583333,2408.0366877341535,101173.03125,98359.0921875,2071.6455306428406,101173.03125,95228.60234375,3690.8505434227236,101173.03125,97557.35388481707,92847.11296081032,4710.24092400675,5813.691339156096,6360.667050245909,-546.9757110898136,67.29649252730891,79.2268933164187,58.73165154333077,0.021973924416303747
2024-12-12,4.22,100043.0,102524.9140625,99339.953125,101167.8046875,72073983533.0,-0.011232138149603443,9.478869427752595e-07,7.52837181566443e-07,7.747228019356331e-07,101173.03125,96675.4296875,97432.71875,96593.5703125,90584.1640625,99297.15364583333,2339.726488666699,101173.03125,99048.978125,1904.3125934719576,101173.03125,95701.544140625,3670.3600563613973,101173.03125,98054.48310785367,93501.28450982756,4553.198598026109,5660.843259741872,6220.702292145102,-559.8590324032293,64.95232269882382,70.62018474398369,64.9395611239505,0.07454921476662002
2024-12-13,4.24,101459.2578125,101888.8046875,99233.28125,100046.6484375,56894751583.0,0.014057223472295988,6.14265633381519e-07,6.516383913372773e-07,7.769645038184018e-07,100043.0,101173.03125,96675.4296875,99920.7109375,87250.4296875,100891.76302083333,748.8527294608443,101459.2578125,99356.6875,2184.132012544975,101459.2578125,96411.985546875,3305.4556761792082,101459.2578125,98735.43804878293,94224.73662825231,4510.701420530619,5589.557287867574,6094.473291289596,-504.9160034220222,66.52608694471121,81.40689374483814,77.08465726841352,0.10299401543435804
2024-12-16,4.24,106029.71875,107780.578125,103322.984375,104293.578125,91020417816.0,0.016460567443029817,2.9667400812942854e-07,5.31714658133569e-07,7.708828888391467e-07,101459.2578125,100043.0,101173.03125,97432.71875,91066.0078125,102510.65885416667,3128.7830638626756,106029.71875,101076.0875,3358.859148036543,106029.71875,97160.17109375,3701.496063795161,106029.71875,100194.29418902635,95297.91682113847,4896.377367887879,5834.602971152752,6042.499227262228,-207.89625610947587,71.04475143902224,89.70674015386382,80.5779395475619,0.10490748179383824
2024-12-17,4.25,106140.6015625,108268.4453125,105291.734375,106030.6875,68589364868.0,0.0010452246330352466,2.837902525384817e-07,5.274509062171562e-07,7.696451211787308e-07,106029.71875,101459.2578125,100043.0,96675.4296875,90542.640625,104543.19270833333,2671.3413448736005,106140.6015625,102969.121875,2893.672272704698,106140.6015625,97940.069140625,3873.0648256112986,106140.6015625,101383.55566372108,96283.61543398951,5099.940229731568,5968.944480465609,6027.788277902904,-58.84379743729551,71.14651465164638,87.09598558197975,86.06987316022725,0.08905132834872731
2024-12-18,4.3,100041.5390625,106470.609375,100041.5390625,106147.296875,93865656139.0,-0.05917915465376922,6.717381211275375e-07,7.778659846731495e-07,8.316241653412495e-07,106140.6015625,106029.71875,101459.2578125,101173.03125,92343.7890625,104070.61979166667,3489.726692899296,106140.6015625,102742.8234375,3105.7246160935506,106140.6015625,98324.956640625,3664.5316286558627,106140.6015625,101115.15234347688,96625.2448547632,4489.907488713681,5519.6407401213655,5926.158770346597,-406.5180302252311,58.887158914542304,49.4340742476532,75.41226666116559,0.0435635644054293
2024-12-19,4.28,97490.953125,102748.1484375,95587.6796875,100070.6875,97221662392.0,-0.025825905125143933,8.607378857451307e-07,7.964806930008318e-07,8.251949958133864e-07,100041.5390625,106140.6015625,106029.71875,100043.0,94339.4921875,101224.36458333333,4444.4810363683355,106140.6015625,102232.4140625,3793.830784946885,106140.6015625,98482.5296875,3550.1082173712266,106140.6015625,100390.3124997815,96703.9456066029,3686.3668931786087,4901.254706488457,5721.177957574969,-819.9232510865122,54.64645843413143,33.757131394365565,56.76239707466619,0.015507869817713349
2024-12-20,4.27,97755.9296875,98098.9140625,92175.1796875,97484.6953125,105634083408.0,0.002714273553184654,7.915873636063264e-07,6.391906554359963e-07,8.171351544809253e-07,97490.953125,100041.5390625,106140.6015625,101459.2578125,98504.7265625,98429.47395833333,1402.3617827517603,100041.5390625,101491.7484375,4309.0260509674545,106140.6015625,98445.08984375,3553.8083261898305,106140.6015625,99863.43593732521,96799.58052304808,3063.855414277132,4382.0472012890095,5453.351806317777,-1071.3046050287676,55.008947850955,35.38578556621626,39.52566373607836,-0.010252269115321067
2024-12-23,4.26,94686.2421875,96416.2109375,92403.1328125,95099.390625,65239002919.0,-0.004412175449120426,7.046181428153153e-07,6.387550056797989e-07,8.159220961018982e-07,97755.9296875,97490.953125,100041.5390625,106029.71875,98997.6640625,96644.375,1700.960384080313,97755.9296875,99223.053125,4308.644528402324,106140.6015625,98229.51875,3648.039836124571,106140.6015625,98827.99718736018,96607.45885618006,2220.5383311801124,3680.447478397269,5098.770940733676,-1418.323462336407,50.02114643619652,16.518232504224454,28.553716488268776,-0.01974591185344332
2024-12-24,4.24,98676.09375,99404.0625,93448.015625,94684.34375,47114953674.0,0.0412739940682787,1.3921766965644602e-06,5.658817005207009e-07,8.362573831047936e-07,94686.2421875,97755.9296875,97490.953125,106140.6015625,93102.296875,97039.421875,2089.202349397078,98676.09375,97730.1515625,1972.3452717952405,100041.5390625,98508.20859375,3442.867247299639,106140.6015625,98797.61649988814,96795.51657380005,2002.0999260880926,3407.097421534534,4760.436236893848,-1353.3388153593141,55.64996257096946,41.041489697323,30.98183592258792,-0.01245604815880963
2024-12-26,4.23,95795.515625,99884.5703125,95137.8828125,99297.6953125,47054980873.0,-0.03592159329680378,5.439697948492643e-07,6.552660704351516e-07,8.576320239244869e-07,98676.09375,94686.2421875,97755.9296875,100041.5390625,91985.3203125,96385.95052083333,2059.414697762305,98676.09375,96880.946875,1608.9705182074156,98676.09375,98698.718359375,3156.431320712407,106140.6015625,98197.19632491052,96704.6073966364,1492.5889282741118,2924.317242550518,4393.212438025183,-1468.8951954746644,51.16924675826249,22.495968325260275,26.685230175602594,-0.01680342236164889
2024-12-27,4.2,94164.859375,97294.84375,93310.7421875,95704.9765625,52419934565.0,-0.01716880486495498,4.397031709216824e-07,5.396915749862572e-07,7.926738919129055e-07,95795.515625,98676.09375,94686.2421875,97490.953125,95962.53125,96212.15625,2284.2944106103973,98676.09375,96215.728125,1945.995135509202,98676.09375,98608.834765625,3262.2698841958304,106140.6015625,97390.72893492841,96473.72121285128,917.0077220771345,2382.6642704969418,3991.1028045195344,-1608.4385340225926,48.77511383296003,12.363430355670898,25.300296126084742,-0.02596906287994094
2024-12-30,4.17,92643.2109375,94903.3203125,91317.1328125,93527.1953125,56188003691.0,-0.009528989191728954,4.621117899399167e-07,5.207425366339864e-07,7.005918934767243e-07,94164.859375,95795.515625,98676.09375,97755.9296875,97461.5234375,94201.1953125,1576.466439850313,95795.515625,95193.184375,2253.345727370583,98676.09375,98367.919140625,3519.249536903808,106140.6015625,96441.22533544274,96125.49300600115,315.7323294415837,1809.754354124525,3554.833114440533,-1745.078760316008,46.58473394439184,7.822864011267564,14.227420897399591,-0.08430922951614139
2024-12-31,4.16,93429.203125,96090.6015625,91914.03125,92643.25,43625106843.0,0.008448290052871954,4.763336769224155e-07,5.104626686498971e-07,6.788684820612124e-07,92643.2109375,94164.859375,95795.515625,94686.2421875,95865.3046875,93412.42447916667,760.9629649685636,94164.859375,94941.7765625,2390.024994439972,98676.09375,98246.1140625,3650.150220396957,106140.6015625,95838.82089335419,95880.37574409196,-41.55485073776799,1402.969558771496,3124.4604033067258,-1721.4908445352298,47.886579074317375,12.459627020031634,10.881973795656712,-0.06610954164709171
2025-01-02,4.17,96886.875,97739.8203125,94201.5703125,94416.2890625,46009564411.0,0.025793710693546856,2.3282930956401431e-07,5.589516904410102e-07,6.844256813833249e-07,93429.203125,92643.2109375,94164.859375,98676.09375,96002.1640625,94319.76302083333,2257.6522905196716,96886.875,94583.9328125,1735.4322389413453,96886.875,98290.349609375,3626.811123259621,106140.6015625,96048.43171468335,95971.87567644723,76.55603823611455,1344.1009420843911,2768.388511062259,-1424.287568977868,53.28092055232051,32.8572916551447,17.713260895481312,-0.04506619613707319
2025-01-03,4.18,98107.4296875,98956.9140625,96034.6171875,96881.7265625,35611391163.0,0.01251903875349214,6.543209937460525e-08,5.113900756467648e-07,4.865056251862904e-07,96886.875,93429.203125,92643.2109375,95795.515625,98768.53125,96141.16927083333,2426.624964514368,98107.4296875,95046.315625,2341.2073922412437,98107.4296875,98257.29453125,3625.2358820153845,106140.6015625,96460.23130924668,96166.0169501793,294.2143590673804,1380.0276027473883,2490.7163293992853,-1110.688726651897,55.049723168634,40.057646716146614,28.45818846377433,-0.07471762781130642
2025-01-06,4.17,102078.0859375,102482.875,97926.1484375,98314.953125,51823432705.0,0.03756185651681854,2.2946210474197482e-07,5.789222695826338e-07,5.037801593429792e-07,98107.4296875,96886.875,93429.203125,94164.859375,96593.5703125,99024.13020833333,2714.2996579370583,102078.0859375,96628.9609375,3810.183916005281,102078.0859375,98531.5203125,3699.436955145028,106140.6015625,97583.80223489735,96703.47776720845,880.3244676889008,1709.1959681927838,2334.412257157985,-625.2162889652013,60.31371571070328,63.481533509573374,45.46549062695491,-0.038274850200541
2025-01-07,4.19,96922.703125,102712.484375,96132.875,102248.8515625,58685738547.0,-0.051824282978696345,9.960298758000213e-07,7.019356369201054e-07,5.409238331632187e-07,102078.0859375,98107.4296875,96886.875,92643.2109375,99920.7109375,99036.07291666667,2700.236410235812,102078.0859375,97484.859375,3106.7377033145203,102078.0859375,98381.619921875,3700.9236508911063,106140.6015625,97451.58241291788,96723.4073451895,728.1750677283853,1536.3577854996547,2174.8013628263193,-638.4435773266646,51.82729179076359,33.06865065758183,45.53594362776729,-0.031175409402203758
2025-01-08,4.19,95043.5234375,97258.3203125,92525.84375,96924.1640625,63875859171.0,-0.01957885769656542,1.1244578659055129e-06,6.141336293317149e-07,5.401223934535203e-07,96922.703125,102078.0859375,98107.4296875,93429.203125,97432.71875,98014.77083333333,3642.2144776619243,102078.0859375,97807.7234375,2626.68251584003,102078.0859375,98262.16015625,3771.0597667089264,106140.6015625,96969.9706178343,96570.69062630863,399.27999152567645,1233.5288321304106,1986.5468566871377,-753.0180245567271,49.11453566094123,24.590994743883545,40.380392970346264,-0.025104172326246288
2025-01-09,4.16,92484.0390625,95349.71875,91220.84375,95043.484375,62777261693.0,-0.02729884917903469,1.158608774749157e-06,6.689341779014312e-07,5.36609709176124e-07,95043.5234375,96922.703125,102078.0859375,96886.875,96675.4296875,94816.75520833333,2228.0041600616487,96922.703125,96927.15625,3578.2155041774486,102078.0859375,98052.590625,3974.8387954252553,106140.6015625,96072.78430676744,96199.17684778057,-126.39254101313418,778.0369802641217,1744.8448814025346,-966.807901138413,45.612616772496544,10.958288574342848,22.872644658602752,-0.0539291134752935
2025-01-10,4.25,94701.453125,95770.609375,92250.09375,92494.4921875,62058693684.0,0.0236932656291593,1.3393798806604849e-06,5.513998806526525e-07,5.38831830659002e-07,92484.0390625,95043.5234375,96922.703125,98107.4296875,101173.03125,94076.33854166667,1389.5381420419894,95043.5234375,96245.9609375,3621.2939166080655,102078.0859375,97729.01171875,3970.8572070781934,106140.6015625,95798.51807041396,96063.02014570961,-264.50207529564796,589.1913579442189,1513.7141767108715,-924.5228187666526,49.00498335394992,30.288185025800004,21.945822781342144,0.0001606456983462845
2025-01-13,4.24,94516.5234375,95837.0,89260.1015625,94488.890625,72978998252.0,0.0002971978890649041,7.658960304579004e-07,5.42077930927073e-07,5.311541056678879e-07,94701.453125,92484.0390625,95043.5234375,102078.0859375,100043.0,93900.671875,1230.3195281790313,94701.453125,94733.6484375,1580.8941365846042,96922.703125,97452.687890625,3993.5795462526557,106140.6015625,95542.11914383118,95922.42953587238,-380.3103920411959,419.7687288281304,1294.9250871343233,-875.1563583061929,48.73198299495217,39.074281101454496,26.773584900532466,-0.04215377964837608
2025-01-14,4.22,96534.046875,97352.6640625,94322.15625,94519.0078125,53769675818.0,0.021121093071560182,1.8252010188917833e-07,5.605279868065432e-07,5.333898430009118e-07,94516.5234375,94701.453125,92484.0390625,96922.703125,101459.2578125,95250.67447916667,1115.2727366524148,96534.046875,94655.9171875,1450.5316660714636,96534.046875,97206.42734375,3883.8619405409954,106140.6015625,95740.50469006495,95978.0311121567,-237.52642209175974,443.18855312374944,1124.5777803322087,-681.3892272084593,51.881416494345345,54.071798386089824,41.144754837781456,0.007709455345394689
2025-01-15,4.19,100504.4921875,100697.234375,96501.640625,96534.046875,57805923627.0,0.04030666140622685,4.5627697405633117e-07,6.664567178312699e-07,5.564020945313759e-07,96534.046875,94516.5234375,94701.453125,95043.5234375,106029.71875,97185.02083333333,3046.5993761184764,100504.4921875,95748.1109375,3021.0645245093197,100504.4921875,96930.166015625,3388.0878160502903,106140.6015625,96693.30218955196,96389.52757355155,303.77461600041715,773.217516710065,1054.30572760778,-281.08821089771504,57.42449516647708,83.58660901733836,58.910896168294244,0.067324826422277
2025-01-16,4.18,99756.90625,100781.5859375,97364.4453125,100505.296875,54103781805.0,-0.007466135920999761,2.889986804314888e-07,6.709256921335083e-07,5.380663944579288e-07,100504.4921875,96534.046875,94516.5234375,92484.0390625,106140.6015625,98931.81510416667,2109.902970301705,100504.4921875,97202.684375,2799.3159285773745,100504.4921875,96610.98125,2706.954017783135,102078.0859375,97306.02300164157,96695.65290777413,610.3700938674447,963.3391368508019,1036.1124094563845,-72.77327260558263,56.11376231421645,78.02933379019167,71.89591373120663,0.0767859321855664
2025-01-17,4.21,104462.0390625,105884.2265625,99948.90625,100025.765625,71888972663.0,0.04608745388695823,7.227082460357085e-07,5.627919251001108e-07,5.671099791891676e-07,99756.90625,100504.4921875,96534.046875,94701.453125,100041.5390625,101574.47916666667,2528.482311092151,104462.0390625,99154.8015625,3831.871077431859,104462.0390625,96832.00625,3146.574928990385,104462.0390625,98737.22621381326,97401.6880127492,1335.5382010640606,1476.654828421466,1124.220893249401,352.43393517206505,61.99364505817656,91.44503846067086,84.35366042273364,0.1180876596232876
2025-01-21,4.21,106146.265625,107180.921875,100103.953125,102052.578125,88733878242.0,0.03968183425876326,1.357305194084e-06,6.329445469637219e-07,5.376004287722406e-07,104462.0390625,99756.90625,100504.4921875,94516.5234375,97490.953125,103455.0703125,3311.5657706487914,106146.265625,101480.75,3842.1904208103488,106146.265625,97264.771875,3774.521488587295,106146.265625,100219.03409605061,98196.64961386292,2022.3844821876992,1996.3515224905423,1298.6470190976293,697.704503392913,63.8601942399602,94.22651289417642,87.90029504834634,0.09556909153071569
2025-01-22,4.2,103653.0703125,106294.34375,103360.265625,106136.3828125,53878181052.0,-0.02376854699304154,1.4132527351471578e-06,6.780813460029662e-07,5.382335748842265e-07,106146.265625,104462.0390625,99756.90625,96534.046875,97755.9296875,104753.79166666667,1271.9455189184503,106146.265625,102904.5546875,2700.125631871029,106146.265625,97559.62890625,4036.175524589249,106146.265625,100905.84133934049,98692.68785919355,2213.153480146939,2181.883476989213,1475.294310675946,706.5891663132668,59.223407895933065,80.31422947732321,88.66192694405684,0.056526204413513303
2025-01-23,4.18,103960.171875,106820.328125,101257.8046875,103657.671875,104104515428.0,0.002958402684214434,7.493120193222095e-07,6.771992869165013e-07,4.945873178626075e-07,103653.0703125,106146.265625,104462.0390625,100504.4921875,94686.2421875,104586.50260416667,1359.493785676139,106146.265625,103595.690625,2352.041503336348,106146.265625,98023.325390625,4217.344231095067,106146.265625,101516.7074464724,99171.55004244868,2345.1574040237174,2326.8766317731934,1645.6107748953955,681.2658568777979,59.612404007917895,82.02788743016698,85.52287660055556,0.01843770795871258
2025-01-24,4.17,104819.484375,107098.546875,102772.125,103965.671875,52388229265.0,0.00823181116278171,7.534795750874789e-07,5.492769343605856e-07,4.946311699882742e-07,103960.171875,103653.0703125,106146.265625,99756.90625,98676.09375,104144.2421875,604.6005716649133,104819.484375,104608.20625,970.0339097315151,106146.265625,98330.494921875,4482.765023713778,106146.265625,102177.26283217792,99684.99861813516,2492.2642140427633,2482.5072900025407,1812.9900779168247,669.517212085716,60.74097183401269,86.82293857746642,83.05501849498556,0.08147504140299944
2025-01-27,4.13,102087.6875,103214.109375,97795.9375,102680.3046875,89006608428.0,-0.005809577851447756,2.0247441427156902e-07,4.6009321537722766e-07,4.945842929838461e-07,104819.484375,103960.171875,103653.0703125,104462.0390625,95795.515625,103622.44791666667,1396.861355177891,104819.484375,104133.3359375,1497.331292503992,106146.265625,98645.103515625,4516.165511320107,106146.265625,102159.34776574234,99903.42488012287,2255.9228856194677,2358.228342290473,1922.0377307915544,436.19061149891854,55.43744438235604,71.57923417463539,80.14335339408962,0.07411514017714427
2025-01-28,4.14,101332.4765625,103730.8203125,100238.1875,102095.4140625,47180685494.0,-0.007425167615396688,2.1336035704435137e-08,4.4398231148358726e-07,4.950706344092951e-07,102087.6875,104819.484375,103960.171875,106146.265625,94164.859375,102746.54947916667,1834.4972613233303,104819.484375,103170.578125,1425.3436675153398,104819.484375,99003.484375,4425.4046327827555,106146.265625,101993.97352509388,100033.33866942988,1960.6348556640005,2173.7396521480696,1972.3781150628574,201.36153708521215,54.03286707342833,67.36508033384702,75.25575102864963,0.09567529262017094
2025-01-29,4.17,103703.2109375,104750.8046875,101283.8203125,101317.5234375,47432049818.0,0.023126120746530532,1.961213322288076e-08,4.740608480898355e-07,4.908869016181316e-07,101332.4765625,102087.6875,104819.484375,103653.0703125,92643.2109375,102374.45833333333,1211.1042491626893,103703.2109375,103180.60625,1429.7564886723164,104819.484375,99556.484375,4277.3460086449595,106146.265625,102335.82100757511,100366.96342107262,1968.8575865024904,2193.543680929404,2016.6112282361669,176.93245269323734,57.65945490975839,80.59401926442925,73.17944459097056,0.09505406216542678
2025-01-30,4.16,104735.3046875,106418.765625,103321.6484375,103709.3359375,41915744521.0,0.009903181107727477,2.4934777342511166e-08,4.75900938769629e-07,4.91031551307373e-07,103703.2109375,101332.4765625,102087.6875,103960.171875,93429.203125,103256.99739583333,1744.7463155565147,104735.3046875,103335.6328125,1570.510502995987,104819.484375,100121.789453125,4170.72060138314,106146.265625,102815.71774356009,100764.0853543842,2051.632389175895,2266.394274066566,2066.567837402247,199.82643666431932,59.16972299425552,86.35320735963101,78.10410231930244,0.10811634705075956
2025-01-31,4.17,102405.0234375,106026.3515625,101543.8828125,104737.5625,45732764360.0,-0.022500491172309012,6.032396447479851e-08,4.6499247500558874e-07,4.840342302946942e-07,104735.3046875,103703.2109375,101332.4765625,104819.484375,96886.875,103614.51302083333,1167.6699732122065,104735.3046875,102852.740625,1356.8628325704444,104735.3046875,100397.696875,4127.757669350068,106146.265625,102733.57888234808,100913.26154375836,1820.3173385897244,2111.7517128598993,2075.6046124937775,36.14710036612178,54.44747070386048,73.35000098087725,80.09907586831253,0.06081767783031222
2025-02-03,4.2,101405.421875,102514.171875,91242.890625,97681.1015625,115400897748.0,0.03733783666464596,2.679945952975215e-07,5.531982056256196e-07,4.809747323290918e-07,102405.0234375,104735.3046875,103703.2109375,102087.6875,98107.4296875,102848.58333333333,1708.680462268978,104735.3046875,102716.2875,1481.6068126414589,104735.3046875,100562.596484375,4097.211069564873,106146.265625,102467.94748087847,100958.00339205305,1509.9440888254176,1886.7871688904415,2037.8411237731104,-151.0539548826689,52.51146319023725,63.762776534899814,74.48866162513603,0.00896407382288178
2025-02-04,4.18,97871.8203125,101745.6171875,96208.109375,101398.71875,73002130211.0,-0.03546789334061806,5.749424755078732e-07,5.418827726509439e-07,4.773920074447553e-07,101405.421875,102405.0234375,104735.3046875,101332.4765625,102078.0859375,100560.75520833333,2381.7176525484715,102405.0234375,102024.15625,2642.8836652863215,104735.3046875,100352.283203125,4123.198598826473,106146.265625,101548.72204720278,100677.44129391186,871.280753290921,1407.1483027446811,1911.7025595674247,-504.5542568227436,46.250754637104166,41.59189791712825,59.568225144301785,-0.01889679630576957
2025-02-05,4.17,96615.4453125,99113.2109375,96174.828125,97878.0078125,49125911241.0,-0.012920048753754187,4.687752720559259e-07,3.7232627159843087e-07,4.780347933374491e-07,97871.8203125,101405.421875,102405.0234375,103703.2109375,96922.703125,98630.89583333333,2483.5691256881373,101405.421875,100606.603125,3328.925552027977,104735.3046875,100336.9203125,4137.198292782836,106146.265625,100562.06670026224,100308.16893196532,253.89776829691255,915.1033414880949,1712.3827159515588,-797.2793744634639,44.231516286709045,33.70902342470937,46.354565958912495,-0.07511430774681083
2025-02-06,4.19,96593.296875,99168.609375,95707.3515625,96610.640625,45302471947.0,-0.00022926951799639994,4.4231486791011485e-07,3.4930639588148585e-07,4.776450997777185e-07,96615.4453125,97871.8203125,101405.421875,104735.3046875,95043.5234375,97026.85416666667,731.8459394055936,97871.8203125,98978.2015625,2744.4932840196566,102405.0234375,100414.408984375,4046.352227575245,106146.265625,99768.3127352098,99970.45329042301,-202.14055521322007,517.402674931087,1473.3867077474645,-955.9840328163775,44.19488524541515,33.570057468672616,36.29032627017009,-0.08999816144026496
2025-02-07,4.25,96529.0859375,100154.140625,95653.8828125,96581.3203125,55741290456.0,-0.0006649766736614993,3.1798499713807845e-07,3.0667476546365017e-07,4.751067603459857e-07,96593.296875,96615.4453125,97871.8203125,102405.0234375,92484.0390625,96579.27604166667,44.85446731738334,96615.4453125,97803.0140625,2090.377024903367,101405.421875,100616.661328125,3716.770021857627,106146.265625,99120.46737566784,99657.60171288456,-537.1343372167175,194.7952668031503,1217.6684195586017,-1022.8731527554514,44.080907892066854,33.167178741100784,33.4820865448276,-0.06872912064758097
2025-02-10,4.24,97437.5546875,98333.21875,95320.84375,96499.4609375,40078962391.0,0.009667728227993777,9.227728768994228e-08,2.8131030946024804e-07,4.5326257125941854e-07,96529.0859375,96593.296875,96615.4453125,101405.421875,94701.453125,96853.3125,506.9861550032249,97437.5546875,97009.440625,609.534438867475,97871.8203125,100753.46640625,3533.418851855766,106146.265625,98783.88483803427,99455.77925603141,-671.894417997144,12.290727480096393,976.5928811429008,-964.3021536628044,46.19514498670334,39.06911177202142,35.26878266059828,-0.06274150061374162
2025-02-11,4.25,95747.4296875,98492.8984375,94875.0390625,97438.1328125,37488783272.0,-0.017497924369383355,1.2862496983401234e-08,2.977790982267465e-07,4.535509471053207e-07,97437.5546875,96529.0859375,96593.296875,97871.8203125,94516.5234375,96571.35677083333,845.8550386558418,97437.5546875,96584.5625,598.4343539815807,97437.5546875,100815.01171875,3428.2197036590255,106146.265625,98176.59380792742,99118.6565679831,-942.0627600556763,-265.6620110491349,728.1419027044936,-993.8039137536285,42.94223714817185,28.40966650308151,33.54865233873459,-0.08654931610848238
2025-02-12,4.3,97885.859375,98151.0234375,94101.203125,95745.6953125,49340445530.0,0.02208831591934768,3.154394700205713e-08,3.0006407990018096e-07,4.430017215005148e-07,95747.4296875,97437.5546875,96529.0859375,96615.4453125,96534.046875,97023.61458333333,1127.7101531305277,97885.859375,96838.6453125,836.977319710444,97885.859375,100882.60234375,3351.8496072457683,106146.265625,98118.44692134194,99006.58409589372,-888.1371745517827,-309.8167797139322,520.5501662208085,-830.3669459347407,47.93753075085856,41.8965235198007,36.45843393163456,-0.04115900974835973
2025-02-13,4.27,96623.8671875,98111.0859375,95269.7109375,97888.75,37147280860.0,-0.012976316589519143,4.4636112582998444e-08,2.2559549680082227e-07,4.3881362025541204e-07,97885.859375,95747.4296875,97437.5546875,96593.296875,100504.4921875,96752.38541666667,1074.9921318394129,97885.859375,96844.759375,834.8459458535253,97885.859375,100688.57109375,3484.5819452007895,106146.265625,97819.53097457356,98789.97346785793,-970.4424932843685,-441.5520375884662,328.12972545895354,-769.6817630474197,45.41083945276209,35.45743861556583,35.25454287948269,-0.04646693276163849
2025-02-14,4.23,97508.96875,98819.46875,96342.8046875,96623.3671875,32697987277.0,0.009118577917229587,5.189915316273025e-08,2.2689903999930132e-07,4.3423872479990507e-07,96623.8671875,97885.859375,95747.4296875,96529.0859375,99756.90625,97339.56510416667,647.8265715021116,97885.859375,97040.7359375,856.9365966453582,97885.859375,100576.17421875,3551.820332824699,106146.265625,97757.41852965885,98673.5184935072,-916.0999638483481,-469.12509746066644,168.67876087502955,-637.803858335696,47.50085667996553,41.28973205828329,39.54789806454996,-0.059730476342079286
2025-02-18,4.24,95539.546875,96695.375,93388.8359375,95773.8125,37325720482.0,-0.002444539993485151,4.423282731240319e-08,1.372223302801343e-07,4.341061988888025e-07,97508.96875,96623.8671875,97885.859375,97437.5546875,104462.0390625,96557.4609375,986.3888548445944,97508.96875,96661.134375,1038.3855344278884,97885.859375,100130.049609375,3598.1007558139454,106146.265625,97313.84419872709,98388.61198273381,-1074.767784006719,-642.4866461074271,6.445679478538235,-648.9323255859653,43.509185683503226,28.312411969655788,35.01986088116832,-0.08779998148606616
2025-02-19,4.22,96635.609375,96855.59375,95011.96875,95532.53125,28990872862.0,0.01140703518992403,3.0661633774285694e-08,8.892857753309975e-08,4.3548946104164527e-07,95539.546875,97508.96875,96623.8671875,95747.4296875,106146.265625,96561.375,986.807320228252,97508.96875,96838.7703125,911.1806503987533,97885.859375,99654.516796875,3383.1928256919814,104819.484375,97178.19723398169,98229.24810930346,-1051.0508753217728,-683.5542509320221,-131.55430660357385,-551.9999443284482,46.21795400169888,35.534812654953996,35.04565222763104,-0.056339170373035485
2025-02-20,4.2,98333.9375,98767.1953125,96442.671875,96632.6796875,31668022771.0,0.01742191135803317,1.9107669937878768e-08,8.130362652846595e-08,4.364328703197302e-07,96635.609375,95539.546875,97508.96875,97885.859375,103653.0703125,96836.36458333333,1407.970785040266,98333.9375,96928.3859375,1051.1868676873298,98333.9375,99388.56015625,3259.114514780667,104819.484375,97409.34528718535,98238.7653266395,-829.4200394541549,-572.4607660973561,-219.7355985023303,-352.7251675950258,50.20244637508398,47.96608118341707,37.27110193600897,-0.030289153362885735
2025-02-21,4.15,96125.546875,99497.96875,94852.9609375,98340.671875,49608706470.0,-0.022714094704245014,4.3155723495779356e-08,9.640826622671791e-08,4.388832866766614e-07,98333.9375,96635.609375,95539.546875,96623.8671875,103960.171875,97031.69791666667,1156.2490595788222,98333.9375,96828.721875,1109.2936477323642,98333.9375,98996.82890625,3149.7140681479696,104819.484375,97152.58560474828,98046.65455830864,-894.0689535603597,-655.0658547186613,-306.80164974559654,-348.26420497306475,45.48366251842205,43.3194429426557,42.2734455936756,-0.01784245385366523
2025-02-24,4.15,91418.171875,96503.453125,91371.7421875,96277.9609375,44046480529.0,-0.051753205536490654,5.282218448294154e-07,1.9450603541934595e-07,4.612814996963977e-07,96125.546875,98333.9375,96635.609375,97508.96875,104819.484375,95292.55208333333,3532.3312114226997,98333.9375,95610.5625,2564.8530057611624,98333.9375,98326.76328125,3269.0433363528855,104735.3046875,96005.70285879863,97444.0652234624,-1438.3623646637716,-1087.8368973169127,-463.0086992598598,-624.8281980570529,37.41137748681213,0.4475635912327843,30.577695905768532,-0.053793401465879076
2025-02-25,4.12,88736.171875,92511.078125,86008.234375,91437.1171875,92139104128.0,-0.02977666935499812,8.152709792583548e-07,2.3393988635065065e-07,4.7221206948912e-07,91418.171875,96125.546875,98333.9375,95539.546875,102087.6875,92093.296875,3740.663182762542,96125.546875,94249.8875,4009.641652710907,98333.9375,97659.1875,3783.3985448363983,104735.3046875,94551.7966620389,96652.43855542036,-2100.6418933814566,-1628.4542452520982,-696.0978084583076,-932.3564367937906,33.73754616797598,19.284289403515594,21.017098645801376,-0.08134234211063107
2025-02-26,4.12,84347.0234375,89286.25,82131.8984375,88638.890625,64597492134.0,-0.05072808622096936,1.9364593536181535e-06,3.7159217385640516e-07,4.901690272884582e-07,88736.171875,91418.171875,96125.546875,96635.609375,101332.4765625,88167.12239583333,3569.7546188211227,91418.171875,91792.1703125,5623.212685810777,98333.9375,96809.91484375,4708.689420017363,104735.3046875,92510.84201713113,95533.76445379124,-3022.922436660112,-2383.5884616371914,-1033.5959390940843,-1349.992522543107,28.760046153003074,12.291062216089754,10.674305070279395,-0.1262009515752336
2025-02-27,4.13,84704.2265625,87000.78125,83144.9609375,84076.859375,52659591954.0,0.004225980660949702,1.7807152018520973e-06,3.4074734356037897e-07,4.6809775977792886e-07,84347.0234375,88736.171875,91418.171875,98333.9375,103703.2109375,85929.140625,2437.512430119081,88736.171875,89066.228125,4918.6509395159355,96125.546875,95859.965625,5141.39778450677,104735.3046875,90949.51892620491,94549.2610091284,-3599.7420829234907,-2919.5595959943166,-1410.7886704741309,-1508.7709255201858,29.66945965254662,14.27307489400034,15.28280883786858,-0.13068193435106312
2025-02-28,4.08,84373.0078125,85036.3203125,78248.9140625,84705.625,83610570576.0,-0.003917962993897461,1.5235421097680896e-06,3.359356400200657e-07,4.6815309533936277e-07,84704.2265625,84347.0234375,88736.171875,96125.546875,104735.3046875,84474.75260416667,199.1545131325819,84704.2265625,86715.7203125,3214.8253865352967,91418.171875,94841.85078125,5304.87785465128,102405.0234375,89634.21670346393,93624.14708216218,-3989.930378698249,-3332.630674524902,-1795.1570712842852,-1537.473603240617,29.296011247903493,28.820546796383223,18.46156130215779,-0.11879610671663754
2025-03-03,4.06,86065.671875,94429.75,85081.3046875,94248.421875,70072228536.0,-0.09082270482945631,5.514946703396212e-06,9.34555547215354e-07,5.877694877271177e-07,84373.0078125,84704.2265625,84347.0234375,91418.171875,102405.0234375,85047.63541666667,897.0647345425849,86065.671875,85645.2203125,1865.480506939482,88736.171875,94024.883203125,5336.881935593055,101405.421875,88920.50773777114,92937.01297242015,-4016.505234649012,-3483.255831641174,-2132.776823355663,-1350.479008285511,33.87655451703297,36.78637909995261,26.626666930112076,-0.12075480131115723
2025-03-04,4.04,87222.1953125,88911.2734375,81529.2421875,86064.0703125,68095241474.0,0.013348200634373697,4.8695127539735175e-06,8.207040057781923e-07,5.835523522343715e-07,86065.671875,84373.0078125,84704.2265625,88736.171875,101405.421875,85886.95833333333,1432.9763605937499,87222.1953125,85342.425,1264.368782202078,87222.1953125,93315.721875,5246.100721181201,98333.9375,88580.84525271691,92417.48409424559,-3836.6388415286783,-3469.313491556866,-2400.084156995904,-1069.2293345609623,36.88521069004092,42.22908445559527,35.945336783977055,-0.09730175523564921
2025-03-05,4.06,90623.5625,90998.2421875,86379.7734375,87222.953125,50498988027.0,0.03825541905303531,3.939133012995604e-06,8.394269001099526e-07,6.047760841427314e-07,87222.1953125,86065.671875,84373.0078125,84347.0234375,97871.8203125,87970.4765625,2369.2900538330177,90623.5625,86597.7328125,2520.67025671198,90623.5625,92953.308984375,5164.518165843212,98333.9375,88989.38870217354,92254.40031295053,-3265.0116107769863,-3147.5195350343274,-2549.5712326035887,-597.9483024307387,44.835141611374226,58.2362303617183,45.75056463908874,-0.07061305578621457
2025-03-06,4.02,89961.7265625,92804.9375,87852.140625,90622.359375,47749810486.0,-0.007329931515325683,3.967660502513717e-06,8.290875456656422e-07,6.055679136864042e-07,90623.5625,87222.1953125,86065.671875,84704.2265625,96615.4453125,89269.16145833333,1803.3467508171095,90623.5625,87649.2328125,2627.638719151652,90623.5625,92620.623046875,5130.391562270233,98333.9375,89183.85627423885,92045.97542654593,-2862.1191523070884,-2912.328623541922,-2622.1227107912555,-290.20591275066636,43.68217175934931,55.12156974630121,51.86229485453828,-0.05838231910182479
2025-03-07,4.05,86742.671875,91191.046875,84717.6796875,89963.28125,65945677657.0,-0.036438378269309624,5.0822278917873145e-06,9.54387512495266e-07,6.163486229286263e-07,89961.7265625,90623.5625,87222.1953125,84373.0078125,96593.296875,89109.3203125,2076.120257134133,90623.5625,88123.165625,2036.1165169566536,90623.5625,92128.091796875,5201.284588555747,98333.9375,88695.61939439108,91563.85692185994,-2868.2375274688675,-2951.6639970331307,-2688.030968039631,-263.6330289934999,38.49672812034347,39.97240318411223,51.110067764043926,-0.1023736235946926
2025-03-10,3.98,78532.0,83955.9296875,77420.59375,80597.1484375,54061099422.0,-0.0260053559872766,5.474263784002411e-07,1.021553716565022e-06,6.266027020230566e-07,86742.671875,89961.7265625,90623.5625,86065.671875,96529.0859375,85078.79947916667,5893.726820577269,89961.7265625,86616.43125,4821.540651424451,90623.5625,91228.2375,5908.5311811906795,98333.9375,86662.89551551286,90379.1426562363,-3716.2471407234407,-3603.8274848449655,-2871.190271400698,-732.6372134442677,29.030594165909065,5.0341412871774835,33.37603807253033,-0.2013743983352645
2025-03-11,4.03,82862.2109375,83577.7578125,76624.25,78523.875,54702837196.0,0.05367293406512452,1.63943582959875e-06,1.322696311270915e-06,6.526601967828351e-07,78532.0,86742.671875,89961.7265625,87222.1953125,97437.5546875,82712.29427083333,4107.388393485276,86742.671875,85744.434375,5072.335367428803,90623.5625,90499.4703125,6000.5123548826405,98333.9375,85902.7585999103,89695.78522726028,-3793.026627349973,-3728.2825929898972,-3042.608735718538,-685.6738572713593,37.727419151543174,27.271302081127494,24.09261551747242,-0.13797930278355053
2025-03-12,4.07,83722.359375,84358.578125,80635.25,82857.375,40353484454.0,0.010326959815815329,1.0181584107964659e-06,1.2998480453950085e-06,6.507721828147706e-07,82862.2109375,78532.0,86742.671875,90623.5625,95747.4296875,81705.5234375,2781.798355363844,83722.359375,84364.19375,4291.617394690298,89961.7265625,89898.216796875,6049.249023236322,98333.9375,85466.67875492825,89152.74651341843,-3686.067758490186,-3714.686775661976,-3177.0243437072254,-537.6624319547504,39.31815251984498,31.031724454511796,21.112389274272278,-0.0841825245698723
2025-03-13,4.03,81066.703125,84301.6953125,79931.8515625,83724.921875,31412940153.0,-0.03223376776091058,1.4546674093363196e-06,1.363441297311835e-06,6.66466276922926e-07,83722.359375,82862.2109375,78532.0,89961.7265625,97885.859375,82550.42447916667,1355.0039211165617,83722.359375,82585.1890625,3057.3150759223063,86742.671875,89057.258984375,6049.4621774428815,98333.9375,84586.6836289426,88417.65165992585,-3830.9680309832474,-3873.549391423163,-3316.329353250413,-557.2200381727498,36.24011943303106,22.347239459579697,26.883421998406348,-0.08643001594438571
2025-03-14,4.09,83969.1015625,85263.2890625,80797.5625,81066.9921875,29588112414.0,0.035176581475923285,1.411399199115098e-06,1.4911224426702744e-06,6.866580547366457e-07,81066.703125,83722.359375,82862.2109375,86742.671875,96623.8671875,82919.38802083333,1609.208320637826,83969.1015625,82030.475,2262.7811377591456,83969.1015625,88424.520703125,5875.697009891562,98333.9375,84463.16721565409,88013.23801470532,-3550.070799051231,-3722.3410310773907,-3397.5316888158086,-324.80934226158206,41.61933642812431,41.2504650950549,31.543143003048815,-0.0044805597115117335
2025-03-17,4.11,84075.6875,84725.328125,82492.15625,82576.3359375,25092785558.0,0.017953698574084243,1.2482131117003997e-06,1.5204729368900923e-06,6.882696986890009e-07,83969.1015625,81066.703125,83722.359375,78532.0,97508.96875,83037.1640625,1707.3011949209297,84075.6875,83139.2125,1252.7755719395911,84075.6875,87752.856640625,5540.8292811972,98333.9375,84385.67127252328,87655.27887700484,-3269.6076044815563,-3552.950519768565,-3428.61545500636,-124.33506476220464,41.81347933103031,41.84907753222319,35.148927362285946,-0.007420397871601203
2025-03-18,4.13,82718.5,84075.71875,81179.9921875,84075.71875,24095774594.0,-0.016274157682193646,3.5289237717332224e-07,1.5525613760058179e-06,6.831457508903258e-07,84075.6875,83969.1015625,81066.703125,82862.2109375,95539.546875,83587.76302083333,754.6878759193206,84075.6875,83110.4703125,1262.3316828305924,84075.6875,87111.804296875,5330.193208576855,98333.9375,84052.23701801863,87206.48079727712,-3154.243779258497,-3488.0133611104393,-3440.495036227176,-47.518324883263176,39.98988886006209,34.226783858919994,39.10877549539938,-0.01960944448225399
2025-03-19,4.1,86854.2265625,87021.1875,82569.7265625,82718.8046875,34931960257.0,0.04878787945306051,1.099917820995884e-06,1.8455902979523941e-06,7.230590616156727e-07,82718.5,84075.6875,83969.1015625,83722.359375,96635.609375,84549.47135416667,2108.17738942765,86854.2265625,83736.84375,2124.4710711428124,86854.2265625,86622.73515625,4836.200900289773,98333.9375,84612.6349269149,87174.45768502465,-2561.8227581097453,-3067.4717205821653,-3365.890373098174,298.41865251600893,47.503337931197045,57.45402579259218,44.50996239457847,0.009162244020418209
2025-03-20,4.06,84167.1953125,87443.265625,83647.1953125,86872.953125,29028988961.0,-0.03142591561831054,1.0784493252575548e-06,1.939692128417976e-06,7.366363793034067e-07,86854.2265625,82718.5,84075.6875,81066.703125,98333.9375,84579.97395833333,2098.534776405722,86854.2265625,84356.9421875,1515.4578910029015,86854.2265625,85914.398046875,3994.934491189006,96125.546875,84523.54700403193,86901.07019661332,-2377.523192581386,-2917.380657825459,-3276.1884300436313,358.80777221817243,43.67708119351901,42.36300756788633,44.68127240646618,-0.03502548851303888
2025-03-21,4.04,84043.2421875,84782.2734375,83171.0703125,84164.5390625,19030452299.0,-0.001473786636289276,6.263775590815627e-07,1.8687994588330272e-06,7.253867565282462e-07,84167.1953125,86854.2265625,82718.5,83969.1015625,96125.546875,85021.5546875,1588.350007196629,86854.2265625,84371.7703125,1511.070684213381,86854.2265625,85310.2828125,3204.972203843773,91418.171875,84427.48604072555,86641.2676503303,-2213.7816096047463,-2776.429440191845,-3176.2366320732744,399.8071918814294,43.5030052786511,45.85090829731431,48.555980552597624,-0.07261158280441693
2025-03-24,4.11,87498.9140625,88758.7265625,85541.1953125,86070.9296875,34582604933.0,0.016647018673747738,6.121462673757153e-07,1.5549512611641625e-06,7.21464495313653e-07,84043.2421875,84167.1953125,86854.2265625,84075.6875,91418.171875,85236.45052083333,1960.3308527714614,87498.9140625,85056.415625,2029.8402296992144,87498.9140625,85114.319921875,2918.9116444989495,90623.5625,85041.77164508044,86719.23550598208,-1677.4638609016401,-2358.6912205052067,-3012.727549759661,654.0363292544544,49.54088439806447,67.20767620349876,51.807197356233154,-0.02737622535833595
2025-03-25,4.09,87471.703125,88542.3984375,86346.078125,87512.8203125,30005840049.0,-0.0003110343685897021,5.320936185292658e-07,1.4463650595670888e-06,7.075323775421309e-07,87498.9140625,84043.2421875,84167.1953125,82718.5,88736.171875,86337.953125,1987.3245391208047,87498.9140625,86007.05625,1755.717921603341,87498.9140625,85051.096484375,2849.195255861719,90623.5625,85527.75794106437,86787.64165316553,-1259.8837121011602,-2006.6944425968104,-2811.520928327091,804.8264857302806,49.49602792687117,67.03950697397747,60.032697158263524,0.008404528408469725
2025-03-26,4.1,86900.8828125,88292.15625,85861.453125,87460.234375,26704046038.0,-0.006547157036870033,6.862780493973594e-08,1.1580461145519889e-06,6.823053330033432e-07,87471.703125,87498.9140625,84043.2421875,86854.2265625,84347.0234375,87290.5,337.6925722853258,87498.9140625,86016.3875,1761.460665560902,87498.9140625,85178.789453125,2873.107974535889,90623.5625,85802.3829153515,86797.93630401412,-995.5533886626217,-1753.580702012201,-2599.9328830641134,846.3521810519123,48.50387552498452,70.54833605963906,68.26517307903845,0.10656653100010183
2025-03-27,4.1,87177.1015625,87786.7265625,85837.9375,86896.2578125,24413471941.0,0.0031735085032362775,4.417687724845692e-09,1.1572082058495248e-06,6.820159904146156e-07,86900.8828125,87471.703125,87498.9140625,84167.1953125,84704.2265625,87183.22916666667,285.4594856375981,87471.703125,86618.36875,1460.0353563432498,87498.9140625,85302.433203125,2904.6471390417787,90623.5625,86077.3266447812,86832.40587296737,-755.079228186165,-1513.2538459756906,-2382.597075646429,869.3432296707383,49.036238610730145,86.96585722627869,74.85123341996508,0.05207308103635522
2025-03-28,4.04,84353.1484375,87489.859375,83557.640625,87185.234375,34198619509.0,-0.03292956550032855,8.003384472003353e-08,1.2750619604505965e-06,6.852562323463569e-07,87177.1015625,86900.8828125,87471.703125,84043.2421875,84373.0078125,86143.7109375,1556.810762189096,87177.1015625,86680.35,1323.5889506943986,87498.9140625,85301.440234375,2904.9849653954525,90623.5625,85732.49100332498,86607.01883337942,-874.5278300544451,-1532.9911300385284,-2212.675886524849,679.6847564863206,44.02524156428158,63.69371103641291,73.73596810744357,0.0075342963004021435
2025-03-31,4.03,82548.9140625,83870.125,81293.890625,82336.0625,29004228247.0,0.00260051281161644,5.236336247093563e-08,5.142128519951512e-07,6.835473776187013e-07,84353.1484375,87177.1015625,86900.8828125,87498.9140625,86065.671875,84693.0546875,2332.7413225390155,87177.1015625,85690.35,2150.9164687901775,87471.703125,85125.60234375,2962.163028892672,90623.5625,85095.77561515999,86238.10021784493,-1142.3246026849374,-1674.9123582354805,-2105.1231808669754,430.2108226314949,41.133105946432444,29.648799830064434,60.10278936425203,0.01828384380223924
2025-04-01,4.01,85169.171875,85487.3671875,82429.359375,82551.921875,28175650319.0,0.03124852053156779,1.7986512020860517e-07,5.73050728622975e-07,6.966908567795159e-07,82548.9140625,84353.1484375,87177.1015625,87471.703125,87222.1953125,84023.74479166667,1340.8272902981398,85169.171875,85229.84375,1906.8196213484102,87177.1015625,85022.951171875,2920.969894354022,90623.5625,85110.45486712799,86140.92491394993,-1030.470046821938,-1557.9934681250015,-1995.6972383185807,437.7037701935792,46.61776246678698,59.333799476032006,50.89210344750313,0.014291808417251639
2025-04-02,4.04,82485.7109375,88466.953125,82343.5390625,85180.609375,47584398470.0,-0.032014458322985107,3.8504151712945634e-07,5.403331452231776e-07,7.053217274990683e-07,85169.171875,82548.9140625,84353.1484375,86900.8828125,90623.5625,83401.265625,1531.3778241650398,85169.171875,84346.809375,1961.0576916881646,87177.1015625,84616.05859375,2654.378177814235,89961.7265625,84585.5060812024,85808.63273427266,-1223.126653070256,-1662.7006977464189,-1929.0979302041485,266.3972324577296,42.27380477491692,21.204793975441326,36.729131093845936,-0.01891125258416715
2025-04-03,3.92,83102.828125,83909.296875,81282.1015625,82487.4765625,36852112080.0,0.007453656492041105,3.9641417259499923e-07,5.404676058253873e-07,5.85645374745325e-07,82485.7109375,85169.171875,82548.9140625,87177.1015625,89961.7265625,83585.90364583333,1405.4401872344492,85169.171875,83531.9546875,1183.2142404845424,85169.171875,84273.113671875,2353.387510722937,87498.9140625,84288.97048996192,85562.65049706605,-1273.6800071041216,-1676.5593988999753,-1878.590223943314,202.0308250433386,43.575938403170795,25.371464974981393,35.30335280881825,0.004646217291174315
2025-04-04,3.86,83843.8046875,84696.1484375,81670.75,83100.25,45157640207.0,0.008876865806506373,1.8361464714950384e-07,4.525484126547924e-07,5.866635578825063e-07,83102.828125,82485.7109375,85169.171875,84353.1484375,86742.671875,83144.11458333333,679.9875639883104,83843.8046875,83430.0859375,1114.7857184084492,85169.171875,84128.1703125,2281.4542877390113,87498.9140625,84199.93732946954,85406.39178710549,-1206.4544576359476,-1609.2020241752907,-1824.7125839897094,215.51055981441868,45.175062897639364,35.14851383084659,27.241590927089785,-0.03466062613353316
2025-04-07,3.86,79235.3359375,81119.0625,74436.6796875,78221.3359375,91262424987.0,0.012967507560798452,2.1231960384934453e-07,4.190116237394268e-07,5.881584528458075e-07,83843.8046875,83102.828125,82485.7109375,82548.9140625,78532.0,82060.65625,2474.689418434688,83843.8046875,82767.3703125,2213.283334945114,85169.171875,84163.337109375,2194.414100637273,87498.9140625,83207.01705107564,84845.38670986862,-1638.3696587929735,-1905.717804386135,-1840.9136280689945,-64.80417631714045,37.96780196847991,33.50538014490334,31.341786316910458,-0.05859598097202545
2025-04-08,3.83,76271.953125,80823.890625,76198.0234375,79218.4765625,48314590749.0,-0.03811707626174865,3.0921363102340187e-07,3.316809143161029e-07,6.095413987592444e-07,79235.3359375,83843.8046875,83102.828125,85169.171875,82862.2109375,79783.69791666667,3815.594274327439,83843.8046875,80987.9265625,3169.54988444557,83843.8046875,83833.82421875,2808.8492551819536,87498.9140625,81820.00426586052,84065.98365669874,-2245.9793908382126,-2352.708365897357,-1943.2725756346672,-409.4357902626898,34.19041368289244,12.81432363347156,27.15607253640718,-0.09246774470173702
2025-04-09,4.03,82573.953125,83541.0,74589.671875,76273.5625,84213627038.0,0.07938900944238014,2.597279260712663e-06,7.844926386653427e-07,6.973710976316138e-07,76271.953125,79235.3359375,83843.8046875,82485.7109375,83722.359375,79360.4140625,3152.8613041197,82573.953125,81005.575,3180.202460779273,83843.8046875,83776.40390625,2822.950654378933,87498.9140625,81970.79403768842,83930.3445174534,-1959.5504797649774,-2173.3795082107245,-1989.2939621498788,-184.08554606084567,46.40264120222766,56.81641394222849,34.378705906867815,-0.05628596640619021
2025-04-10,3.97,79626.140625,82700.9296875,78456.1328125,82565.9765625,44718000633.0,-0.0363518545774042,3.4774332802627674e-06,8.097083683789673e-07,6.959594818233457e-07,82573.953125,76271.953125,79235.3359375,83102.828125,81066.703125,79490.68229166667,3153.1829506155077,82573.953125,80310.2375,2980.8408250133175,83843.8046875,83704.37578125,2912.680114223569,87498.9140625,81501.86335515074,83539.05325450309,-2037.18989935235,-2243.2649671945837,-2040.08816315882,-203.17680403576378,42.43580463509233,36.23407312371333,35.28827023313781,-0.08969257736743075
2025-04-11,4.04,83404.8359375,84247.4765625,78936.3203125,79625.046875,41656778779.0,0.04636385379527397,5.1936102267316156e-06,8.938732832233559e-07,7.012684320636013e-07,79626.140625,82573.953125,76271.953125,83843.8046875,83969.1015625,81868.30989583333,1985.7199805937316,83404.8359375,80222.44375,2854.538132709465,83404.8359375,83676.1625,2912.7137653834675,87498.9140625,81882.4578716206,83526.85168023007,-1644.3938086094713,-1971.0198748919647,-2026.274505505449,55.25463061348432,48.51203256815284,63.57815868120864,52.2095485823835,-0.040230280313068634
2025-04-14,3.99,84542.390625,85785.0,83690.640625,83694.5234375,34090769777.0,0.010193602875444796,5.13520933013488e-06,8.733415228847085e-07,7.020093525057513e-07,83404.8359375,79626.140625,82573.953125,79235.3359375,84075.6875,82524.45572916667,2573.6511999577574,84542.390625,81283.8546875,3340.9633746297764,84542.390625,83699.49765625,2917.9478049028,87498.9140625,82414.44442229648,83619.17340248189,-1204.7289801854058,-1644.5155696703587,-1949.9227183384312,305.4071486680725,50.21571629131011,72.02789726456463,57.280043023162214,-0.030222511304887734
2025-04-15,3.99,83668.9921875,86429.3515625,83598.8203125,84539.6953125,28040322885.0,-0.010384627625775522,3.988351788994443e-06,8.587303495395958e-07,6.973226260491028e-07,84542.390625,83404.8359375,79626.140625,76271.953125,82718.5,83872.07291666667,595.3478006028628,84542.390625,82763.2625,1889.0891539149525,84542.390625,83747.022265625,2908.8555432889593,87498.9140625,82665.35397533719,83623.70238293808,-958.3484076008899,-1439.6392449848208,-1847.8660236677092,408.2267786828884,48.878427328825715,65.80279807893088,67.1362846749014,-0.008110619018647736
2025-04-16,3.96,84033.8671875,85428.28125,83100.6171875,83674.5078125,29617804112.0,0.004351453244224146,5.481179583825539e-07,6.538516607717367e-07,6.900228598938898e-07,83668.9921875,84542.390625,83404.8359375,82573.953125,86854.2265625,84081.75,438.66363019602255,84542.390625,83055.2453125,1963.8584307564965,84542.390625,83606.004296875,2817.2141052279794,87498.9140625,82939.05661776975,83660.99009244371,-721.9334746739623,-1233.6106231373415,-1725.0149435616358,491.4043204242944,49.4836758268847,68.40342451451242,68.744706619336,0.017988766319514626
2025-04-17,3.99,84895.75,85449.0703125,83749.75,84030.671875,21276866029.0,0.010204134780154916,2.468930100835336e-07,5.843650811993958e-07,6.610519009081726e-07,84033.8671875,83668.9921875,84542.390625,79626.140625,84167.1953125,84199.53645833333,629.9352451692912,84895.75,84109.1671875,612.7604952326157,84895.75,83642.43203125,2829.535762604434,87498.9140625,83330.3952942158,83773.24099313065,-442.8456989148399,-989.3797620245023,-1577.8879072542093,588.508145229707,50.96061736316141,74.5464467181736,69.58422310387232,-0.0032103385412892704
2025-04-21,3.95,87518.90625,88460.09375,85143.8359375,85171.5390625,41396190190.0,0.027155041278543735,4.598501189951864e-08,6.4191978302924e-07,6.726882981953317e-07,84895.75,84033.8671875,83668.9921875,83404.8359375,84043.2421875,85482.84114583333,1815.1807973105224,87518.90625,84931.98125,1520.4460493095385,87518.90625,83816.215234375,2959.210168082772,87518.90625,84168.09748537265,84113.75601648241,54.34146889024123,-577.5011840925144,-1377.8105626218703,800.3093785293559,55.249012632879776,93.2428481937774,78.73090647548781,0.06101899656673493
2025-04-22,3.98,93441.890625,93817.3828125,87084.53125,87521.875,55899038456.0,0.06548491099549558,1.10526105838744e-06,1.0035160508556384e-06,6.999480842401328e-07,87518.90625,84895.75,84033.8671875,84542.390625,87498.9140625,88618.84895833333,4377.960183325203,93441.890625,86711.88125,4051.9619143406594,93441.890625,84113.3640625,3581.435900693105,93441.890625,86022.85611329813,84961.76825362036,1061.087859677762,224.26569957604806,-1057.3953101822867,1281.6610097583348,63.09631904985963,98.06254610538028,88.61728033911044,0.12441288381243032
2025-04-23,4.01,93699.109375,94535.734375,91962.9609375,93427.5859375,41719568821.0,0.002748931682265976,1.0634914011128836e-06,1.0042634885974367e-06,6.976388092423667e-07,93441.890625,87518.90625,84895.75,83668.9921875,87471.703125,91553.30208333333,3496.2555221767157,93699.109375,88717.9046875,4612.892646869779,93699.109375,84424.734375,4119.121148037412,93699.109375,87558.10676563851,85756.0719919276,1802.0347737109114,870.3937770989724,-671.837492726035,1542.2312698250073,63.3965028762096,95.83749080238925,95.714295033849,0.11754362441247013
2025-04-24,3.97,93943.796875,94016.1953125,91696.7109375,93692.3984375,31483175315.0,0.0026080137382393787,1.0584922234886952e-06,1.0006527074366477e-06,6.681402852560086e-07,93699.109375,93441.890625,87518.90625,84033.8671875,86900.8828125,93694.93229166667,250.97919628213526,93943.796875,90699.890625,4208.429483129948,93943.796875,84776.880078125,4613.350931246112,93943.796875,88835.24478751082,86500.41061766146,2334.8341698493605,1386.2196922283474,-260.2260557351585,1646.445747963506,63.699006068600404,97.05489880393162,96.98497857056707,0.18563006975955632
2025-04-25,3.95,94720.5,95768.390625,92898.59375,93954.25,40915232364.0,0.008233751969907388,1.0435941778228622e-06,1.0064352724964607e-06,6.63517760077896e-07,93943.796875,93699.109375,93441.890625,84895.75,87177.1015625,94121.13541666667,533.2883094350516,94720.5,92664.840625,2916.145730968023,94720.5,85154.05,5102.354979805995,94720.5,90012.29583000866,87247.69147060132,2764.6043594073417,1836.5186534581735,159.12288610350788,1677.3957673546656,64.69637231976,95.08763911122635,95.99334290584909,0.24187851653366188
2025-04-28,3.92,94978.75,95598.4921875,92860.8046875,93755.3046875,32363449569.0,0.012969852186460074,8.239714532152733e-07,9.166253207868364e-07,6.627633435551545e-07,94720.5,93943.796875,93699.109375,87518.90625,84353.1484375,94547.68229166667,538.6849385051338,94978.75,94156.809375,663.1941544516901,94978.75,85685.330078125,5548.279092171908,94978.75,91005.58666400693,87950.51497327392,3055.071690733006,2188.989137003373,565.0961362834809,1623.893000719892,65.0403052385261,96.27153731856419,96.1380250779074,0.15022651097037443
2025-04-29,3.89,94284.7890625,95485.4140625,93796.6328125,94981.859375,25806129921.0,-0.007333309425444412,3.7002286888251007e-09,9.211320658321826e-07,6.636060811459334e-07,94978.75,94720.5,93943.796875,93441.890625,82548.9140625,94661.34635416667,350.7418011240961,94978.75,94325.3890625,529.7358710052157,94978.75,86272.123828125,5813.376897557758,94978.75,91661.42714370554,88526.35807229448,3135.069071411068,2384.836772835042,929.0442635937932,1455.792509241249,63.25693332384586,92.99484742201413,94.78467461726824,0.18409341859898798
2025-04-30,3.85,94207.3125,95249.3203125,92979.640625,94286.46875,28344679831.0,-0.0008220669855223406,3.534699498211137e-09,8.298600393306682e-07,6.505336189549621e-07,94284.7890625,94978.75,94720.5,93699.109375,85169.171875,94490.28385416667,424.79411030925615,94978.75,94427.0296875,416.09557691213826,94978.75,86724.030859375,6068.807153484881,94978.75,92170.60421496443,89042.80847481315,3127.795740151283,2504.920559195074,1244.2195227140494,1260.7010364810246,63.049079459042304,90.98281609535151,93.41640027864328,0.12951858775425107
2025-05-01,3.92,96492.3359375,97437.9609375,94153.6328125,94212.859375,32875889623.0,0.023965778896187118,2.991678859454089e-08,7.893224211797882e-07,6.518012600332643e-07,94207.3125,94284.7890625,94978.75,93943.796875,82485.7109375,94994.8125,1297.4717680284389,96492.3359375,94936.7375,925.4063703446851,96492.3359375,87424.362109375,6355.375413161879,96492.3359375,93034.95055947156,89720.03824414832,3314.912315323236,2752.7382664948673,1545.923271470213,1206.8149950246543,66.54102601707169,94.88896677237238,92.95554342991268,0.1413485616405823
2025-05-02,4.0,96910.0703125,97905.8984375,96375.9453125,96494.96875,26421924677.0,0.004319853436324905,2.6614005661168743e-08,7.860478552023299e-07,6.337122549983097e-07,96492.3359375,94207.3125,94284.7890625,94720.5,83102.828125,95869.90625,1454.918892986387,96910.0703125,95374.6515625,1256.3785161034007,96910.0703125,88114.72421875,6606.201805073383,96910.0703125,93809.97451007726,90373.67752308938,3436.2969869878725,2948.850742111579,1826.5087655984862,1122.341976513093,67.15216959831696,93.2738317618924,93.0485382098721,0.158255499185733
2025-05-05,4.02,94748.0546875,95193.1875,93566.265625,94319.5625,25816260327.0,0.004570714740086856,1.786843597649495e-08,7.8092221417092e-07,6.109082761106434e-07,96910.0703125,96492.3359375,94207.3125,94978.75,83843.8046875,96050.15364583333,1146.8311885295045,96910.0703125,95328.5125,1278.5919437053265,96910.0703125,88659.93671875,6684.669537003281,96910.0703125,93997.5905455618,90771.34817439943,3226.2423711623705,2896.426498026529,2040.492312084095,855.9341859424339,60.94735517628745,78.67082903271425,88.94454252232636,0.12749844626445728
2025-05-06,3.98,96802.4765625,96889.1796875,93399.859375,94748.3828125,26551275827.0,0.021451265529472963,4.620296185866573e-08,8.069394052960468e-07,6.171657064030433e-07,94748.0546875,96910.0703125,96492.3359375,94284.7890625,79235.3359375,96153.53385416667,1218.368938257437,96910.0703125,95832.05,1260.4216366018254,96910.0703125,89538.29375,6533.552927587069,96910.0703125,94558.56774894944,91319.63257331766,3238.9351756317774,2986.231168637649,2229.640083394806,756.5910852428428,64.32098260670506,92.54710629019628,88.163922361601,0.14025114993977916
2025-05-07,4.0,97032.3203125,97625.8046875,95829.3359375,96800.1953125,76983822462.0,0.00237154382422311,4.662940451208571e-08,6.82166470610883e-07,5.851902669628518e-07,96802.4765625,94748.0546875,96910.0703125,94207.3125,76271.953125,96194.28385416667,1257.7325388339939,97032.3203125,96397.0515625,943.3177962756616,97032.3203125,90576.312109375,5936.834002745701,97032.3203125,95053.31826165956,91838.96782233423,3214.3504393253243,3040.894942835672,2391.8910552829793,649.0038875526925,64.68851062654464,93.82898442428119,88.34897324906392,0.1087012449095821
2025-05-08,4.05,103241.4609375,103969.5390625,96913.875,97034.25,69895404397.0,0.06202640353374633,7.57807965823277e-07,4.944433967527225e-07,6.435062875113385e-07,97032.3203125,96802.4765625,94748.0546875,96492.3359375,82573.953125,99025.41927083333,3653.0073280320526,103241.4609375,97746.8765625,3212.7136810812003,103241.4609375,91609.6875,6260.506592549501,103241.4609375,96690.94679682766,92875.55810553112,3815.388691296539,3544.384673984154,2622.3897790232145,921.9948949609393,72.83067547772366,96.13253157045096,94.16954076164284,0.10487341648327231
2025-05-09,4.05,102970.8515625,104297.4921875,102343.09375,103239.125,58198593958.0,-0.0026245719962858516,7.53714134239043e-07,4.0632751536977287e-07,6.40450102909962e-07,103241.4609375,97032.3203125,96802.4765625,96910.0703125,79626.140625,101081.54427083333,3509.3401597758043,103241.4609375,98959.0328125,3890.024839732419,103241.4609375,92776.923046875,6082.359262757176,103241.4609375,97946.92774996214,93793.31205616465,4153.615693797488,3876.8777647815878,2873.2873761748892,1003.5903886066985,72.0509182638974,92.2927808305787,94.08476560843697,0.09895229793906468
2025-05-12,4.11,102812.953125,105747.453125,100814.40625,104106.9609375,63250475404.0,-0.012501714607269676,8.014679052524739e-07,2.8919930566673303e-07,6.386162539613302e-07,102970.8515625,103241.4609375,97032.3203125,94748.0546875,83404.8359375,103008.421875,216.710365764313,103241.4609375,100572.0125,3340.696808278722,103241.4609375,93747.32890625,6056.570690836293,103241.4609375,98920.13282496971,94613.27942605877,4306.853398910942,4080.6012196538504,3114.7501448706817,965.8510747831688,71.56942273879937,79.11498224904712,89.18009821669227,0.09440917383615166
2025-05-13,4.11,104169.8125,104997.421875,101515.09375,102812.4921875,52608876410.0,0.013111031807524043,7.01566843714145e-07,2.9286715696267746e-07,6.413491220095847e-07,102812.953125,102970.8515625,103241.4609375,96802.4765625,84542.390625,103317.87239583333,742.013770059006,104169.8125,102045.4796875,2851.326732947084,104169.8125,94728.7,6076.678512564748,104169.8125,99970.06875997578,95482.05516005342,4488.013599922357,4301.950529372538,3352.190221771053,949.7603076014848,73.22526731323424,88.77183422806291,86.72653243589626,0.09975995164721474
2025-05-14,4.14,103539.4140625,104303.5625,102618.296875,104167.328125,45956071155.0,-0.006070027639406561,7.120660712368148e-07,2.8903769319043926e-07,5.870463288493852e-07,104169.8125,102812.953125,102970.8515625,97032.3203125,83668.9921875,103507.39322916667,678.9962011728641,104169.8125,103346.8984375,536.6273696600806,104169.8125,95722.22109375,5790.937908195779,104169.8125,100683.93782048063,96214.5423330031,4469.395487477523,4376.059081523956,3556.963993721634,819.0950878023218,71.15185770428126,82.86568402010074,83.5841668324036,0.09013241448745113
2025-05-15,4.1,103744.640625,104153.6171875,101440.8125,103538.828125,50408241840.0,0.001980148737121823,5.650427448241953e-09,2.8823106228938364e-07,5.769297565837485e-07,103539.4140625,104169.8125,102812.953125,103241.4609375,84033.8671875,103817.95572916667,321.53052090765345,104169.8125,103447.534375,558.641109568948,104169.8125,96707.759765625,5358.122922979519,104169.8125,101296.0783813845,96899.09672318464,4396.98165819986,4400.623068035478,3725.695808584403,674.9272594510753,71.43542428402338,84.45823590428805,85.3652513841506,0.10033274355876443
2025-05-16,4.13,103489.2890625,104533.484375,103137.4765625,103735.65625,44386499364.0,-0.0024643811186511044,5.6259427007469385e-09,2.829910078105403e-07,5.769100977465707e-07,103744.640625,103539.4140625,104169.8125,102970.8515625,84895.75,103591.11458333333,135.2989763780086,103744.640625,103551.221875,492.20956388406415,104169.8125,97637.43671875,4782.972672078448,104169.8125,101734.72051760761,97498.20511766785,4236.515399939759,4349.348880766323,3850.4264230207873,498.9224577455361,70.50676244735018,82.31361822943437,83.21251271794107,0.09852713463723961
2025-05-19,4.12,105606.1796875,107068.71875,102112.6875,106430.53125,61761126647.0,-0.007920998372647148,3.1692569358175166e-09,2.4823939949557785e-07,5.775676708959922e-07,103489.2890625,103744.640625,103539.4140625,102812.953125,87518.90625,104280.03645833333,1155.5487888083994,105606.1796875,104109.8671875,878.4174629913828,105606.1796875,98541.800390625,4468.712617451159,105606.1796875,102509.01235158609,98235.29371492531,4273.718636660778,4428.48033511937,3966.037205440504,462.4431296788657,73.57382643340722,89.6193416664726,85.46373193339836,0.09445147805213483
2025-05-20,4.12,106791.0859375,107307.1171875,104206.515625,105605.40625,36515726122.0,0.011157568710077115,2.1916059043150997e-09,8.412736511193608e-08,5.538161039390876e-07,105606.1796875,103489.2890625,103744.640625,104169.8125,93441.890625,105295.51822916667,1672.6770630371539,106791.0859375,104634.121875,1491.4418036907362,106791.0859375,99209.26015625,4659.738180649097,106791.0859375,103365.42706876888,99013.09300788665,4352.334060882233,4534.533336847599,4079.736431721923,454.7969051256755,75.13266076002643,96.28948239144466,89.40748076245056,0.1019606692383701
2025-05-21,4.13,109678.078125,110724.4609375,106127.234375,106791.3125,78086364051.0,0.02667505449687546,3.3035697961727864e-08,1.0578578842541101e-07,5.452348476231167e-07,106791.0859375,105606.1796875,103489.2890625,103539.4140625,93699.109375,107358.44791666667,2094.400614228799,109678.078125,105861.8546875,2530.022963231007,109678.078125,100008.20859375,5021.1031197642715,109678.078125,104627.9572800151,99982.63710944241,4645.320170572697,4796.249072966893,4223.038959970917,573.2101129959765,78.46571536369633,93.96013346266531,93.28965250686088,0.15757604192236463
2025-05-22,4.13,111673.28125,111970.171875,109285.0703125,109673.4921875,70157575642.0,0.018027963942364167,6.050347879077906e-08,1.1638848084978249e-07,5.456815179430007e-07,109678.078125,106791.0859375,105606.1796875,103744.640625,93943.796875,109380.81510416667,2454.634747781377,111673.28125,107447.5828125,3252.748055518117,111673.28125,100894.6828125,5441.546577842404,111673.28125,106037.02207401209,101045.42294040219,4991.599133609896,5105.8004081262625,4399.591249601986,706.2091585242761,80.4190353098524,98.40126209507783,96.21695931639596,0.1536200851008056
2025-05-23,4.15,107287.796875,111798.90625,106841.3046875,111679.359375,67548133399.0,-0.04006256233899386,3.2008629490100446e-07,1.7473927542199576e-07,5.682817769236569e-07,111673.28125,109678.078125,106791.0859375,103489.2890625,94720.5,109546.38541666667,2195.706157005917,111673.28125,108207.284375,2438.913152662296,111673.28125,101523.04765625,5416.60546494461,111673.28125,106287.17703420967,101612.91147991108,4674.2655542985885,4940.301413927751,4507.733282467139,432.56813146061177,66.20415202978425,74.7856962557846,89.04903060450927,0.10569134623877341
2025-05-27,4.14,108994.640625,110744.2109375,107609.5546875,109440.40625,57450176272.0,-0.004081096575204057,3.097415815179511e-07,1.684611461297262e-07,5.674570950332163e-07,107287.796875,111673.28125,109678.078125,105606.1796875,94978.75,109318.57291666667,2210.6147104438805,111673.28125,108884.9765625,1959.0201778569985,111673.28125,102223.8421875,5432.006950382004,111673.28125,106828.66975236774,102283.97776582825,4544.691986539488,4890.495704354238,4584.2857668445595,306.20993750967864,68.53529537472849,81.56519735705294,84.91738523597179,0.055725477296207915
2025-05-28,4.16,107802.328125,109298.2890625,106812.9296875,108992.171875,49155377493.0,-0.010999457493792164,3.089621814543396e-07,1.7123103398048258e-07,5.592859143879814e-07,108994.640625,107287.796875,111673.28125,106791.0859375,94284.7890625,108028.25520833333,875.5633512010633,108994.640625,109087.225,1727.3004780875428,111673.28125,102899.719140625,5229.380754267566,111673.28125,107023.4014268942,102785.64598029842,4237.75544659578,4700.628744382353,4607.554362352118,93.07438203023503,65.15440988323785,72.31826800041095,76.22305387108285,0.04692081777693602
2025-05-29,4.13,105641.7578125,108910.046875,105374.3984375,107795.5703125,56022752042.0,-0.020245528009255054,2.455284166730338e-07,1.8858261458030658e-07,5.630787848635142e-07,107802.328125,108994.640625,107287.796875,109678.078125,94207.3125,107479.57552083333,1699.5831021788954,108994.640625,108279.9609375,2247.110820487204,111673.28125,103471.44140625,4839.560410011313,111673.28125,106747.07270401536,103045.29251049856,3701.7801935167954,4325.950973100873,4551.233684501869,-225.28271140099605,59.43295488261347,43.27225691871776,65.71857409206056,0.027514088463743924
2025-05-30,4.11,103998.5703125,106308.9453125,103685.7890625,105646.2109375,57655287183.0,-0.015676574887612205,2.3007155140988526e-07,1.7458259441878869e-07,5.457284793508602e-07,105641.7578125,107802.328125,108994.640625,111673.28125,96492.3359375,105814.21875,1907.7343775435593,107802.328125,106745.01875,1951.5041316878549,108994.640625,103846.753125,4552.375483404111,111673.28125,106197.3722257123,103131.95412886233,3065.4180968499713,3852.020941776631,4411.391135956822,-559.370194180191,55.445186539394406,28.54276586238338,48.04443026050404,-0.0016438753549642415
2025-06-02,4.12,105881.53125,105958.3125,103727.546875,105649.8125,45819706290.0,0.0021692037754323934,2.5471219263318867e-08,1.7399996963646002e-07,5.068355939842004e-07,103998.5703125,105641.7578125,107802.328125,107287.796875,96910.0703125,105173.953125,1024.9470192518395,105881.53125,106463.765625,1955.0549526832667,108994.640625,104295.326171875,4265.878858701251,111673.28125,106134.20403056985,103381.91568532938,2752.288345240464,3587.018274735965,4246.516563712651,-659.4982889766861,58.852303175891706,42.174633725045595,37.99655216871559,0.02262053739348202
2025-06-03,4.12,105432.46875,106813.578125,104920.84375,105888.4765625,46196508367.0,-0.004250198055929744,2.556123697409438e-08,1.738820556938925e-07,5.016480831987834e-07,105881.53125,103998.5703125,105641.7578125,108994.640625,94748.0546875,105104.19010416667,983.4686700757809,105881.53125,105751.33125,1361.0098050158424,107802.328125,104829.546875,3628.7709356058103,111673.28125,105993.85697445588,103568.32960029943,2425.527374156445,3302.6947518438683,4057.752201338895,-755.0574494950265,57.71870506623012,37.90977311950662,36.209057568978544,0.01626906329649258
2025-06-04,4.06,104731.984375,105997.6953125,104232.703125,105434.3671875,44544857105.0,-0.0066660841880299415,2.0900063423690746e-08,1.5697893110971142e-07,4.917701996250301e-07,105432.46875,105881.53125,103998.5703125,107802.328125,96802.4765625,105348.66145833333,579.3377694041849,105881.53125,105137.2625,767.5396535483912,105881.53125,105226.022265625,3100.2834971474927,111673.28125,105741.48245456471,103674.11639799947,2067.366056565239,2986.4175145142362,3843.4852639739634,-857.0677494597271,55.90962182667201,31.257095116482336,37.11383398701153,0.012007960666823303
2025-06-05,4.08,101575.953125,105936.6875,100436.8828125,104750.78125,57479298400.0,-0.03059773184703829,6.241827686476851e-08,1.960147374763907e-07,4.970416267982572e-07,104731.984375,105432.46875,105881.53125,105641.7578125,97032.3203125,103913.46875,2054.4230486305423,105432.46875,104324.1015625,1694.0132726624192,105881.53125,105453.20390625,2593.285059218734,111673.28125,104908.37658865178,103483.37428227224,1425.002306379538,2452.8255335350113,3565.353317886173,-1112.5277843511617,48.529326200690825,9.876370099867165,26.347746111952052,-0.0381627909884239
2025-06-06,4.14,104390.34375,105376.7734375,101169.5703125,101574.3671875,48856653697.0,0.02733035306446041,1.2255260361061987e-07,8.278233204022298e-08,5.076283070996957e-07,101575.953125,104731.984375,105432.46875,103998.5703125,103241.4609375,103566.09375,1731.9568007370774,104731.984375,104402.45625,1684.2241551555624,105881.53125,105510.648046875,2554.143060897244,111673.28125,104804.77002092142,103565.82605206568,1238.9439688557468,2231.326503895616,3298.547955088062,-1067.2214511924458,54.32014155267198,34.2786946210731,25.137386612474216,-0.022480735788238393
2025-06-09,4.13,110294.1015625,110561.421875,105400.234375,105793.0234375,55903193732.0,0.04165996456486809,4.847565158126566e-07,1.3999002069137152e-07,5.261687621283053e-07,104390.34375,101575.953125,104731.984375,105881.53125,102970.8515625,105420.1328125,4449.368177562368,110294.1015625,105284.9703125,3161.3331957959153,110294.1015625,105876.810546875,2692.0804961868216,111673.28125,105902.63632923714,104177.48746210516,1725.1488671319821,2503.3141950169374,3139.501203073837,-636.1870080568997,63.577353437569464,85.4675426635263,43.207535794822206,0.005616650547048518
2025-06-10,4.12,110257.234375,110380.125,108367.7109375,110295.6875,54700101509.0,-0.0003343184269262167,4.797696988028971e-07,1.3420744866935393e-07,5.028650159196364e-07,110294.1015625,104390.34375,101575.953125,105432.46875,102812.953125,108313.89322916667,3397.943522776765,110294.1015625,106249.9234375,3873.6962887626023,110294.1015625,106249.024609375,2759.9454133333315,111673.28125,106773.55593838972,104730.19172691378,2043.3642114759423,2684.9411950975627,3048.5892014785823,-363.6480063810195,63.49082425961485,85.14788374142513,68.29804034200819,-0.012680265674561264
2025-06-11,4.08,108686.625,110384.21875,108086.328125,110261.796875,50842662052.0,-0.014347388609724732,5.255326010960892e-07,1.3545400713463363e-07,5.049961386295278e-07,110257.234375,110294.1015625,104390.34375,104731.984375,104169.8125,109745.98697916667,917.6195560016866,110294.1015625,107040.8515625,3889.9752815069123,110294.1015625,106474.865234375,2765.647995998228,111673.28125,107156.16975071178,105089.86747901252,2066.3022716992564,2671.353154475859,2973.1419920780377,-301.7888376021788,59.75936287073952,71.52983110710097,80.71508583735083,0.013038091616605296
2025-06-12,4.06,105929.0546875,108780.6953125,105785.6875,108685.9140625,54843867968.0,-0.025699166845333465,4.486072179431507e-07,1.5937729933494736e-07,4.844086795403526e-07,108686.625,110257.234375,110294.1015625,101575.953125,103539.4140625,108290.97135416667,2191.047970131661,110257.234375,107911.471875,2650.8823757062933,110294.1015625,106594.347265625,2682.525169081876,111673.28125,106910.74673806943,105166.15722523865,1744.5895128307748,2410.287363766809,2860.5710664157923,-450.2837026489833,53.78276289820516,48.33797347110956,68.3385627732119,-0.028126024545071515
2025-06-13,4.09,106090.96875,106182.546875,102822.0234375,105924.59375,69550440846.0,0.0015273471943917372,2.7129346082323227e-07,1.5931390140026638e-07,4.627694351031127e-07,105929.0546875,108686.625,110257.234375,104390.34375,103744.640625,106902.21614583333,1547.4625229808896,108686.625,108251.596875,2147.4503927136893,110294.1015625,106711.663671875,2601.4184752215897,111673.28125,106746.79114045555,105250.23100021695,1496.5601402385946,2191.197198097143,2726.6962927520626,-535.4990946549196,54.07320330957753,54.855010618961934,58.240938399057505,-0.015874976030347265
2025-06-16,4.1,106796.7578125,108915.375,104997.625,105555.59375,50366626945.0,0.011723623976989117,4.049614131870961e-08,1.6460057539158746e-07,4.569713823263643e-07,106090.96875,105929.0546875,108686.625,110294.1015625,103489.2890625,106272.26041666667,461.3861501887932,106796.7578125,107552.128125,1867.124888354306,110257.234375,106877.037109375,2488.465591423483,111673.28125,106756.78447486444,105390.82434678814,1365.9601280763018,2050.87671205285,2591.53237661222,-540.65566455937,55.38923919377346,62.81643994595433,55.33647467867528,0.010933176652077048
2025-06-17,4.1,104601.1171875,107750.1953125,103396.53125,106794.1171875,55964092176.0,-0.02077333636181322,8.266802511636722e-08,1.7990273815378439e-07,4.627052045940232e-07,106796.7578125,106090.96875,105929.0546875,110257.234375,105606.1796875,105829.61458333333,1120.9098709813263,106796.7578125,106420.9046875,1494.7537252468487,108686.625,106826.783984375,2525.355466035592,111673.28125,106325.65101739156,105319.03278685285,1006.6182305387047,1742.4163758408977,2421.709176457956,-679.2928006170582,50.53761313681795,41.13011317644862,52.93385458045498,0.005793799599258298
2025-06-18,4.1,104883.328125,105581.8515625,103602.265625,104602.0703125,47318089133.0,0.0026943395038614426,6.140625684069627e-08,1.7496471318565548e-07,4.618824549508883e-07,104601.1171875,106796.7578125,106090.96875,108686.625,106791.0859375,105427.06770833333,1194.5497015195642,106796.7578125,105660.2453125,904.8196676347462,106796.7578125,106731.39609375,2562.531167462431,111673.28125,106037.18643891325,105279.42327213896,757.7631667742971,1503.4011287991598,2238.047566926197,-734.6464381270371,51.13012953609859,43.91750859028304,49.28802057089535,-0.009427547120027135
2025-06-20,4.07,103309.6015625,106539.3828125,102372.2109375,104681.03125,50951862476.0,-0.013218729770938964,2.269855217038702e-08,1.532304794423601e-07,4.638007465268639e-07,104883.328125,104601.1171875,106796.7578125,105929.0546875,109678.078125,104264.68229166667,839.073985254314,104883.328125,105136.3546875,1356.0747719305837,106796.7578125,106412.972265625,2572.7583173927133,111673.28125,105491.6694636306,105100.34857126269,391.32089236791944,1173.4662535807147,2025.1313042571005,-851.6650506763858,47.69872299855579,28.373822573712847,37.80714811348152,-0.020134852315122354
2025-06-23,4.0,105577.7734375,106116.859375,99705.75,100987.4765625,65237759656.0,0.04445468211607739,2.97502155185052e-07,2.246828384071107e-07,4.903361112748048e-07,103309.6015625,104883.328125,104601.1171875,106090.96875,111673.28125,104590.234375,1162.1440845920538,105577.7734375,105033.715625,1283.2228729882386,106796.7578125,106108.196875,2258.685779168533,110294.1015625,105508.89025840448,105143.75083182972,365.1394265747658,1082.5342216736026,1836.611887740401,-754.0776660667984,52.63278395719749,54.091755030132575,42.12769539804284,0.008075747514451725
2025-06-24,3.99,106045.6328125,106316.828125,104740.2421875,105571.515625,48822986421.0,0.004421629398587257,2.7233688983889297e-07,1.558151744833061e-07,4.831464544129747e-07,105577.7734375,103309.6015625,104883.328125,106796.7578125,107287.796875,104977.66927083333,1463.4071574180637,106045.6328125,104883.490625,1047.552463288697,106045.6328125,106046.088671875,2241.555816078984,110294.1015625,105616.2387692236,105225.74010279974,390.49866642385314,1036.2767197899811,1676.5448541503172,-640.268134360336,53.60505409993629,58.40157003179502,46.95571587854683,0.04400332509801386
2025-06-25,3.99,107361.2578125,108168.3984375,105881.390625,106047.40625,51624120283.0,0.012329889288553275,2.1711686159736106e-07,1.6120453836054157e-07,4.838967889032075e-07,106045.6328125,105577.7734375,103309.6015625,104601.1171875,108994.640625,106328.22135416667,924.7141946993748,107361.2578125,105435.51875,1493.7691318155455,107361.2578125,105964.41953125,2156.6200569765706,110294.1015625,105965.24257787887,105419.87807640886,545.364501470016,1093.175808402084,1559.8710450006706,-466.6952365985867,56.32018836397976,70.52081069371857,61.004711918548736,0.028459663564428084
2025-06-26,3.96,106960.0,108305.546875,106666.3515625,107375.0703125,43891990613.0,-0.003744456200287516,2.1837891787697338e-07,1.5693838320185045e-07,4.770725571475963e-07,107361.2578125,106045.6328125,105577.7734375,104883.328125,107802.328125,106788.96354166667,674.2828692143323,107361.2578125,105850.853125,1587.608284231374,107361.2578125,105922.303125,2126.85817172688,110294.1015625,106164.19406230311,105559.88916037169,604.3049019314203,1093.2878522331885,1466.5544064471742,-373.2665542139857,55.258023210588966,66.82451425881919,65.24896499477761,-0.03022919190842377
2025-06-27,3.97,107088.4296875,107772.46875,106449.9921875,106954.921875,45353692675.0,0.0012000060276005087,1.871871828950691e-07,1.4117485490518215e-07,4.580279898281486e-07,106960.0,107361.2578125,106045.6328125,103309.6015625,105641.7578125,107136.5625,204.91347869940992,107361.2578125,106606.61875,758.2427218778286,107361.2578125,105994.63671875,2141.365654779232,110294.1015625,106349.04118734249,105698.84739011062,650.1937972318701,1091.1616183147416,1391.4758488206878,-300.31423050594617,55.546995155886435,68.00757956310281,68.4509681718802,-0.02874010676453631
2025-06-30,3.96,107135.3359375,108798.7890625,106759.6484375,108383.4375,42064804590.0,-0.011602107852205279,4.138267837463548e-09,1.3702961941730486e-07,4.4294885077956285e-07,107088.4296875,106960.0,107361.2578125,105577.7734375,103998.5703125,107061.25520833333,90.77175763136934,107135.3359375,106918.13125,508.8091734988265,107361.2578125,106151.475,2101.9845154680625,110294.1015625,106506.300137374,105829.4372580551,676.8628793188982,1080.8026844092237,1329.3412159383952,-248.53853152917145,55.659634407017755,69.57538680346843,68.13582687513016,-0.014273044751366593
2025-07-01,3.98,105698.28125,107550.6796875,105270.2265625,107144.3828125,44110692247.0,-0.013504224993729608,9.38806492971664e-09,1.436850070255636e-07,4.431543471217091e-07,107135.3359375,107088.4296875,106960.0,106045.6328125,105881.53125,106640.68229166667,816.4801538147364,107135.3359375,106848.6609375,659.2034924080814,107361.2578125,106142.3125,2103.621877680099,110294.1015625,106344.6963598992,105817.51398459554,527.1823753036588,945.7330296751752,1252.6195786857513,-306.8865490105761,51.365392482776684,56.117889093415194,64.56695181999548,-0.0021785660051513167
2025-07-02,3.99,108859.3203125,109763.65625,105157.3984375,105703.1015625,56248657737.0,0.02946777720135607,5.767527505930147e-08,1.7772323599787007e-07,4.547902238304175e-07,105698.28125,107135.3359375,107088.4296875,107361.2578125,105432.46875,107230.97916666667,1582.6884434805993,108859.3203125,107148.2734375,1125.7613304833333,108859.3203125,106313.655078125,2180.902309680621,110294.1015625,106847.62115041936,106094.04183258685,753.5793178325112,1081.2943019812665,1218.3545233448544,-137.06022136358797,58.88050051763839,91.00870583775823,72.2339939115473,0.026094130302679597
2025-07-03,4.07,109647.9765625,110541.4609375,108605.796875,108845.015625,50494742270.0,0.007218611789243212,6.139208026281782e-08,1.7804679984736228e-07,4.554873447080049e-07,108859.3203125,105698.28125,107135.3359375,106960.0,104731.984375,108068.52604166667,2090.2248562017153,109647.9765625,107685.86875,1568.229855490201,109647.9765625,106559.4546875,2268.5264332844986,110294.1015625,107407.6922328355,106417.1268080335,990.565424802,1238.093583110167,1222.302335297917,15.791247812250049,60.51963121460323,91.75426162479245,79.62695218532197,0.026697615249760664
2025-07-07,4.08,108299.8515625,109710.25,107527.0546875,109235.328125,45415696597.0,-0.008570920982480246,6.873750662417925e-08,1.4350299855942082e-07,4.552173677085728e-07,109647.9765625,108859.3203125,105698.28125,107088.4296875,101575.953125,108935.71614583333,677.3016288327575,109647.9765625,107928.153125,1546.278790144431,109647.9765625,106895.649609375,1969.653781236965,110294.1015625,107586.1240987684,106588.28360389409,997.8404948743118,1239.289959115893,1225.6998600615123,13.590099054380744,56.38216368534358,79.31276140597028,87.35857628950701,0.03536037161409977
2025-07-08,4.11,108950.2734375,109198.96875,107499.5546875,108298.2265625,44282204127.0,0.0059877877476886,5.8771008452904394e-08,1.1782960145992142e-07,4.5157693735725735e-07,108299.8515625,109647.9765625,108859.3203125,107135.3359375,104390.34375,108966.03385416667,674.2006726165556,109647.9765625,108291.140625,1526.538863086242,109647.9765625,107123.64609375,1927.862984173967,110294.1015625,107858.95396651473,106803.0099524037,1055.9440141110244,1277.989833945263,1236.1578548382624,41.83197910700051,57.87837555971436,85.31533824427476,85.46078709167917,0.03877589875535814
2025-07-09,4.07,111326.5546875,111925.375,108357.6796875,108950.2734375,57927418065.0,0.021576245274882666,8.943770878186184e-08,7.826691770450896e-08,4.5127648017173677e-07,108950.2734375,108299.8515625,109647.9765625,105698.28125,110294.1015625,109525.55989583333,1593.2510265421827,111326.5546875,109416.7953125,1170.1079028122022,111326.5546875,107175.26875,2028.4270912333695,111326.5546875,108552.47411071179,107214.24129195791,1338.2328187538806,1483.3071594218927,1285.5877157549885,197.71944366690423,62.88724344818883,95.09951972748755,86.57587312591089,0.07760123941771213
2025-07-10,4.07,115987.203125,116608.78125,110660.75,111329.1953125,95911605728.0,0.04101205071842706,2.1324913760843454e-07,1.3239124613353107e-07,4.718414832170703e-07,111326.5546875,108950.2734375,108299.8515625,108859.3203125,110257.234375,112088.01041666667,3579.728478155222,115987.203125,110842.371875,3089.2858311462437,115987.203125,107461.7671875,2759.5371565227883,115987.203125,110039.41991356944,108011.78327677991,2027.6366367895243,1999.0541455141647,1428.2810017068239,570.7731438073408,70.33755724678069,96.32268250702074,92.24584682626103,0.09859489690471812
2025-07-11,4.09,117516.9921875,118856.4765625,115245.6875,115986.234375,86928361085.0,0.013103070357297852,2.359098144056141e-07,1.31151335796844e-07,4.7305866976457177e-07,115987.203125,111326.5546875,108950.2734375,109647.9765625,108686.625,114943.58333333333,3224.474501763129,117516.9921875,112416.175,4150.73615634325,117516.9921875,107903.285546875,3557.0120884695298,117516.9921875,111534.93436835555,108875.89317775446,2659.041190601085,2502.3826308227726,1643.1013275300138,859.2813032927588,72.30297284994995,93.00556889772051,94.80925704407628,0.10817380283149047
2025-07-14,4.08,119849.703125,123091.609375,118959.1953125,119115.7890625,181746419401.0,0.006139691784923684,2.290125018423293e-07,1.0956805402205256e-07,4.7349510655277135e-07,117516.9921875,115987.203125,111326.5546875,108299.8515625,105929.0546875,117784.6328125,1945.1093004283948,119849.703125,114726.1453125,4487.422703462366,119849.703125,108599.31796875,4410.062941260201,119849.703125,113197.88811968444,109873.5122638677,3324.3758558167465,3054.296332209022,1925.3403284658154,1128.9560037432063,75.02090292746075,82.3342521738205,90.55416785952059,0.1163217120118909
2025-07-15,4.12,117777.1875,119935.5625,115765.6875,119853.8515625,98321661181.0,-0.01744388585779255,2.832790101415957e-07,1.1979107554569343e-07,4.758950838649185e-07,119849.703125,117516.9921875,115987.203125,108950.2734375,106090.96875,118381.29427083333,1278.3167926645901,119849.703125,116491.528125,3198.16862510151,119849.703125,109183.62890625,4815.7501228423125,119849.703125,114113.74799574756,110592.02819442518,3521.7198013223824,3286.5716742385994,2197.5865976203722,1088.9850766182271,68.5816616619627,70.36712742188354,81.90231616447487,0.10113301701570676
2025-07-16,4.08,118738.5078125,120065.515625,117064.8203125,117777.1875,72162029070.0,0.008129063950951476,2.0461969138395626e-07,1.1733391860839833e-07,4.7262473678944406e-07,117777.1875,119849.703125,117516.9921875,111326.5546875,106796.7578125,118788.46614583333,1037.1606096789524,119849.703125,117973.91875,1440.285344892838,119849.703125,109780.71640625,5226.9837498829065,119849.703125,115038.69995909806,111332.6172506138,3706.0827084842604,3507.7864922191657,2459.626576540131,1048.1599156790348,69.87335143449796,75.72738729531852,76.14292229700753,0.10878932634456095
2025-07-17,4.1,119289.84375,120999.609375,117508.21875,118738.5078125,72363841798.0,0.004632531543984797,1.445849693771502e-08,1.0370772115995351e-07,4.658504544198731e-07,118738.5078125,117777.1875,119849.703125,115987.203125,104601.1171875,118601.84635416667,765.5321667386694,119289.84375,118634.446875,987.5246971947233,119849.703125,110515.152734375,5486.409734303996,119849.703125,115888.92871727845,112056.00147783072,3832.9272394477302,3685.109384600306,2704.723138152166,980.3862464481399,70.6194024054325,78.80160081617753,74.96537184445988,0.113450036872901
2025-07-18,4.08,118003.2265625,120851.9140625,116925.984375,119284.109375,77945799785.0,-0.01084422561798526,1.1973796813223706e-08,1.0729143960859024e-07,4.3154968423987464e-07,119289.84375,118738.5078125,117777.1875,117516.9921875,104883.328125,118677.19270833333,645.4964006809529,119289.84375,118731.69375,866.4971784559774,119849.703125,111171.14765625,5561.429001116926,119849.703125,116311.78828632277,112596.65830370974,3715.129982613027,3679.4058991769853,2899.65969035713,779.7462088198554,66.4818948672953,71.62750661162173,75.38549824103927,0.11641575593264442
2025-07-21,4.06,117439.5390625,119671.5625,116584.3984375,117306.46875,69820091744.0,0.0011821574696337933,1.0437724355109987e-08,1.0168882575840289e-07,4.1999717132334377e-07,118003.2265625,119289.84375,118738.5078125,119849.703125,103309.6015625,118244.203125,948.3981953283605,119289.84375,118249.6609375,751.8660208600527,119289.84375,111877.64453125,5405.486614761386,119849.703125,116537.33844155823,113036.9201908725,3500.4182506857323,3588.040280692294,3037.3358084241627,550.7044722681312,64.69355717446722,68.48442157730142,72.97117633503358,0.07881933053935075
2025-07-22,4.05,119995.4140625,120269.96875,116233.2265625,117426.5,79217583118.0,0.021529885923987635,1.7959899218309128e-08,5.9171883577006336e-08,3.930962211587483e-07,117439.5390625,118003.2265625,119289.84375,117777.1875,105577.7734375,118479.39322916667,1342.8236201153945,119995.4140625,118693.30625,1012.6113594419892,119995.4140625,112598.5265625,5481.945551727393,119995.4140625,117228.95356574659,113669.51054283863,3559.443022907959,3679.4556476266007,3165.7597762646506,513.6958713619501,68.79265975006848,82.73581523441362,74.28258114111226,0.09436961651637876
2025-07-23,4.08,118754.9609375,120113.3515625,117391.390625,119997.4453125,66608604537.0,-0.010391307548022866,2.027607028833913e-08,6.134247900929444e-08,3.942270955263402e-07,119995.4140625,117439.5390625,118003.2265625,118738.5078125,106045.6328125,118729.97135416667,1278.120735049259,119995.4140625,118696.596875,1012.821682140746,119995.4140625,113233.99296875,5418.6215486161655,119995.4140625,117534.15504009728,114131.82421508057,3402.330825016703,3610.1927297246875,3254.6463669566583,355.5463627680292,64.85700372426939,72.18680588019839,74.46901423063782,0.0965385383650903
2025-07-24,4.1,118368.0,119535.453125,117247.96875,118770.984375,72627318560.0,-0.0032638027078917276,1.9665148116581398e-08,5.789098289209148e-08,3.941681022671979e-07,118754.9609375,119995.4140625,117439.5390625,119289.84375,107361.2578125,119039.45833333333,850.1901016142631,119995.4140625,118512.228125,960.3782992833253,119995.4140625,113784.330078125,5349.271084420802,119995.4140625,117700.92403207783,114516.9311046187,3183.992927459127,3483.916434590996,3300.500380483526,183.4160541074698,63.63397809013234,69.70502304108213,74.8758813852314,0.08644059592840336
2025-07-25,4.09,117635.8828125,118486.9765625,114759.8203125,118368.0,104857024569.0,-0.006204300770342286,1.5478271739124886e-08,5.848129931983953e-08,2.978161900753695e-07,118368.0,118754.9609375,119995.4140625,118003.2265625,106960.0,118252.94791666667,568.3411817501035,118754.9609375,118438.759375,1021.1777686717671,119995.4140625,114318.12421875,5161.821258130907,119995.4140625,117687.91578816227,114800.47216897155,2887.4436191907153,3286.8767532516067,3297.7756550371423,-10.8989017855356,61.27951358589904,65.00957268400423,68.96713386842826,0.05667406256046137
2025-07-28,4.09,117924.4765625,119819.7890625,117441.4375,119457.5234375,64822943193.0,-0.01284086030452336,2.4683471030219903e-08,6.250072720476721e-08,2.97671189211876e-07,117635.8828125,118368.0,118754.9609375,117439.5390625,107088.4296875,117976.11979166667,368.7806412998386,118368.0,118535.746875,920.6287041278997,119995.4140625,114859.9265625,4926.35166562746,119995.4140625,117735.22794302982,115084.47256838322,2650.7553746466,3118.0653732477804,3261.83359867927,-143.76822543148955,61.87829239406639,64.93038230741863,66.54832601083501,0.01670247566373506
2025-07-29,4.07,117922.1484375,119273.8671875,116987.3671875,117938.5859375,68463107433.0,-1.974270354665464e-05,4.147697768316527e-09,5.91807933382512e-08,2.819161270655189e-07,117924.4765625,117635.8828125,118368.0,119995.4140625,107135.3359375,117827.50260416667,165.95169014056336,117924.4765625,118121.09375,440.572785511603,118754.9609375,115399.2671875,4616.902642679079,119995.4140625,117772.61204192386,115342.4431019393,2430.1689399845636,2950.0865171394107,3199.484182371298,-249.39766523188746,61.869980315274674,58.414291550136696,62.78474884718653,0.0034476397196550046
2025-07-30,4.12,117831.1875,118780.7265625,115800.828125,117921.9921875,68896148592.0,-0.0007716619716280348,1.8426294824606188e-09,5.484148875601032e-08,2.81352187826023e-07,117922.1484375,117924.4765625,117635.8828125,118754.9609375,105698.28125,117892.60416666667,53.20113015773127,117924.4765625,117936.3390625,268.3300518799568,118368.0,116005.9125,4035.661739064155,119995.4140625,117784.32713353909,115568.69259267209,2215.634540867002,2777.6037885115948,3115.1081035993575,-337.50431508776273,61.522254535307624,36.86323746869342,53.402637108749595,-0.016842057780441455
2025-07-31,4.1,115758.203125,118919.984375,115505.21875,117833.6328125,69370346018.0,-0.01774942596737006,1.0775229540228363e-08,4.2649357401795675e-08,2.7071134894690924e-07,117831.1875,117922.1484375,117924.4765625,118368.0,108859.3203125,117170.51302083333,1223.9415445353213,117922.1484375,117414.3796875,933.2391331380811,117924.4765625,116350.856640625,3671.0288146927037,119995.4140625,117379.10233183128,115585.92082288371,1793.1815089475713,2445.447868207615,2981.1760565210093,-535.7281883133942,54.06469915749982,11.9828143152778,35.753447778035984,-0.01714240607927575
2025-08-01,3.87,113320.0859375,116060.7734375,112724.4453125,115738.953125,91294530181.0,-0.021287126462377515,3.486939408632715e-08,5.133345662833161e-08,2.6839436972205705e-07,115758.203125,117831.1875,117922.1484375,117635.8828125,109647.9765625,115636.4921875,2258.0122876167097,117831.1875,116551.2203125,2029.328599693356,117924.4765625,116534.462109375,3399.9640010313797,119995.4140625,116567.29905296503,115379.93583330337,1187.3632196616527,1962.8497177619574,2777.5107887691993,-814.6610710072418,46.8687103505788,7.197931309896613,18.681327697955957,-0.0456332320055447
2025-08-04,3.82,115071.8828125,115729.46875,114130.40625,114223.921875,35783028986.0,0.007450970809324886,2.717860153488018e-08,5.092771270872188e-08,2.399189802471261e-07,113320.0859375,115758.203125,117831.1875,117924.4765625,108299.8515625,114716.72395833333,1257.2617920567216,115758.203125,115980.7015625,1946.0117389399247,117922.1484375,116873.063671875,2825.3798620834964,119995.4140625,116268.21580487203,115351.93101323034,916.284791641694,1702.1215760423074,2562.432946223821,-860.3113701815137,51.82971629273452,28.367262356014468,15.84933599372964,-0.03535892750718772
2025-08-05,3.92,114141.4453125,115117.4375,112701.109375,115072.1875,61039182286.0,-0.00811857336682209,3.169877835076508e-08,5.1608287016238307e-08,2.3952009501230934e-07,115071.8828125,113320.0859375,115758.203125,117922.1484375,108950.2734375,114177.8046875,876.4642468052801,115071.8828125,115224.5609375,1725.0181965132879,117831.1875,117132.622265625,2236.2606997519983,119995.4140625,115842.86170639763,115241.88685861848,600.9748477791436,1404.227059583398,2330.791768895737,-926.5647093123389,49.20193214080738,17.356581761764176,17.6405918092251,-0.0327260648924258
2025-08-06,3.9,115028.0,115737.8359375,113372.25,114140.9140625,56379133510.0,0.007737149330479198,3.6060153141628256e-08,4.280389823533303e-08,2.3003187142662282e-07,114141.4453125,115071.8828125,113320.0859375,117831.1875,111326.5546875,114747.109375,524.9791831696217,115071.8828125,114663.9234375,945.4249371310382,115758.203125,117317.69453125,1850.3250883218273,119995.4140625,115679.88936511811,115222.44259874408,457.4467663740361,1225.5536435875838,2109.744143834106,-884.1905002465223,51.714020501057966,28.547986538905764,24.757276885561485,-0.02053430285703528
2025-08-07,3.92,117496.8984375,117676.90625,114279.7109375,115030.0546875,64051649681.0,0.021236359971132046,4.7125151942558695e-08,2.1123937648633678e-08,2.2255022353951796e-07,115028.0,114141.4453125,115071.8828125,115758.203125,115987.203125,115555.44791666667,1738.797687229678,117496.8984375,115011.6625,1565.167745419392,117496.8984375,117393.179296875,1823.7945316243058,119995.4140625,116043.2911795945,115429.21131135825,614.0798682362511,1268.5500888206298,1941.505332831411,-672.9552440107811,57.9503928571948,63.36211078700349,36.42222636255783,-0.020821759269055384
2025-08-08,3.93,116688.7265625,117689.203125,115917.4609375,117505.5,59713005166.0,-0.006902004196733813,1.849123084356875e-08,1.9359417647332415e-08,2.1996598469043995e-07,117496.8984375,115028.0,114141.4453125,113320.0859375,117516.9921875,116404.54166666667,1258.7436851629234,117496.8984375,115685.390625,1367.5310742405902,117496.8984375,117351.766015625,1830.2275700302403,119995.4140625,116172.37825617561,115543.71269782567,628.6655583499378,1223.3107998855994,1797.8664262422487,-574.5556263566493,55.42681834269624,52.684519422716846,48.19820558287538,-0.01739914154902078
2025-08-11,3.93,118731.4453125,122321.09375,118159.03125,119306.8125,90528784177.0,-0.004833792329586473,1.678376777366384e-08,1.916054239252585e-08,2.1770668306189338e-07,116688.7265625,117496.8984375,115028.0,115071.8828125,119849.703125,117639.0234375,1028.7490508473556,118731.4453125,116417.303125,1850.9553439383276,118731.4453125,117295.853125,1765.8489286421923,119995.4140625,116684.1916674405,115833.50657188697,850.6850955535192,1336.8779718039004,1705.6687353545792,-368.7907635506788,60.15041763281891,62.685506570794196,59.577378926838186,0.0030704693202554534
2025-08-12,3.9,120172.90625,120302.46875,118228.71875,118717.6640625,72803657984.0,0.012067410412960555,2.116862443989147e-08,1.702718939450268e-08,1.9735285562624924e-07,118731.4453125,116688.7265625,117496.8984375,114141.4453125,117777.1875,118531.02604166667,1750.7149787410033,120172.90625,117623.5953125,1959.1748634750686,120172.90625,117415.6390625,1877.9188484233498,120172.90625,117381.9345839524,116227.99745171543,1153.9371322369698,1525.6083610925562,1669.6566605021746,-144.0482994096185,63.120467912387205,77.66953233746807,64.34651944365972,0.021566747975562572
2025-08-13,3.86,123344.0625,123682.453125,118939.6328125,120168.9765625,90904808795.0,0.026046115310302653,7.246957809754274e-08,2.5954561684359934e-08,1.9461531576866075e-07,120172.90625,118731.4453125,116688.7265625,115028.0,118738.5078125,120749.47135416667,2359.741472939846,123344.0625,119286.8078125,2622.437573084494,123344.0625,117645.916796875,2286.5818070879477,123344.0625,118574.36016716193,116874.91245610494,1699.447711056986,1909.0579297820514,1717.5369143581502,191.5210154239012,68.65529070108433,96.91849528888484,79.09117806571572,0.04595810891412033
2025-08-14,3.91,118359.578125,124457.1171875,117254.8828125,123339.3984375,104055627395.0,-0.04125044324166893,2.6969841297467927e-07,6.007946657618146e-08,2.098982423769189e-07,123344.0625,120172.90625,118731.4453125,117496.8984375,119289.84375,120625.515625,2522.8778321409795,123344.0625,119459.34375,2500.792443053031,123344.0625,117599.403515625,2260.6964204934184,123344.0625,118531.40375872955,117009.88206236812,1521.521696361422,1790.1030499258632,1732.0501414716928,58.05290845417039,54.74720006572246,48.132570514145364,74.24019938016612,0.0037094786119151735
2025-08-15,3.93,117398.3515625,119332.3125,116864.5703125,118365.78125,68665353159.0,-0.008154397097905886,2.7362970241143294e-07,5.883340305170194e-08,2.079726995748568e-07,118359.578125,123344.0625,120172.90625,116688.7265625,118003.2265625,119700.6640625,3191.669352689457,123344.0625,119601.26875,2317.6770181620013,123344.0625,117569.159765625,2259.05514661364,123344.0625,118304.79331948365,117045.19747147102,1259.5958480126283,1599.8257054524875,1705.6052542678517,-105.77954881536425,52.536915060090884,39.95609957408745,61.6690551257059,-0.003673356321729382
2025-08-18,3.93,116252.3125,117614.171875,114723.6796875,117453.90625,72787808090.0,-0.010275848947745914,2.911053211633395e-07,6.138787082647547e-08,2.0893602394618415e-07,117398.3515625,118359.578125,123344.0625,118731.4453125,117439.5390625,117336.74739583333,1054.9826579569167,118359.578125,119105.4421875,2771.1099894109275,123344.0625,117509.7984375,2278.1581064553898,123344.0625,117894.29715558693,116973.11701951911,921.1801360678219,1341.0944624268886,1632.7030958996593,-291.60863347277063,49.947744918071315,30.2075600972641,39.43207672849899,0.004268460995947132
2025-08-19,3.91,112831.1796875,116764.5,112730.3984375,116241.859375,71657600353.0,-0.02987022020522012,4.745326486018734e-07,7.24688883848867e-08,2.1677297740923918e-07,116252.3125,117398.3515625,118359.578125,120172.90625,119995.4140625,115493.94791666667,2376.152849647656,117398.3515625,117637.096875,3813.230353129934,123344.0625,117151.58671875,2425.2504858779002,123344.0625,116881.67366196954,116596.57726206283,285.0963999067171,850.1907916811615,1476.2006350559598,-626.0098433747983,43.11656975310074,1.1064156691159905,23.756691780155872,-0.004314382979462739
2025-08-20,3.9,114274.7421875,114625.796875,112387.9609375,112828.0234375,67993811526.0,0.01271285160686908,3.4281797450941187e-07,7.392000001202716e-08,2.1818643135220206e-07,112831.1796875,116252.3125,117398.3515625,123344.0625,118754.9609375,114452.74479166667,1717.4985081532966,116252.3125,115823.2328125,2260.993206403016,118359.578125,116927.57578125,2475.7430148395115,123344.0625,116360.28736707564,116385.50134619347,-25.213979117834242,571.0468525877222,1295.1698785623123,-724.1230259745901,46.444931026651645,15.633083298594299,15.649019688324815,-0.006927327558365226
2025-08-21,3.95,112419.03125,114802.6484375,111986.234375,114275.6875,57817883700.0,-0.016372327846505996,8.927989028976526e-08,8.108390826794246e-08,2.106270919944026e-07,114274.7421875,112831.1796875,116252.3125,118359.578125,118368.0,113174.984375,974.4572942154475,114274.7421875,114635.1234375,2153.2465265660285,117398.3515625,116630.12734375,2645.148552547947,123344.0625,115572.03614366052,116024.91315563042,-452.87701196990383,197.80275882406568,1075.696454614663,-877.8936957905973,42.96464209790598,3.4704590004341362,6.736652656048161,-0.015090172178776284
2025-08-22,3.87,116874.0859375,117377.3984375,111678.9453125,112433.734375,82528088240.0,0.03886392642477787,3.4524969677670137e-07,1.2841324217083474e-07,2.2465485443618496e-07,112419.03125,114274.7421875,112831.1796875,117398.3515625,117635.8828125,114522.61979166667,2237.8473020158585,116874.0859375,114530.2703125,1991.7602097879778,116874.0859375,116592.0375,2635.37035691969,123344.0625,115832.44610242842,116102.11068125493,-269.6645788265014,258.50986546136846,912.2591367840041,-653.7492713226356,52.22102304124312,40.65636834298725,19.919970214005247,0.016049013609729768
2025-08-25,3.88,110124.3515625,113637.84375,109324.28125,113456.8984375,85706860190.0,-0.029826315528831415,5.541056473454557e-07,1.5569653680280637e-07,2.2383220598235881e-07,116874.0859375,112419.03125,114274.7421875,116252.3125,117924.4765625,113139.15625,3432.0057612106484,116874.0859375,113304.678125,2490.218093809517,116874.0859375,116202.03125,2982.1559798466305,123344.0625,114690.82719444275,115558.67803409538,-867.8508396526304,-235.31391697903746,682.7445260313958,-918.0584430104333,41.28802075654992,5.286982002609186,16.471269782010207,-0.06274673606743475
2025-08-26,3.85,111802.65625,112397.015625,108762.0390625,110124.1015625,69396320317.0,0.015125123339528201,3.741653769901376e-07,1.6485423238956885e-07,2.1636221796459785e-07,110124.3515625,116874.0859375,112419.03125,112831.1796875,117922.1484375,112933.69791666667,3514.1385817958885,116874.0859375,113098.9734375,2579.9729392627078,116874.0859375,115896.056640625,3107.67402861819,123344.0625,114113.1930055542,115217.22150826853,-1104.0285027143254,-485.6493963328685,449.065741558543,-934.7151378914115,44.40476008157278,19.373061817747402,21.772137387781296,-0.04187268518936971
2025-08-27,3.83,111222.0625,112619.4140625,110398.265625,111795.7109375,62137056409.0,-0.005206553469269792,3.4197806910781684e-07,1.6593246634710796e-07,2.1609764115759932e-07,111802.65625,110124.3515625,116874.0859375,114274.7421875,117831.1875,111049.69010416667,852.3267203105274,111802.65625,112488.4375,2593.3392242554273,116874.0859375,115565.600390625,3239.66033482086,123344.0625,113534.96690444337,114854.02523478957,-1319.0583303462045,-722.5618870364997,214.74021583953447,-937.3021028760342,43.5435991574149,15.673852770325093,13.444632196893911,-0.06324679020570645
2025-08-28,3.85,112544.8046875,113450.078125,110900.921875,111219.0546875,58860155962.0,0.01182264033331748,3.126299923047749e-07,1.5886978301636746e-07,2.1666492345834724e-07,111222.0625,111802.65625,110124.3515625,112419.03125,115758.203125,111856.5078125,663.0133609031011,112544.8046875,112513.5921875,2593.107670779332,116874.0859375,115404.93046875,3308.556665805253,123344.0625,113336.9344610547,114644.09609412689,-1307.1616330721881,-794.4248675075942,12.90719917010873,-807.3320666777029,46.10789127072925,24.10160430469345,19.716172964255332,-0.06347605130420153
2025-08-29,3.83,108410.8359375,112619.0546875,107559.625,112550.5234375,77843379644.0,-0.03742335971466204,2.885342757316062e-07,1.9887410494990085e-07,2.2828931539355964e-07,112544.8046875,111222.0625,111802.65625,116874.0859375,113320.0859375,110725.90104166667,2111.1742114392005,112544.8046875,110820.9421875,1611.692631958981,112544.8046875,115159.46796875,3637.163019807832,123344.0625,112351.71475634376,114077.43607988808,-1725.7213235443196,-1171.4497824919963,-223.9641971623123,-947.485585329684,39.99390099745554,5.037498630297858,14.937651901772151,-0.12106968312722799
2025-09-02,3.82,111200.5859375,111748.015625,108454.03125,109243.0703125,74776999491.0,0.017691382281181944,1.779397455454464e-07,2.1052169473178658e-07,2.175262051317167e-07,108410.8359375,112544.8046875,111222.0625,110124.3515625,115071.8828125,110718.7421875,2108.685480590902,112544.8046875,111036.1890625,1566.6403026646958,112544.8046875,114965.903125,3743.52683851903,123344.0625,112121.48899257502,113815.90424876189,-1694.4152561868686,-1230.945658533994,-425.36048943664866,-805.5851690973453,45.268280289238376,21.54734499710802,16.895482644033123,-0.06048511071862184
2025-09-03,3.77,111723.2109375,112600.2265625,110582.9609375,111190.6953125,61119643565.0,0.004688830576405678,1.4475909725650896e-07,2.0851107285272088e-07,1.6288549330617515e-07,111200.5859375,108410.8359375,112544.8046875,111802.65625,114141.4453125,110444.87760416667,1780.8083414445603,111723.2109375,111020.3,1557.2983133789767,112544.8046875,114844.99140625,3810.0200281777247,123344.0625,112041.83338156002,113625.65940228353,-1583.8260207235144,-1221.8404826861515,-584.6564880865493,-637.1839945996022,46.22193403862758,24.640259579939517,17.07503440244848,-0.048340888517320435
2025-09-04,3.76,110723.6015625,112208.328125,109347.2265625,111718.1484375,60131132901.0,-0.008987461697769206,1.5304170939034942e-07,2.0946702473711868e-07,1.530248601610336e-07,111723.2109375,111200.5859375,108410.8359375,111222.0625,115028.0,111215.79947916667,499.9783140644118,111723.2109375,110920.6078125,1557.1080038470388,112544.8046875,114629.771484375,3919.1484674643357,123344.0625,111778.18701774802,113361.83596230322,-1583.6489445551997,-1280.5236086436926,-723.829912197978,-556.6936964457145,44.62049349630063,26.875567388499864,24.35439065518248,-0.047557857720034624
2025-09-05,3.65,110650.984375,113357.4921875,110233.3984375,110723.015625,60241647677.0,-0.0006560571512483904,1.3201346604685487e-07,1.8935382339463073e-07,1.366722901085875e-07,110723.6015625,111723.2109375,111200.5859375,112544.8046875,117496.8984375,111032.59895833333,599.1886124641078,111723.2109375,110541.84375,1266.462748826439,111723.2109375,114287.47578125,3954.356507763686,123344.0625,111552.74648919841,113115.39490891201,-1562.6484197136015,-1317.7003791672032,-842.6040055918231,-475.0963735753801,44.499874619474745,30.745884557825985,27.420570508755137,-0.019322631550412916
2025-09-08,3.64,112071.4296875,112869.234375,110630.609375,111163.015625,40212813407.0,0.008097306013038263,9.282990389010646e-09,1.9013479098992127e-07,1.3638893370856367e-07,110650.984375,110723.6015625,111723.2109375,108410.8359375,116688.7265625,111148.671875,799.9561234077928,112071.4296875,111273.9625,619.3062851719643,112071.4296875,114056.6109375,3941.5509629221815,123344.0625,111656.48312885873,113020.48897969273,-1364.0058508340007,-1218.4990732620645,-917.7830191258714,-300.71605413619307,47.49002154014282,45.955477748821295,34.525643231715726,-0.019280835448176714
2025-09-09,3.68,111530.546875,113225.4375,110776.703125,112077.578125,45984480722.0,-0.004837916692700617,1.4770465030595007e-09,1.9013653035964105e-07,1.357659946024946e-07,112071.4296875,110650.984375,110723.6015625,111200.5859375,118731.4453125,111417.65364583333,716.9204156283643,112071.4296875,111339.9546875,627.0641268898748,112071.4296875,113696.566015625,3819.0308234017057,123344.0625,111631.295878087,112885.03969744794,-1253.7438193609414,-1170.038569937402,-968.2341292881775,-201.80444064922438,46.46348666892021,40.44625698768576,39.04920643144436,-0.007903327089024303
2025-09-10,3.66,113955.359375,114275.25,110940.078125,111531.25,56377473784.0,0.021508270891821724,1.601654253405305e-08,2.0420967254836116e-07,1.3905521494362473e-07,111530.546875,112071.4296875,110650.984375,111723.2109375,120172.90625,112519.11197916667,1272.8878547394431,113955.359375,111786.384375,1348.1280237569083,113955.359375,113385.688671875,3504.1781744390396,123344.0625,112096.1085774696,112982.3414863163,-886.2329088467086,-925.3048300683586,-959.6482694442138,34.34343937585527,51.52255691600864,65.14444864423976,50.515394460248956,-0.024973256809561972
2025-09-11,3.63,115507.5390625,115522.546875,113453.8359375,113961.4296875,45685065332.0,0.013529013824571834,2.161147822065397e-08,1.8243777144578364e-07,1.3964434897316112e-07,113955.359375,111530.546875,112071.4296875,110723.6015625,123344.0625,113664.48177083333,2004.388697412131,115507.5390625,112743.171875,1962.7830989905253,115507.5390625,112993.8625,2671.1766940538023,118359.578125,112778.39467447568,113211.904902333,-433.51022785731766,-599.1964852414094,-887.557912603653,288.3614273622436,54.487394080434896,80.95434380408618,62.181683145337246,0.048882807695306285
2025-09-12,3.66,116101.578125,116769.3828125,114794.484375,115507.7890625,54785725894.0,0.005129680319349461,2.316029581058791e-08,1.1789820173334743e-07,1.343804208131867e-07,115507.5390625,113955.359375,111530.546875,110650.984375,118359.578125,115188.15885416667,1108.1816271800228,116101.578125,113833.290625,2022.987860449638,116101.578125,112880.9625,2472.8055420148453,117398.3515625,113443.03136458056,113474.60246803,-31.571103449445218,-289.4823128243879,-767.9427926478,478.46047982341213,55.606417123033864,92.74894409716596,79.61591218183065,0.038450981570484766
2025-09-15,3.64,115444.875,116747.8828125,114461.0625,115399.6328125,52937859416.0,0.00032244610982523625,1.9346749228250303e-08,1.1562962585502126e-07,1.0478017208082665e-07,116101.578125,115507.5390625,113955.359375,112071.4296875,117398.3515625,115684.6640625,362.4150904903476,116101.578125,114507.9796875,1843.0235425433762,116101.578125,112783.288671875,2318.763481225292,116874.0859375,113843.40009166446,113653.71815275455,189.68193890991097,-95.91638927458553,-633.5375119731572,537.6211226985716,54.02501971318315,85.61842950199728,86.44057246774982,0.037967399678458635
2025-09-16,3.62,116843.1875,117005.2734375,114813.09375,115423.7578125,45781744593.0,0.01203961474068116,2.670020357751873e-08,1.1697188475013542e-07,1.0567155314268874e-07,115444.875,116101.578125,115507.5390625,111530.546875,116252.3125,116129.88020833333,699.5857473212313,116843.1875,115570.5078125,1064.213607083398,116843.1875,112812.832421875,2368.519558341158,116874.0859375,114443.35757333157,113943.66991159503,499.6876617365342,168.37718489434337,-473.15457259965706,641.5317574940004,56.83964727216547,98.28401471246266,92.21712943720865,0.03819263647429305
2025-09-17,3.6,116468.5078125,117328.609375,114794.9765625,116840.5078125,60528025996.0,-0.0032118407874524024,5.3208286265635985e-09,8.875383611908078e-08,1.0569440161712223e-07,116843.1875,115444.875,116101.578125,113955.359375,112831.1796875,116252.19010416667,723.819366360274,116843.1875,116073.1375,605.1278619154385,116843.1875,112994.698828125,2505.6770406804303,116874.0859375,114848.38762116525,114173.20062985911,675.1869913061382,343.6369937458512,-309.7962593305554,653.4332530764066,55.85294516554584,91.19558871748119,91.69934431064706,0.07432533662636209
2025-09-18,3.61,117137.203125,117911.7890625,116188.796875,116461.265625,49457272032.0,0.005725006775122665,1.8397500614721756e-09,8.495696201107802e-08,1.0546682618348658e-07,116468.5078125,116843.1875,115444.875,115507.5390625,114274.7421875,116816.29947916667,335.1575442807482,117137.203125,116399.0703125,660.6610302471307,117137.203125,113137.821875,2659.6604247879436,117137.203125,115306.15072193221,114442.65540214465,863.4953197875584,530.3759345127619,-141.76182056189197,672.1377550746538,57.27834137490125,92.51764237097164,93.9990819336385,0.05338656390566743
2025-09-19,3.6,115688.859375,117479.7578125,115141.8203125,117137.671875,38828473971.0,-0.012441583362178932,4.70433884655438e-09,8.168779609197993e-08,1.0537965311227703e-07,117137.203125,116468.5078125,116843.1875,116101.578125,112419.03125,116431.5234375,724.8798435167062,117137.203125,116316.5265625,729.3357608724504,117137.203125,113301.31328125,2713.11261812495,117137.203125,115382.69245254577,114555.94667240423,826.745780141544,555.0998090792709,-2.389494633659391,557.4893037129303,53.266737729314634,76.49622953379047,86.73648687408111,0.03549529595706358
2025-09-22,3.61,112748.5078125,115431.3125,112037.6484375,115309.21875,70684158591.0,-0.022430533319747425,2.862632325824211e-08,5.5435276680455814e-08,1.0831723467984075e-07,115688.859375,117137.203125,116468.5078125,115444.875,116874.0859375,115191.5234375,2236.2175458878783,117137.203125,115777.253125,1777.964057589968,117137.203125,113095.034375,2580.7841646301076,117137.203125,114855.85552453663,114391.63404877657,464.22147576005955,333.58648292391445,64.80570087785537,268.7807820460591,46.19346480503274,39.71342669284041,69.57576619920086,0.01828793700191378
2025-09-23,3.61,112014.5,113351.9140625,111535.5703125,112757.4765625,47211853279.0,-0.0065314166152443676,2.212197221714374e-08,3.728741202208603e-08,1.085937603543316e-07,112748.5078125,115688.859375,117137.203125,116843.1875,110124.3515625,113483.95572916667,1944.451576347375,115688.859375,114811.515625,2291.477424811693,117137.203125,113189.541796875,2499.604771821989,117137.203125,114287.5844196293,114175.53095343325,112.05346619605552,97.68127103098959,71.38081490848222,26.30045612250737,44.601264886018534,31.143137054578094,49.11759776040301,0.012322670536567548
2025-09-24,3.63,113328.6328125,113986.2734375,111229.640625,112007.6640625,48044595085.0,0.011663525697123589,3.0233889867305264e-08,3.551826887964433e-08,1.057241265412367e-07,112014.5,112748.5078125,115688.859375,116468.5078125,111802.65625,112697.21354166667,658.5663132044692,113328.6328125,114183.540625,2149.7110548125634,117137.203125,113265.840625,2478.2413210095297,117137.203125,114095.79409820345,114098.5402133484,-2.7461151449533645,16.573180989187676,60.419288124623314,-43.84610713543564,48.053472013157204,40.3109782526856,37.05584733336805,0.01121787353392012
2025-09-25,3.68,109049.2890625,113541.0859375,108713.3984375,113330.1640625,75528654284.0,-0.038491879643615334,2.149701828042364e-07,6.821955849039294e-08,1.1545187769295317e-07,113328.6328125,112014.5,112748.5078125,117137.203125,111222.0625,111464.140625,2192.114803997273,113328.6328125,112565.9578125,2399.9258656979246,115688.859375,113157.201953125,2616.326791238344,117137.203125,113086.49309106276,113639.51738145309,-553.0242903903272,-388.5340625591198,-29.371382012125302,-359.16268054699447,39.43546961213127,3.6516238404476327,25.03524638257046,-0.0222473383483085
2025-09-26,3.67,109712.828125,110359.1953125,108728.9765625,109041.296875,57738288949.0,0.00606632543055774,1.9364420711021653e-07,6.55564893394696e-08,1.1556001399510736e-07,109049.2890625,113328.6328125,112014.5,115688.859375,112544.8046875,110696.91666666667,2303.1540170049275,113328.6328125,111370.7515625,1889.6971707007253,113328.6328125,113015.603125,2725.5692576518313,117137.203125,112411.76009785022,113282.54563086644,-870.7855330162274,-648.5661479595292,-153.21033520160609,-495.3558127579231,41.19646916940484,10.865266852047828,18.275956315060366,-0.03722976499980868
2025-09-29,3.65,114400.3828125,114473.5703125,111589.953125,112117.875,60000147466.0,0.02011114740907871,1.7666563863482024e-07,4.253392084395888e-08,1.1518163964790685e-07,109712.828125,109049.2890625,113328.6328125,112748.5078125,108410.8359375,111054.16666666667,2916.8378242272584,114400.3828125,111701.1265625,2292.2988794687535,114400.3828125,113315.08046875,2513.812664484438,117137.203125,112809.48464078018,113384.16719283313,-574.6825520529528,-470.9679361170274,-216.76185538469036,-254.20608073233706,51.84815525121531,61.82586288022531,25.44758452424027,-0.00958514274467337
2025-09-30,3.68,114056.0859375,114836.6171875,112740.5625,114396.5234375,58986330258.0,-0.003014115884239388,1.7106596572592527e-07,3.6497248031854704e-08,1.1520513081060285e-07,114400.3828125,109712.828125,109049.2890625,112014.5,111200.5859375,112723.09895833333,2612.6486468805765,114400.3828125,112109.44375,2531.4300666710637,114400.3828125,113457.85546875,2468.071227538415,117137.203125,113058.80490012415,113445.25071507557,-386.44581495142484,-353.9221597604628,-244.19391625984485,-109.72824350061796,51.11576719178141,58.08285077043029,43.591326834234486,-0.017618125614948466
2025-10-01,3.62,118648.9296875,118648.9296875,113981.3984375,114057.59375,71328680132.0,0.03947865276779439,4.873526216083101e-07,7.175512657712106e-08,1.0019232101312546e-07,114056.0859375,114400.3828125,109712.828125,113328.6328125,111723.2109375,115701.79947916667,2558.088628876459,118648.9296875,113173.503125,3913.115616704889,118648.9296875,113804.14140625,2687.9469467707386,118648.9296875,114176.82985759932,113918.31243984142,258.5174177579029,108.19437054467562,-173.71625889894077,281.91062944361636,59.3622833999585,100.0,73.30290455021854,0.02775397944256941
2025-10-02,3.62,120681.2578125,121086.40625,118383.15625,118652.3828125,71415163912.0,0.016983874858595982,2.1111442293360714e-07,7.742604028296255e-08,1.0198272512605619e-07,118648.9296875,114056.0859375,114400.3828125,109049.2890625,110723.6015625,117795.42447916667,3394.0505224306885,120681.2578125,115499.896875,4287.965564605167,120681.2578125,114302.02421875,2992.300430147473,120681.2578125,115477.71544857946,114533.12565553765,944.5897930418141,631.1415382134292,-12.744699476466785,643.8862376898959,62.38604504007011,96.72554609485744,84.93613228842925,0.03284804527007612
2025-10-03,3.64,122266.53125,123944.703125,119344.3125,120656.984375,83941392228.0,0.013050507216425089,2.363661136772908e-07,8.222534298863087e-08,1.0207230811859805e-07,120681.2578125,118648.9296875,114056.0859375,109712.828125,110650.984375,120532.23958333333,1813.3987677063087,122266.53125,118010.6375,3685.2638423366966,122266.53125,114882.8015625,3351.9876999434514,122266.53125,116835.47860886357,115236.1625277615,1599.316081102079,1160.1260430739785,221.82944903362227,938.2965940403562,64.59879019557029,88.98208715910437,95.23587775132061,0.049781898526888524
2025-10-06,3.66,124752.53125,126198.0703125,123196.046875,123510.453125,72568881188.0,0.00998175292871295,1.808038934989644e-07,8.320517277633256e-08,1.0161108283791701e-07,122266.53125,120681.2578125,118648.9296875,114400.3828125,112071.4296875,122566.7734375,2052.175888926077,124752.53125,120081.0671875,4040.7448361596516,124752.53125,115516.856640625,3939.996291166638,124752.53125,118418.88913709087,116101.2869570559,2317.60218003497,1759.6651731718594,529.3965938612697,1230.2685793105898,67.79802778764231,91.73253537250038,92.48005620882073,0.0650120364993989
2025-10-07,3.65,121451.3828125,125184.0234375,120681.96875,124752.140625,76149412513.0,-0.026817983765198505,3.2175473134285246e-07,1.0448604309406139e-07,1.0600788675892858e-07,124752.53125,122266.53125,120681.2578125,114056.0859375,111530.546875,122823.48177083333,1719.6047986658846,124752.53125,121560.1265625,2233.25759817325,124752.53125,116012.8984375,4035.0740602734722,124752.53125,119025.38787217271,116587.65930755081,2437.728564621895,1945.996921987331,812.7166594864821,1133.280262500849,60.03895023763142,72.85229294587491,84.5223051591599,0.04981053031926819
2025-10-08,3.66,123354.8671875,124167.09375,121119.1796875,121448.3515625,65354305286.0,0.015551259305388143,9.234901717639235e-08,9.747184139652893e-08,1.0756283222313293e-07,121451.3828125,124752.53125,122266.53125,118648.9296875,113955.359375,123186.26041666667,1657.0203480888463,124752.53125,122501.3140625,1602.0779564700194,124752.53125,116482.873828125,4320.137251367124,124752.53125,119891.28373523818,117202.86002390983,2688.4237113283452,2221.6516391847836,1094.5036554261424,1127.1479837586412,62.690395260889574,83.73888200289718,82.77457010709084,0.09407095118844766
2025-10-09,3.66,121705.5859375,123739.34375,119812.03125,123337.0703125,74653009425.0,-0.01346040236705015,7.977003548857386e-08,9.741403640820422e-08,1.0871450226419566e-07,123354.8671875,121451.3828125,124752.53125,120681.2578125,115507.5390625,122170.61197916667,1033.4409059247628,123354.8671875,122706.1796875,1358.0633259026783,124752.53125,116792.776171875,4466.323026486162,124752.53125,120254.14417569054,117612.19874332711,2641.9454323634272,2280.735871870129,1331.7500987149397,948.9857731551892,59.035387961395585,74.30615565955537,76.96577686944251,0.08651635223564802
2025-10-10,3.6,113214.3671875,122509.6640625,104582.4140625,121704.7421875,153125018868.0,-0.07232182184699099,1.675631692306992e-06,3.275488459281099e-07,1.4546280205291228e-07,121705.5859375,123354.8671875,121451.3828125,122266.53125,116101.578125,119424.94010416667,5441.3641787079205,123354.8671875,120895.746875,4496.949603128884,124752.53125,116648.415625,4535.95717822461,124752.53125,118846.18877805244,117212.39587461555,1633.7929034368863,1623.6734658900386,1390.1347721499596,233.538693740079,44.61371557094903,39.93380087639023,65.99294617961428,-0.0010082679210385859
2025-10-14,3.58,113118.6640625,115502.8828125,110029.484375,115264.8828125,92212917403.0,-0.01884916344559251,1.810620644885578e-06,3.4819226082828e-07,1.472286493143162e-07,113214.3671875,121705.5859375,123354.8671875,124752.53125,115444.875,116012.87239583333,4930.266764855649,121705.5859375,118568.9734375,4985.706598424265,123354.8671875,116532.105078125,4597.844552909766,124752.53125,117700.68383494196,116840.2384371505,860.4453977914527,1082.743143929678,1328.6564465059034,-245.91330257622553,44.48182111631527,39.49105176947843,51.243669435141356,0.037316841173239634
2025-10-15,3.61,110783.1640625,113622.3828125,110235.8359375,113113.96875,72574132855.0,-0.02086257829089888,1.661009640808497e-06,3.6553260430054957e-07,1.4511584942789195e-07,113118.6640625,113214.3671875,121705.5859375,121451.3828125,116843.1875,112372.06510416667,1376.8604367149749,113214.3671875,116435.3296875,5678.41189729718,123354.8671875,116229.10390625,4772.622982046996,124752.53125,116317.17988045356,116289.59531218227,27.58456827129703,460.2906906111166,1154.983295326946,-694.6926047158295,41.274938845093715,28.686383278324016,36.03707864139758,0.00975579570586338
2025-10-16,3.54,108186.0390625,111990.8125,107537.03125,110782.171875,87306423067.0,-0.023722484783180064,1.8305672017290087e-06,3.996957336553195e-07,1.4693286596883316e-07,110783.1640625,113118.6640625,113214.3671875,123354.8671875,116468.5078125,110695.95572916667,2467.468605212342,113118.6640625,113401.5640625,5077.63660491062,121705.5859375,115814.98046875,5098.93841307963,124752.53125,114690.95171686285,115552.90838039297,-861.9566635301162,-239.8092735628161,876.0247815489937,-1115.83405511181,37.99459101754721,16.671365228617567,28.282933425473356,-0.05432100485349933
2025-10-17,3.56,106467.7890625,109235.8046875,103598.4296875,108179.1328125,99703051669.0,-0.016009839805349202,1.871454263396791e-06,4.139531447162047e-07,1.3677518407684792e-07,108186.0390625,110783.1640625,113118.6640625,121705.5859375,117137.203125,108478.99739583333,2172.552366793156,110783.1640625,110354.0046875,2992.1538937489267,113214.3671875,115281.509765625,5495.999408554124,124752.53125,113046.31918599029,114726.9884424027,-1680.6692564124096,-922.6561483593396,516.2885955673271,-1438.9447439266667,35.95842891889863,12.69648231408547,19.3514102736757,-0.06653127549158755
2025-10-20,3.55,110588.9296875,111711.03125,107485.015625,108667.4453125,63507793085.0,0.017534490738340125,1.4700595122487446e-07,4.2383377777081903e-07,1.389346018165614e-07,106467.7890625,108186.0390625,110783.1640625,113214.3671875,115688.859375,108414.25260416667,2070.026830310799,110588.9296875,109828.9171875,2564.5112305488615,113118.6640625,115026.51328125,5593.549341227581,124752.53125,112554.84128629224,114350.80128286609,-1795.9599965738453,-1118.3835799137596,189.35416047110976,-1307.7377403848693,43.745334152859044,30.931907794440868,20.09991844571465,-0.06793150196321696
2025-10-21,3.56,108476.890625,113996.34375,107534.75,110587.6328125,101194375480.0,-0.019282830173496635,1.4955302862949597e-07,4.1532883360936683e-07,1.4081084857034792e-07,110588.9296875,106467.7890625,108186.0390625,113118.6640625,112748.5078125,108511.203125,2060.784565037968,110588.9296875,108900.5625,1802.9975458637032,110783.1640625,114812.932421875,5764.062907250053,124752.53125,111739.2511540338,113816.80940487825,-2077.5582508444495,-1427.46791925226,-134.0102554735642,-1293.4576637786956,40.99430237245364,21.586453600962958,21.738281236496448,-0.10112893591531569
2025-10-22,3.55,107688.5859375,109115.1328125,106778.0,108491.53125,80807013218.0,-0.0072935622708190095,9.62926945921125e-08,4.1600815606881207e-07,1.381466637258428e-07,108476.890625,110588.9296875,106467.7890625,110783.1640625,112014.5,108918.13541666667,1499.6736950653408,110588.9296875,108281.646875,1501.0509978127259,110588.9296875,114596.63671875,5952.679250652382,124752.53125,110929.11811072705,113259.69818057114,-2330.580069844087,-1716.2452779162995,-450.45725996211127,-1265.7880179541883,39.98360153388096,18.098324295809462,23.538895230404446,-0.1192308734325036
2025-10-23,3.59,110069.7265625,111288.59375,107548.4296875,107679.4375,54944076060.0,0.021870444424777702,8.609685335005893e-08,4.3837755932600734e-07,1.3988084418683942e-07,107688.5859375,108476.890625,110588.9296875,108186.0390625,113328.6328125,108745.06770833333,1213.0114921242239,110069.7265625,108658.384375,1694.9224751921652,110588.9296875,114433.69140625,6033.273847767629,124752.53125,110757.23980108165,112969.70076074649,-2212.460959664837,-1732.9884546141548,-706.96349889252,-1026.0249557216348,44.43955322913764,28.634512302117635,22.773096732963367,-0.1176954450573523
2025-10-24,3.58,111033.921875,111842.53125,109770.1484375,110069.3515625,48160816980.0,0.00872171428526336,6.624102532918582e-08,3.5025451424718594e-07,1.4041515685145646e-07,110069.7265625,107688.5859375,108476.890625,106467.7890625,109049.2890625,109597.41145833333,1721.9550812667683,111033.921875,109571.6109375,1428.7761901473245,111033.921875,114532.923046875,5955.878029826336,124752.53125,110812.57621586534,112793.72086204226,-1981.1446461769228,-1649.4413065328263,-895.4590604205813,-753.982246112245,46.182012564252545,32.90093108504906,26.544589227658733,-0.08577474126896323
2025-10-27,3.59,114119.328125,116273.3125,113882.2890625,114479.8515625,61761358733.0,-0.0030895028553832304,3.912114181309649e-08,3.4864334131445857e-07,1.4035131813133447e-07,111033.921875,110069.7265625,107688.5859375,110588.9296875,109712.828125,111740.9921875,2115.3674678090724,114119.328125,110277.690625,2515.9320916416073,114119.328125,114753.248046875,5848.724839017247,124752.53125,111473.92659769228,112914.23061322024,-1440.3040155279596,-1319.0578138020646,-980.178811096878,-338.8790027051866,51.431137143076114,48.74037082023746,36.7586047358014,-0.0748696769983298
2025-10-28,3.59,112956.1640625,116078.984375,112291.6796875,114129.0859375,64528066504.0,-0.010244824086811377,2.0856104588040677e-08,3.3118320129005574e-07,1.4080514056223993e-07,114119.328125,111033.921875,110069.7265625,108476.890625,114400.3828125,112703.13802083333,1558.1879107495715,114119.328125,111173.5453125,2511.8826788299093,114119.328125,114681.037109375,5862.210698468728,124752.53125,111770.37409065383,112918.04274497293,-1147.6686543191026,-1137.9663664910477,-1011.736322175712,-126.2300443153357,49.472141625007374,45.49510044291434,42.378800782733634,-0.07189005999686104
2025-10-29,3.7,110055.3046875,113642.7265625,109368.71875,112921.328125,62192043469.0,-0.026016805465767234,7.244282650558826e-08,3.707283410301379e-07,1.3886551850463626e-07,112956.1640625,114119.328125,111033.921875,107688.5859375,114056.0859375,112376.93229166667,2093.013069332011,114119.328125,111646.8890625,1818.2042714243194,114119.328125,114480.998046875,5952.227779016518,124752.53125,111427.36021002306,112657.7938306572,-1230.4336206341395,-1214.5249107175623,-1052.2940398840822,-162.23087083348014,44.88081265174818,32.05850032408379,42.097990529078544,-0.027903371086887896
2025-10-30,3.7,108305.546875,111612.3515625,106376.6875,110059.1953125,69673964814.0,-0.016026638954619088,5.056175618694337e-08,2.957065938917382e-07,1.352368924000855e-07,110055.3046875,112956.1640625,114119.328125,110069.7265625,118648.9296875,110439.00520833333,2348.93159190166,112956.1640625,111294.053125,2306.411019262725,114119.328125,113963.82890625,6019.995452645657,124752.53125,110802.99754301846,112262.13501650655,-1459.1374734880956,-1400.2477562144923,-1121.8847831501644,-278.3629730643279,42.32898408822147,24.89058669656512,34.14806248785443,-0.042549275377232854
2025-10-31,3.7,109556.1640625,111031.8203125,108288.2734375,108304.4140625,60090359560.0,0.011480961196285833,5.569989324477495e-08,2.8725004643940627e-07,1.2369871989722843e-07,108305.546875,110055.3046875,112956.1640625,111033.921875,120681.2578125,109305.671875,901.3727600722821,110055.3046875,110998.5015625,2438.952831388692,114119.328125,113407.57421875,5878.962638821863,124752.53125,110553.63084691478,112016.13765705141,-1462.5068101366342,-1430.0355346668948,-1183.5149334535106,-246.52060121338423,44.74709935917253,47.00425607978377,34.65111436681091,-0.011075690159091045
2025-11-03,3.7,106547.5234375,110764.9140625,105336.359375,110646.90625,72852006359.0,-0.03768718290100992,2.6849392434636383e-07,3.581514175820172e-07,1.3389042663309122e-07,109556.1640625,108305.546875,110055.3046875,114119.328125,122266.53125,108136.41145833333,1511.4346477696524,109556.1640625,109484.140625,2366.3878721507813,112956.1640625,112621.623828125,5679.6342041864245,124752.53125,109752.40936503182,111518.99090981946,-1766.5815447876375,-1677.082356421146,-1282.2284180470376,-394.85393837410834,40.36251688711879,23.267226952911916,31.72068990975362,-0.015145351832812848
2025-11-04,3.67,101590.5234375,107264.8828125,98962.0625,106541.421875,110967184773.0,-0.04764085753760838,9.045968613494521e-07,4.997900771724254e-07,1.4941970064284067e-07,106547.5234375,109556.1640625,108305.546875,112956.1640625,124752.53125,105898.0703125,4022.3375868817893,109556.1640625,107211.0125,3421.1786870450514,110055.3046875,111463.5234375,5431.918241325975,123354.8671875,108120.03217952547,110616.40295779041,-2496.3707782649435,-2246.955708434645,-1475.1738761245592,-771.781832310086,34.38447399248096,15.183542133005993,28.48500838856724,-0.0458097765337917
2025-11-05,3.71,103891.8359375,104534.703125,98989.9140625,101579.234375,77584934804.0,0.022400061321748765,8.392038252128624e-07,4.845360708464156e-07,1.4819543432834033e-07,101590.5234375,106547.5234375,109556.1640625,110055.3046875,121451.3828125,104009.9609375,2480.610285135287,106547.5234375,105978.31875,3246.040666469525,109556.1640625,110585.54609375,5144.057441198578,123354.8671875,107274.39293112038,110005.07868321855,-2730.685752098172,-2484.250862195244,-1676.9892733386962,-807.2615888565476,38.90828511790377,28.477281753195175,22.309350279704375,-0.060558446210886685
2025-11-06,3.65,101301.2890625,104147.3046875,100336.8671875,103893.6640625,63932752861.0,-0.02525118249184999,9.845293015528217e-07,5.124774165296425e-07,1.5312703429979557e-07,103891.8359375,101590.5234375,106547.5234375,108305.546875,123354.8671875,102261.21614583333,1419.5438738030991,103891.8359375,104577.4671875,3492.6283256548927,109556.1640625,109482.8671875,4597.419552141848,121705.5859375,106079.7721573963,109213.82508133505,-3134.0529239387397,-2848.5086295325164,-1911.2931445774602,-937.2154849550561,35.90718967446635,13.512753628420825,19.05785917154068,-0.06614866559280119
2025-11-07,3.63,103372.40625,104052.9140625,99257.0546875,101286.2421875,92168030081.0,0.020238925968733668,1.0978740060914004e-06,5.289607293070606e-07,1.552645293053145e-07,101301.2890625,103891.8359375,101590.5234375,109556.1640625,121705.5859375,102855.17708333333,1370.5392318468332,103891.8359375,103340.715625,2110.141443001529,106547.5234375,108566.208203125,3788.6719627435823,114119.328125,105538.29897591705,108682.78700575914,-3144.4880298420903,-2936.216806881872,-2116.2778770383425,-819.9389298435294,39.89854683328298,25.476749223770668,22.488928201795574,-0.040080196521523725
2025-11-10,3.66,105996.59375,106564.6953125,104350.6484375,104723.7734375,69585887229.0,0.01212026933646193,6.290238922991929e-07,2.2384217039150422e-07,1.5302953574236717e-07,103372.40625,101301.2890625,103891.8359375,106547.5234375,113214.3671875,103556.76302083333,2353.075028835495,105996.59375,103230.5296875,1905.2660708099916,105996.59375,108205.31953125,3664.3330218704505,114119.328125,105629.95793073364,108438.58761887194,-2808.6296881383023,-2762.135985068613,-2245.449498644397,-516.6864864242161,44.6056290569126,40.6356054588779,26.54170277035648,-0.03700502344926959
2025-11-12,3.65,101663.1875,105297.234375,100836.6171875,103011.4375,64347179408.0,-0.01303914664267758,1.3926620273594123e-07,2.1516242068545172e-07,1.5430558523351132e-07,105996.59375,103372.40625,101301.2890625,101590.5234375,113118.6640625,103677.39583333333,2182.742865374062,105996.59375,103245.0625,1889.8439235689136,105996.59375,107632.545703125,3750.2037367537614,114119.328125,104836.60384458692,107822.64215351995,-2986.038308933028,-2939.9553727070015,-2384.350673456918,-555.6046992500837,39.15250264114969,15.603292656509495,27.238549113052702,-0.08439523901127621
2025-11-13,3.68,99697.4921875,104005.4921875,97988.71875,101674.1484375,101546815416.0,-0.019524742976585685,1.218529652008362e-07,2.1266343155714286e-07,1.559320338577861e-07,101663.1875,105996.59375,103372.40625,103891.8359375,110783.1640625,102452.42447916667,3222.8622962571358,105996.59375,102406.19375,2394.4976282011835,105996.59375,107078.262109375,4065.97308531405,114119.328125,103808.78151316954,107083.99215660903,-3275.2106434394955,-3202.5763950994005,-2547.9958177854146,-654.5805773139859,36.9460462572468,9.345427417549269,21.86144184431224,-0.126375051224479
2025-11-14,3.7,94397.7890625,99804.4296875,94000.734375,99694.703125,114346441890.0,-0.05462287113659059,6.695847892813931e-07,3.38956308512956e-07,1.639899261988747e-07,99697.4921875,101663.1875,105996.59375,101301.2890625,108186.0390625,98586.15625,3758.0319701129956,101663.1875,101025.49375,4367.967043893441,105996.59375,106388.849609375,4942.6822064808575,114119.328125,101926.58302303564,105930.70096623548,-4004.117943199846,-3794.6053497361863,-2797.3177241755693,-997.287625560617,31.750755000151813,1.7827064530725494,8.910475509043787,-0.16429714264846518
2025-11-17,3.69,92093.875,95928.3671875,91214.7578125,94180.875,94186165724.0,-0.022368382716344115,6.996112835458995e-07,3.5331257529973113e-07,1.6790705534598457e-07,94397.7890625,99697.4921875,101663.1875,103372.40625,106467.7890625,95396.38541666667,3898.9286467474412,99697.4921875,98769.7875,5593.328753242716,105996.59375,105670.15390625,5885.67233499057,114119.328125,99960.04141842852,104672.80769657771,-4712.766278149196,-4398.990349383399,-3117.6522492171352,-1281.3381001662638,29.789625000685504,3.535670756901309,4.887934875841059,-0.16320367054092622
2025-11-18,3.67,92948.875,93745.078125,89300.4609375,92094.53125,101333569062.0,0.009241173563307115,6.79185911713688e-07,3.4023663666799163e-07,1.673614724695154e-07,92093.875,94397.7890625,99697.4921875,105996.59375,110588.9296875,93146.84635416667,1164.6456519686703,94397.7890625,96160.24375,4264.65142213299,101663.1875,104788.151171875,6408.299073192345,114119.328125,98557.80813474282,103606.99563325246,-5049.1874985096365,-4754.175288145358,-3444.95685700278,-1309.2184311425776,31.481030246352447,14.98798065350583,6.7687859544932465,-0.1417902620696222
2025-11-19,3.68,91465.9921875,92946.1640625,88526.828125,92946.1640625,80350354656.0,-0.016082377699810024,7.08714906469414e-07,3.3366662382488603e-07,1.693689450115355e-07,92948.875,92093.875,94397.7890625,101663.1875,108476.890625,92169.58072916667,744.3345195365823,92948.875,94120.8046875,3305.5278087364104,99697.4921875,103937.60625,6994.976510202654,114119.328125,97139.44494529426,102503.26804727496,-5363.823101980699,-5096.568096569739,-3775.279104916172,-1321.2889916535673,30.125509462828234,12.731632750096702,10.418428053501296,-0.16512235554979682
2025-11-20,3.65,86631.8984375,93025.0703125,86040.796875,91459.3515625,97970645638.0,-0.05429914313161177,1.8368064859945565e-06,5.218601415643408e-07,1.9449348383395822e-07,91465.9921875,92948.875,92093.875,99697.4921875,107688.5859375,90348.921875,3303.3214777092917,92948.875,91507.6859375,2938.893572330579,94397.7890625,102884.771875,7923.690996125078,114119.328125,95037.93564373541,101060.41626456815,-6022.480620832735,-5692.369734548163,-4158.69723084257,-1533.672503705593,26.169592833312393,2.365255524561788,10.028289642721457,-0.18691776549534123
2025-11-21,3.62,85090.6875,87380.8046875,80659.8125,86528.7734375,129157506112.0,-0.01795049047228936,6.773302376853661e-07,5.106446823957143e-07,1.961517875363554e-07,86631.8984375,91465.9921875,92948.875,94397.7890625,110069.7265625,87729.52604166667,3326.366972041217,91465.9921875,89646.265625,3537.270370382673,92948.875,101635.819921875,8665.48187471202,114119.328125,93048.48601498833,99608.6227405165,-6560.136725528166,-6217.241181146092,-4570.406020903275,-1646.8351602428165,25.04060504195583,14.718020435178527,9.938302903279023,-0.16241510900030887
2025-11-24,3.61,88270.5625,89206.3359375,85272.1953125,86798.7734375,74433896110.0,0.016742357810839437,6.068303306745964e-07,5.253437093858968e-07,1.9702030198414154e-07,85090.6875,86631.8984375,91465.9921875,92093.875,111033.921875,86664.3828125,1590.1863663957486,88270.5625,88881.603125,3279.7618219073584,92948.875,100497.651953125,8858.888505272587,114119.328125,92092.90131199067,98577.88999137863,-6484.988679387956,-6303.948255476149,-4917.11446781785,-1386.8337876582991,31.59748178301716,28.606389348364928,15.229888436035099,-0.15036093352799695
2025-11-25,3.6,87341.890625,88457.3359375,86131.4296875,88269.9609375,64837343545.0,-0.010576476956753567,6.151040075824999e-07,5.327858667546006e-07,1.9036188726017375e-07,88270.5625,85090.6875,86631.8984375,92948.875,114119.328125,86901.046875,1635.1326132280847,88270.5625,87760.20625,2375.274181802791,91465.9921875,99158.780078125,8714.146519992344,112956.1640625,91142.69917459255,97556.43550352602,-6413.736328933475,-6374.123369205103,-5208.5162480953,-1165.6071211098024,30.751475034341013,25.794666485716224,23.039692089753245,-0.13780079766692255
2025-11-26,3.61,90518.3671875,90581.15625,86316.8984375,87345.5859375,66496301869.0,0.0357225879133356,9.757048834471837e-07,6.216993947286732e-07,2.0119240113693208e-07,87341.890625,88270.5625,85090.6875,91465.9921875,112956.1640625,88710.2734375,1633.2513950540833,90518.3671875,87570.68125,2016.3527388213129,90518.3671875,98036.890234375,8277.76614776308,110055.3046875,91017.83277717404,96916.61111116002,-5898.778333985974,-6103.070147121442,-5387.427027900529,-715.6431192209129,36.96803656295771,38.05674304283248,30.81926629230456,-0.12434690773680235
2025-11-28,3.61,90919.265625,92969.0859375,90257.1171875,91285.3828125,60895830289.0,-0.004018666774420865,1.6106440244624472e-07,5.70694037848496e-07,2.0067859858350556e-07,90518.3671875,87341.890625,88270.5625,86631.8984375,110055.3046875,89593.17447916667,1959.946206741764,90919.265625,88428.1546875,2393.643359857898,90919.265625,97080.08828125,7913.398797731442,109556.1640625,90998.11934673924,96371.39788514547,-5373.27853840623,-5789.175352501814,-5467.776692820786,-321.3986596810282,37.72784998580118,39.60432169972782,34.48524374275886,-0.14224351549032677
2025-12-01,3.62,86321.5703125,90398.15625,83862.25,90389.109375,87962894424.0,-0.04610183805407608,5.805833011897413e-07,7.205790159552265e-07,2.1983617742336815e-07,90919.265625,90518.3671875,87341.890625,85090.6875,108305.546875,89253.06770833333,2546.652238848285,90919.265625,88674.33125,1994.6246600864915,90919.265625,95980.889453125,7798.062367549689,109556.1640625,90062.8095398914,95457.77719672315,-5394.967656831752,-5844.040591304074,-5543.0294725174435,-301.0111187866305,32.83880554338552,21.85594836880716,33.172337703789175,-0.15090631687600786
2025-12-02,3.59,91350.203125,92316.6328125,86202.1953125,86322.5390625,78546798211.0,0.05662099387030395,1.8146413668313494e-06,1.005157595350206e-06,2.462848398074472e-07,86321.5703125,90919.265625,90518.3671875,88270.5625,109556.1640625,89530.34635416667,2787.2225505702513,91350.203125,89290.259375,2292.08060234637,91350.203125,95070.59140625,7167.059448184291,106547.5234375,90320.28825691313,95084.36137202104,-4764.073115107909,-5419.282926219763,-5518.280163257908,98.9972370381447,41.73250940056636,43.39086564835632,34.95037857229712,-0.08372616882680806
2025-12-03,3.57,93527.8046875,94060.7734375,91056.390625,91345.09375,77650204986.0,0.0235582620118322,2.0612695773440603e-06,9.202735249901609e-07,2.3522593888541522e-07,91350.203125,86321.5703125,90919.265625,87341.890625,106547.5234375,90399.859375,3695.9191548559656,93527.8046875,90527.4421875,2623.0743833523447,93527.8046875,94419.60546875,6641.784199633435,105996.59375,90961.79154303051,94942.85621888276,-3981.064675852249,-4851.025566239521,-5384.82924385423,533.8036776147092,45.12156834299107,55.1193726623,40.12206222648785,-0.009216152026865654
2025-12-04,3.6,92141.625,94038.2421875,90976.1015625,93454.2578125,64538402681.0,-0.014931972865932508,1.5008316029471982e-06,7.344053007825136e-07,2.3572355437428355e-07,93527.8046875,91350.203125,86321.5703125,90518.3671875,101590.5234375,92339.87760416667,1102.254604229458,93527.8046875,90852.09375,2720.3210974889566,93527.8046875,93947.160546875,6437.781965834518,105996.59375,91197.75823442441,94688.19883534797,-3490.4406009235536,-4461.105779887599,-5200.084551060904,738.9787711733052,43.39142335791326,59.97410336048277,52.82811389037971,0.0005184926793448952
2025-12-05,3.61,89387.7578125,92702.640625,88152.140625,92133.6484375,63256398633.0,-0.030343059975676212,1.9768209446930407e-06,7.707460394213131e-07,2.4437574935886743e-07,92141.625,93527.8046875,91350.203125,90919.265625,103891.8359375,91685.72916666667,2107.339030611264,93527.8046875,90545.7921875,2796.035225765556,93527.8046875,93221.956640625,6064.690154403138,105996.59375,90835.75815003953,94206.3405605436,-3370.5824105040665,-4324.455970439361,-5024.958834936596,700.5028644972344,40.10163096498411,57.162878157978895,57.41878472692057,-0.03831264431656645
2025-12-08,3.61,90640.203125,92267.1171875,89644.890625,90424.5859375,57394099056.0,0.0025911959798126105,9.648378723819826e-07,7.163523929663353e-07,2.4144251898472514e-07,89387.7578125,92141.625,93527.8046875,86321.5703125,101301.2890625,90723.1953125,1378.8081443721994,92141.625,91409.51875,1557.722458987651,93527.8046875,92688.90234375,5778.980823791796,105996.59375,90796.64714503163,93882.14624822146,-3085.4991031898244,-4068.2024370205036,-4833.607555353377,765.4051183328738,42.24622662888166,74.47518630601934,63.87072260816035,-0.009028372652506556
2025-12-09,3.63,92691.7109375,94601.5703125,89586.9765625,90639.703125,66861721440.0,0.02238119269819805,1.9470842745286327e-07,7.24100957026612e-07,2.4573471824896483e-07,90640.203125,89387.7578125,92141.625,91350.203125,103372.40625,90906.55729166667,1668.0032882536898,92691.7109375,91677.8203125,1657.299524607375,93527.8046875,92154.867578125,5204.727898387076,105996.59375,91175.65990352532,93773.92485633769,-2598.264952812373,-3657.419672951364,-4598.369978872975,940.9503059216104,45.67715774047443,86.30115799825725,72.64640748741851,0.06994897502300268
2025-12-10,3.58,92020.9453125,94477.15625,91640.1328125,92695.234375,65420694513.0,-0.007262832846635092,1.1615090078679317e-07,7.161113208708728e-07,2.460450195111246e-07,92691.7109375,90640.203125,89387.7578125,93527.8046875,105996.59375,91784.28645833333,1046.0289843637333,92691.7109375,91376.4484375,1344.2223030186547,92691.7109375,91456.08515625,4061.068511989327,101663.1875,91344.71698532026,93614.56307962516,-2269.8460943048995,-3347.409697706855,-4348.177922639751,1000.7682249328964,44.74127318892501,81.48995962556282,80.75543464327983,0.08144554963784967
2025-12-11,3.56,92511.3359375,93554.265625,89335.296875,92011.3046875,64532834621.0,0.005314970108146966,9.112320512893805e-08,7.041644770816833e-07,2.4515943019556493e-07,92020.9453125,92691.7109375,90640.203125,92141.625,101663.1875,92407.99739583333,347.11780646639227,92691.7109375,91450.390625,1405.602329085881,92691.7109375,90998.492578125,3293.4869405731383,99697.4921875,91578.04077575622,93514.26970306833,-1936.2289273121132,-3027.257790347692,-4083.9938961813396,1056.7361058336473,45.618536848100874,85.00738283427988,84.26616681936667,0.04804289581251964
2025-12-12,3.54,90270.4140625,92747.9296875,89532.6015625,92513.6640625,80275884583.0,-0.024521421452146086,5.663732110217629e-08,7.227538545876628e-07,2.5113608335533576e-07,92511.3359375,92020.9453125,92691.7109375,89387.7578125,99697.4921875,91600.8984375,1178.0332106361059,92511.3359375,91626.921875,1105.095673215837,92691.7109375,90527.138671875,2580.372090151802,94397.7890625,91316.51543310499,93219.37373574394,-1902.8583026389533,-2920.690858196249,-3851.3332885843215,930.6424303880726,42.31278593956057,59.67010831254597,75.3891502574629,0.033529425760584264
2025-12-15,3.52,86419.78125,89983.921875,85304.078125,88171.078125,45559514323.0,-0.020108914713087955,1.0081691774557846e-07,5.201075634939996e-07,2.5054341520425667e-07,90270.4140625,92511.3359375,92020.9453125,90640.203125,94397.7890625,89733.84375,3081.021000073409,92511.3359375,90782.8375,2620.2697010121665,92691.7109375,90128.23828125,2567.141585302728,93527.8046875,90337.16859648399,92601.22896431267,-2264.060367828686,-3111.0870091237884,-3703.284032692215,592.1970235684266,37.309673154386765,23.814647254940045,56.16404613392198,-0.045279052913207996
2025-12-16,3.51,87843.984375,88170.09375,85381.6875,86424.40625,41262178223.0,0.01634573693507768,7.331631980635328e-08,5.03428225470091e-07,2.5213971756110725e-07,86419.78125,90270.4140625,92511.3359375,92691.7109375,92093.875,88178.05989583333,1946.9329994611383,90270.4140625,89813.2921875,2634.2087307740594,92511.3359375,89915.74375,2571.7607335577163,93527.8046875,89838.53175218719,92168.75218346606,-2330.220431278867,-3111.1921543334174,-3584.8656570204557,473.6735026870383,40.129398476258075,37.07622325377028,40.18699294041878,-0.03382430807002024
2025-12-17,3.51,86143.7578125,90264.5703125,85316.265625,87847.6171875,44243392914.0,-0.01954483304085386,1.1331317019260903e-07,5.246928057504004e-07,2.558828461481405e-07,87843.984375,86419.78125,90270.4140625,92020.9453125,92948.875,86802.5078125,912.4430432581618,87843.984375,88637.8546875,2712.918455100442,92511.3359375,89575.487890625,2599.3685860720493,93527.8046875,89099.57696424976,91621.02542246915,-2521.4484582193836,-3211.4499607873004,-3510.1825177738247,298.7325569865243,37.935714397858796,21.24443396892116,27.378434825877182,-0.002059884908908516
2025-12-18,3.49,85462.5078125,89412.6640625,84436.3125,86144.3671875,52667115348.0,-0.007939728497769138,1.1804604330204137e-07,5.106197786153794e-07,2.5613123701133726e-07,86143.7578125,87843.984375,86419.78125,92511.3359375,91465.9921875,86483.41666666667,1226.5332271670595,87843.984375,87228.0890625,1909.285296348531,90270.4140625,89275.313671875,2713.6897708258366,93527.8046875,88372.16313389981,91061.16018519922,-2688.997051299404,-3307.7465332422,-3469.6953208675,161.94878762530016,37.06149828328149,14.900922646262675,24.407193289651392,-0.06445191265139838
2025-12-19,3.51,88103.3828125,89339.1171875,85107.6640625,85476.1328125,46733310561.0,0.03043315496840826,1.6691608908466885e-07,3.76340093609194e-07,2.6389487285789546e-07,85462.5078125,86143.7578125,87843.984375,90270.4140625,86631.8984375,86569.8828125,1371.0368624239404,88103.3828125,86794.6828125,1134.9751348465245,88103.3828125,89348.887890625,2657.6171142976486,93527.8046875,88318.40706961986,90792.27133313565,-2473.8642635157885,-3134.8293574362906,-3402.722128181258,267.8927707449675,42.58508620323486,36.074543116758754,24.073299910647552,-0.05799795999835944
2025-12-22,3.53,88490.015625,90501.9296875,87908.0703125,88621.3984375,38047472118.0,-0.001487584958889343,1.076644056535453e-07,3.5696476294666705e-07,2.6391760507941145e-07,88103.3828125,85462.5078125,86143.7578125,86419.78125,85090.6875,87351.96875,1647.7008856826783,88490.015625,87208.7296875,1325.6227137620483,88490.015625,89518.854296875,2473.259783903556,93527.8046875,88352.72878069589,90582.97535966877,-2230.246578972874,-2932.785883002187,-3308.734879145444,375.9489961432573,43.36869087925945,39.87801588283622,30.284493881952574,-0.03963039912743016
2025-12-23,3.52,87414.0,88898.3828125,86606.9765625,88490.03125,43683011533.0,-0.012234274952954038,9.279420966643694e-08,3.492027899254523e-07,2.6545158312721165e-07,88490.015625,88103.3828125,85462.5078125,87843.984375,88270.5625,88002.46614583333,545.0601219311953,88490.015625,87122.7328125,1287.508484207165,88490.015625,89476.026171875,2503.2479895856336,93527.8046875,88164.98302455671,90294.88669060796,-2129.90366605125,-2826.9036565025162,-3212.368634616859,385.46497811434256,41.66440653523445,29.29278878041245,35.08178259333584,-0.02208085157075046
2025-12-24,3.5,87611.9609375,87956.8828125,86411.796875,87404.3203125,25550297986.0,0.002262076104063482,5.2553140811997374e-08,3.429233602395166e-07,2.622675963292578e-07,87414.0,88490.015625,88103.3828125,86143.7578125,87341.890625,87838.65885416667,572.7096693588051,88490.015625,87416.3734375,1170.5277027943189,88490.015625,89489.5296875,2491.832101474222,93527.8046875,88054.37860714538,90050.98434941632,-1996.6057422709418,-2695.9403141565854,-3109.0829705248043,413.1426563682189,42.11509523825228,31.24021540894883,33.470340024065855,-0.033409481478365755
2025-12-26,3.49,87301.4296875,89459.4296875,86628.140625,87235.5078125,42455674908.0,0.0007641682813233075,4.6982145258963694e-08,2.722967575690393e-07,2.5765279297325335e-07,87611.9609375,87414.0,88490.015625,85462.5078125,90518.3671875,87442.46354166667,157.21019117755228,87611.9609375,87784.1578125,499.958714463625,88490.015625,89328.6828125,2525.5239985882536,93527.8046875,87903.78882321631,89801.02483469665,-1897.236011480345,-2587.3824640091334,-3004.7428692216704,417.360405212537,41.57252009142065,28.18538634580253,29.572796845054626,-0.05815278621444964
2025-12-29,3.48,87138.140625,90299.15625,86717.9140625,87835.7890625,48411625849.0,-0.0079748888825808,1.9570039492286034e-09,2.747783816529719e-07,2.5773484602775824e-07,87301.4296875,87611.9609375,87414.0,88103.3828125,90919.265625,87350.51041666667,240.692979989723,87611.9609375,87591.109375,531.2555822028914,88490.015625,89139.6265625,2541.661640075283,93527.8046875,87750.65918357305,89558.94445199695,-1808.2852684239042,-2485.8700853863847,-2900.9683124546136,415.0982270682289,41.27142199519003,26.579041819063555,28.66821452460499,-0.05306188358441832
2025-12-30,3.47,88430.1328125,89297.9375,86735.546875,87134.3515625,35586356225.0,0.014718097808790631,7.58988327951481e-09,1.8383104146444674e-07,2.592673660656503e-07,87138.140625,87301.4296875,87611.9609375,88490.015625,86321.5703125,87623.234375,703.5478987341759,88430.1328125,87579.1328125,505.99917653727573,88430.1328125,89245.0546875,2461.070290515241,93527.8046875,87886.55390935844,89456.32521204268,-1569.7713026842393,-2274.9436873442173,-2775.7633874325347,500.8197000883174,44.68516448960858,39.77574407031282,31.513390745059656,-0.0441157084549858
2025-12-31,3.48,87508.828125,89080.2890625,87130.5625,88429.5859375,33830210616.0,-0.01047309934929963,6.260227815749643e-09,7.504458447779482e-08,2.59774988001205e-07,88430.1328125,87138.140625,87301.4296875,87414.0,91350.203125,87692.3671875,665.2637775635158,88430.1328125,87598.0984375,500.0040238057374,88430.1328125,89052.9859375,2437.9186243507434,93527.8046875,87811.00875248676,89279.28002231152,-1468.2712698247633,-2157.257069221785,-2652.062123790385,494.8050545686001,42.775721512907516,33.69742729402329,33.35073772779992,-0.030592370337284347
2026-01-02,3.47,89944.6953125,90884.4609375,88298.6171875,88733.0625,46398906171.0,0.01357457013019392,1.321396106990607e-08,6.523249488540706e-08,2.5706331876874817e-07,87508.828125,88430.1328125,87138.140625,87611.9609375,93527.8046875,88627.88541666667,1229.9153662452125,89944.6953125,88064.6453125,1163.8310538132143,89944.6953125,88873.83046875,2213.0558330604877,92691.7109375,88237.74606448942,89339.77232141956,-1102.0262569301412,-1846.1541361432755,-2490.8805262609635,644.726390117688,48.982898400526345,66.27329782204313,46.582156395459776,0.04078827800203433
2026-01-05,3.47,93882.5546875,94762.0703125,91414.625,91414.625,53376407252.0,0.026651498381363936,6.599538896099796e-08,7.827318683970675e-08,2.638268384668493e-07,89944.6953125,87508.828125,88430.1328125,87301.4296875,92141.625,90445.359375,3216.2238651855455,93882.5546875,89380.8703125,2739.5866950884965,93882.5546875,88960.876953125,2376.552142969471,93882.5546875,89366.70778909154,89752.75253651777,-386.0447474262328,-1267.2424961399665,-2246.152920236764,978.9104240967977,57.08682855019304,91.48231402507534,63.81767971371395,0.06874199019390725
2026-01-06,3.48,93729.03125,94395.296875,91286.546875,93876.9453125,52430605257.0,-0.0016366097114985934,5.988376958532093e-08,5.4696260385099386e-08,2.636143669460523e-07,93882.5546875,89944.6953125,87508.828125,87138.140625,89387.7578125,92518.76041666667,2230.5270076446386,93882.5546875,90699.0484375,2966.902436914977,93882.5546875,89177.940625,2604.8814202181193,93882.5546875,90239.17248127324,90114.23241956161,124.94006171163346,-811.4846194007259,-1959.2192600695566,1147.7346406688307,56.7086227597161,89.99551334382994,82.58370839698283,0.08805366320343322
2026-01-07,3.48,91308.0546875,93738.7890625,90601.8046875,93727.46875,43461295053.0,-0.026168967250152164,1.1448078590125001e-07,7.17047059228588e-08,2.69180233446075e-07,93729.03125,93882.5546875,89944.6953125,88430.1328125,90640.203125,92973.21354166667,1444.111446070892,93882.5546875,91274.6328125,2682.1849263304603,93882.5546875,89211.333203125,2628.784090245519,93882.5546875,90452.9489225186,90222.76171664691,230.18720587168355,-638.2880073468987,-1695.0330095250251,1056.7450021781265,50.973564383621,66.54951929224323,82.67578222038286,0.06839896259333744
2026-01-08,3.48,91027.125,91485.8515625,89233.875,91309.640625,42386697030.0,-0.003081466892755458,1.0132254165501603e-07,5.9149268614246914e-08,2.6228407633943565e-07,91308.0546875,93729.03125,93882.5546875,87508.828125,92691.7109375,92021.40364583333,1485.5047620973749,93729.03125,91978.2921875,1745.0470272217567,93882.5546875,89128.10390625,2537.561390783741,93882.5546875,90567.78413801487,90295.88565149718,271.8984865176899,-517.7290640585998,-1459.57222043174,941.8431563731403,50.3373972427287,63.82885033407808,73.45796099005044,0.03318535672713341
2026-01-09,3.52,90513.1015625,91910.671875,89625.3828125,91026.2734375,38305906684.0,-0.005662930149506806,8.287027921222439e-08,5.8647388187920526e-08,2.4546225231002406e-07,91027.125,91308.0546875,93729.03125,89944.6953125,92020.9453125,90949.42708333333,403.13191690541856,91308.0546875,92091.9734375,1591.179334128641,93882.5546875,89052.71171875,2468.5510974670774,93882.5546875,90556.8476229119,90315.63255249744,241.21507041445875,-458.37872385770606,-1259.3335211169333,800.9547972592272,49.12920529175279,55.989331296266926,62.122566974196104,0.022862307382488956
2026-01-12,3.53,91192.9921875,92395.5234375,90055.0234375,90825.859375,41346275358.0,0.004016380962680088,2.2212258103557146e-08,5.835430087132128e-08,2.44963468803495e-07,90513.1015625,91027.125,91308.0546875,93882.5546875,92511.3359375,90911.07291666667,354.49101543690955,91192.9921875,91554.0609375,1253.2600967228439,93729.03125,88986.79453125,2387.610161487649,93882.5546875,90684.07653582952,90395.39251931585,288.6840165136673,-352.4191912346869,-1077.950655140484,725.5314639057972,50.810928888563986,57.257949075395175,59.02537690191341,0.043230972012492375
2026-01-13,3.51,95321.78125,96011.625,90941.9296875,91185.3359375,54980674354.0,0.04428028503147807,2.923032921978478e-07,9.58140987186852e-08,2.63671311621177e-07,91192.9921875,90513.1015625,91027.125,93729.03125,90270.4140625,92342.625,2602.324304718098,95321.78125,91872.6109375,1951.9537302802414,95321.78125,89239.362890625,2767.494834152254,95321.78125,91611.61747866363,90843.24604028714,768.3714383764891,63.975800179177895,-849.5653640765518,913.5411642557297,59.55509238940614,92.81399894854889,68.68709310673701,0.08799963189957571
2026-01-14,3.5,96929.328125,97860.6015625,94583.046875,95322.90625,60592490863.0,0.016723797821878605,2.112550649124014e-07,9.199354301554622e-08,2.5741812972978794e-07,95321.78125,91192.9921875,90513.1015625,91308.0546875,86419.78125,94481.3671875,2959.072379023464,96929.328125,92996.865625,2922.8588489582853,96929.328125,89764.840234375,3172.119674735089,96929.328125,92675.15960793091,91396.52622980649,1278.6333781244175,517.7194809145003,-576.1083950783413,1093.8278759928417,62.36063921027485,91.86575836587744,80.64590212994052,0.11028339938948961
2026-01-15,3.54,95551.1875,97150.171875,95103.2421875,96931.2890625,53086363027.0,-0.014320038274755476,2.487401205409059e-07,9.011907489777776e-08,2.578591862701108e-07,96929.328125,95321.78125,91192.9921875,91027.125,87843.984375,95934.09895833333,869.4927415010718,96929.328125,93901.678125,2860.2302885555328,96929.328125,90150.200390625,3387.333991515109,96929.328125,93250.36518634473,91774.222708915,1476.1424774297338,757.3795856967045,-309.4107989233322,1066.7903846200365,58.607282581597225,79.4398211099944,88.03985947480693,0.09654838644314934
2026-01-16,3.55,95525.1171875,95801.890625,94259.2734375,95554.1015625,33248170537.0,-0.00027287855188973253,2.423983469115505e-07,7.90183854347456e-08,2.5514478501880295e-07,95551.1875,96929.328125,95321.78125,90513.1015625,86143.7578125,96001.87760416667,803.3014793614194,96929.328125,94904.08125,2170.9855111768693,96929.328125,90619.268359375,3452.262820747344,96929.328125,93705.31558657579,92115.21311605908,1590.1024705167074,934.4366846206976,-60.64130221452625,995.0779868352239,58.53550876249108,79.04020574031175,83.44859507206122,0.080232655423504
2026-01-20,3.53,88310.90625,92798.4296875,87814.9296875,92553.6015625,53072968031.0,-0.04692425505482234,8.639526741369203e-07,1.505784656538961e-07,2.6217819704050666e-07,95525.1171875,95551.1875,96929.328125,91192.9921875,85462.5078125,93129.0703125,4172.672838262498,95551.1875,94327.6640625,3423.7845668043415,96929.328125,90761.68828125,3282.9298587664725,96929.328125,92626.43371926063,91769.36703732643,857.0666819342005,487.0151724144671,48.88999271127241,438.1251797031947,42.88450607414398,14.16046409884221,57.5468303163828,0.009165682390973151
2026-01-21,3.53,89376.9609375,90430.40625,87231.5703125,88326.5078125,56330422434.0,0.011999327760149114,3.2051290345565724e-07,1.2175546619811565e-07,2.5459809237523367e-07,88310.90625,95525.1171875,95551.1875,95321.78125,88103.3828125,91070.99479166667,3894.036836880657,95525.1171875,93138.7,3979.3912153547335,96929.328125,90825.3671875,3240.7335303775044,96929.328125,91976.5391629085,91551.87557370584,424.66358920266794,215.96262171254784,82.3045185115275,133.65810320102034,45.2155754750942,20.935603537091037,38.04542445874836,-0.0063120384479317115
2026-01-22,3.53,89462.453125,90258.9609375,88438.4453125,89378.5234375,35549685694.0,0.0009560777691035582,2.604921587444443e-07,1.2171014992071108e-07,2.523038729450396e-07,89376.9609375,88310.90625,95525.1171875,96929.328125,88490.015625,89050.10677083333,641.591993428365,89462.453125,91645.325,3582.502715635779,95551.1875,90873.9890625,3211.009913030862,96929.328125,91473.72195532681,91361.92807836895,111.79387695786136,7.958289291244,67.43527266747081,-59.47698337622681,45.408000652454014,20.988580803165856,18.694882813033058,-0.04708118113330928
2026-01-23,3.53,89503.875,91100.25,88486.359375,89462.046875,38997586037.0,0.000462901330921639,2.2034995482084563e-07,1.165516778984924e-07,2.5203376969780896e-07,89462.453125,89376.9609375,88310.90625,95551.1875,87414.0,89447.76302083333,64.71973567377155,89503.875,90435.8625,2887.6180222292824,95525.1171875,90978.4828125,3125.3498155863485,96929.328125,91079.75256426145,91193.01416215359,-113.26159789213852,-151.79445165753714,23.589327802469224,-175.38377946000637,45.50786870782296,21.37828588564927,21.10082340863541,-0.045078415872350064
2026-01-26,3.52,88267.140625,88743.0703125,86429.2890625,86566.5234375,45329286974.0,0.019388940551312572,2.9657368423627845e-07,1.29554902464641e-07,2.544104948742892e-07,89503.875,89462.453125,89376.9609375,95525.1171875,87611.9609375,89077.82291666667,702.3768763625905,89503.875,88984.2671875,636.5037136019624,89503.875,91011.241796875,3091.455642723779,96929.328125,90517.23017640917,90927.02565877598,-409.7954823668115,-373.8838774532196,-55.90531324866855,-317.97856420455105,42.97977541182966,16.077345121131103,19.481403936648764,-0.03330389715241955
2026-01-27,3.5,89102.5703125,89427.125,87228.921875,88257.4765625,38744942267.0,0.009420276564581442,1.4873502789825243e-08,1.3274745533447166e-07,2.413497006471378e-07,88267.140625,89503.875,89462.453125,88310.90625,87301.4296875,88957.86197916667,630.938471547778,89503.875,89142.6,513.7563112457713,89503.875,91101.298828125,3002.6565202946836,96929.328125,90234.29820362735,90761.1660818418,-526.8678782144561,-476.9808157267107,-140.120413744277,-336.8604019824337,45.19464299557001,23.385602047009037,20.280411017929826,-0.021142650473691238
2026-01-28,3.52,89184.5703125,90439.2890625,88721.4609375,89104.046875,39807419296.0,0.0009198645005419337,8.71038210458652e-09,1.3047093524950277e-07,2.3829253243475398e-07,89102.5703125,88267.140625,89503.875,89376.9609375,87138.140625,88851.42708333333,507.66524309242266,89184.5703125,89104.121875,498.80252028416515,89503.875,91203.6203125,2893.3754548770535,96929.328125,90024.35262540188,90617.83919371982,-593.4865683179378,-545.7777808614919,-221.25188716771999,-324.52589369377193,45.41874769869419,24.10293000038272,21.18862572284098,-0.014677778432801158
2026-01-29,3.5,84561.5859375,89200.78125,83250.6015625,89169.8515625,64653083162.0,-0.05322794950408394,4.3532222733020673e-07,2.4210062303063974e-07,2.665289884377759e-07,89184.5703125,89102.5703125,88267.140625,89462.453125,88430.1328125,87616.2421875,2645.727613388868,89184.5703125,88123.9484375,2043.143866558163,89503.875,91010.19296875,3201.454553584204,96929.328125,88931.79928782152,90067.27071588165,-1135.471428060133,-962.2439255584177,-369.45029484585956,-592.7936307125581,36.38540594546794,8.97319900752909,18.820577018306974,-0.07271837551250981
2026-01-30,3.48,84128.65625,84602.1640625,81071.4765625,84562.7265625,72083816087.0,-0.005132847429548448,4.4224614940725406e-07,2.3801736401053802e-07,2.659672962835487e-07,84561.5859375,89184.5703125,89102.5703125,89503.875,87508.828125,85958.27083333333,2802.4298877105457,89184.5703125,87048.9046875,2498.865465633962,89184.5703125,90841.184375,3473.6726178336908,96929.328125,87971.17068025722,89527.39667352877,-1556.2259932715533,-1312.1050233915157,-557.9812405549908,-754.1237828365249,35.66992978847375,18.209285400519683,17.095138136143856,-0.11742463110969192
2026-02-02,3.49,78688.765625,79258.609375,74551.3359375,76968.875,75140589684.0,0.022026908157821268,4.7178577438336895e-07,2.529245223638004e-07,2.7099074608919196e-07,84128.65625,84561.5859375,89184.5703125,88267.140625,89944.6953125,82459.66927083333,3272.8646104291165,84561.5859375,85133.2296875,4331.168643626944,89184.5703125,90278.387890625,4411.73327223483,96929.328125,86114.68966920578,88542.06657820797,-2427.376909002196,-2005.2113462135603,-847.4272616867048,-1157.7840845268556,28.173339813637185,17.75015032246431,14.977544910171053,-0.1881841425381282
2026-02-03,3.49,75633.546875,79118.8515625,72897.140625,78693.5078125,68249110822.0,-0.039600469374978076,9.6581279107924e-07,2.97909385331356e-07,2.8686095777529926e-07,78688.765625,84128.65625,84561.5859375,89102.5703125,93882.5546875,79483.65625,4302.976778067499,84128.65625,82439.425,5320.748945096845,89184.5703125,89365.9375,5402.896175628158,96929.328125,84018.46111036463,87368.56478700724,-3350.1036766426114,-2769.113108011865,-1231.7644309517368,-1537.348677060128,24.99596637121563,10.961646130923228,15.6403606179691,-0.20844995385326848
2026-02-04,3.49,73019.703125,76864.65625,71779.9296875,75640.09375,67215363944.0,-0.035170615941758854,1.5128580890629825e-06,3.690871679651153e-07,3.0000781457809565e-07,75633.546875,78688.765625,84128.65625,89184.5703125,93729.03125,75780.671875,2837.393474907134,78688.765625,79206.4515625,5104.2890304308485,84561.5859375,88330.47109375,6412.7891633147765,96929.328125,81818.70951329172,86064.12281773385,-4245.413304442132,-3544.5665469363303,-1694.3248541486555,-1850.2416927876748,22.643146400777653,4.886722910792079,11.199506454726562,-0.23559682233444001
2026-02-05,3.44,62702.09765625,73161.5546875,62353.53515625,73016.375,125509410908.0,-0.1523344080304465,2.8137661001218897e-05,3.0052763778198784e-06,6.008751227075766e-07,73019.703125,75633.546875,78688.765625,84561.5859375,91308.0546875,70451.78255208333,6837.489069525759,75633.546875,74834.55390625,7942.982030219014,84128.65625,86900.1732421875,8548.271337466003,96929.328125,77995.38714188337,83940.30234850805,-5944.915206624675,-4934.778463293827,-2342.41557597769,-2592.3628873161374,16.172156957667042,1.042091591993674,5.6301535445696835,-0.2899846653283552
2026-02-06,3.45,70555.390625,71681.3046875,60074.203125,62704.453125,114674259489.0,0.1180031814334761,6.535389119251677e-05,5.901673726499039e-06,8.327995530221968e-07,62702.09765625,73019.703125,75633.546875,84128.65625,91027.125,68759.06380208333,5388.259291574842,73019.703125,72119.90078125,6071.4093544181815,78688.765625,85876.5865234375,9226.824471973816,96929.328125,76507.38783850671,82723.4921918255,-6216.104353318791,-5341.26552887827,-2942.185566557806,-2399.079962320464,32.08231093444343,32.0288318502562,12.65254878434734,-0.21058637612059383
2026-02-09,3.43,70120.78125,71369.96875,68291.03125,70243.328125,52081598792.0,-0.002050715421969329,6.380781659655671e-05,5.8949067247281116e-06,8.323960927787389e-07,70555.390625,62702.09765625,73019.703125,78688.765625,90513.1015625,67792.75651041667,4413.992184444688,70555.390625,70406.30390625,4837.676831661767,75633.546875,84856.9705078125,9796.635562693331,96929.328125,75230.06652080537,81577.79119711409,-6347.724676308717,-5633.538871955781,-3480.4562276374013,-2153.08264431838,31.723472637120793,32.38110921921954,21.81734422048983,-0.2161987649497511
2026-02-10,3.4,68793.9609375,70464.265625,67913.09375,70137.390625,40593063077.0,-0.019103237589897404,6.002107268324716e-05,5.979898106321779e-06,8.390665049235056e-07,70120.78125,70555.390625,62702.09765625,75633.546875,91192.9921875,69823.37760416667,917.6030364040861,70555.390625,69038.38671875,3857.8511552945456,73019.703125,83737.0189453125,10301.498547860523,96929.328125,73942.8454041443,80415.62480987643,-6472.77940573213,-5904.171301039809,-3965.199242317883,-1938.9720587219258,30.59827754799437,28.104636880201966,30.838192649892594,-0.2313856697545218
2026-02-11,3.47,66991.96875,69242.6796875,65757.3046875,68791.859375,49671946030.0,-0.026543221212374846,5.838244938677941e-05,5.676653937456058e-06,8.493495769576991e-07,68793.9609375,70120.78125,70555.390625,73019.703125,95321.78125,68635.5703125,1570.408420636229,70120.78125,67832.83984375,3185.9963897761236,70555.390625,82320.5283203125,10568.965614061413,96929.328125,72552.67007331544,79195.29244079675,-6642.622367481308,-6192.669916549625,-4410.693377164232,-1781.9765393853932,29.08922377837567,22.29663886240744,27.594128320609673,-0.24103161974382803
2026-02-12,3.45,66221.84375,68339.4921875,65092.109375,66992.1953125,44651071271.0,-0.011562368274834256,9.159243318537746e-06,5.641922362037798e-06,8.516251038657108e-07,66991.96875,68793.9609375,70120.78125,62702.09765625,96929.328125,67335.92447916667,1320.1044899091726,68793.9609375,68536.7890625,1897.0610486524786,70555.390625,80785.1541015625,10565.486967136683,95551.1875,71286.50480865236,78015.88801436068,-6729.38320570832,-6409.564331361602,-4810.467568003706,-1599.0967633578957,28.443591595564754,20.245754079713773,23.549009940774415,-0.2567908701427226
2026-02-13,3.42,68857.84375,69382.8359375,65835.78125,66213.375,40820775886.0,0.039033769357155634,2.9833558108663916e-07,5.959465719814064e-06,8.793637263921822e-07,66221.84375,66991.96875,68793.9609375,70555.390625,95551.1875,67357.21875,1355.426011213893,68857.84375,68197.2796875,1569.024637707419,70120.78125,79450.4869140625,10284.272719655855,95525.1171875,70800.77259692189,77183.33853578243,-6382.565938860542,-6296.173182495069,-5107.60869090198,-1188.5644915930898,33.85509922062185,28.926776769475428,23.82305657053224,-0.22791752532165344
2026-02-17,3.48,67494.21875,69201.8671875,66615.28125,68843.09375,34866936040.0,-0.01978887330028556,3.8897656666954875e-07,6.05542810955075e-06,8.838106115916176e-07,68857.84375,66221.84375,66991.96875,70120.78125,95525.1171875,67524.63541666667,1318.2632059678135,68857.84375,67671.9671875,1146.9550517074322,68857.84375,78048.9419921875,9880.419468762917,89503.875,70139.46182753751,76302.50946434766,-6163.047636810152,-6244.3619042378705,-5334.959333569158,-909.4025706687125,32.4864074385295,24.436010621779587,24.536180490322952,-0.20183357488250753
2026-02-18,3.49,66425.3203125,68434.4296875,65845.8984375,67488.0234375,33094301643.0,-0.01596363226021502,3.619955170886626e-07,5.585780283892868e-06,8.791483442942279e-07,67494.21875,68857.84375,66221.84375,68793.9609375,88310.90625,67592.4609375,1219.2338635596095,68857.84375,67198.2390625,1052.9945793280376,68857.84375,76954.6626953125,9895.992850984434,89503.875,69396.63352453001,75404.58317781605,-6007.949653286036,-6217.8764544154255,-5511.542757738412,-706.3336966770139,31.414307597916647,21.80522943767532,25.056005609643467,-0.21043169743365542
2026-02-19,3.5,66957.5234375,67277.125,65637.4296875,66425.625,31492987019.0,0.007980125994704323,2.2419145104887348e-07,5.566817753546407e-06,8.795426241736397e-07,66425.3203125,67494.21875,68857.84375,66991.96875,89376.9609375,66959.02083333333,534.4507919990356,67494.21875,67191.35,1054.7925875221365,68857.84375,75833.6908203125,9682.269624256985,89503.875,68908.81150712402,74636.66865596913,-5727.8571488451125,-6083.811804789104,-5625.996567148551,-457.8152376405533,32.60685305527083,28.06315751251999,24.768132523991653,-0.1490840794657592
2026-02-20,3.51,68005.421875,68269.03125,66452.484375,66958.578125,47507867304.0,0.01552899565663246,2.450060574401699e-07,5.623643480408312e-06,8.815152900389301e-07,66957.5234375,66425.3203125,67494.21875,66221.84375,89462.453125,67129.421875,803.9540046328143,68005.421875,67548.065625,940.3310685667864,68857.84375,74760.8392578125,9272.764249413081,89503.875,68728.13358069921,74033.8280395174,-5305.69445881818,-5825.851171978866,-5665.967488114614,-159.8836838642519,35.00325401812384,41.34200791332805,30.403464954507808,-0.10085637015816606
2026-02-23,3.5,64616.73828125,67668.4296875,63924.4375,67668.4296875,50953457309.0,-0.0460126731356425,3.7661179963760426e-07,6.136865855292483e-06,8.934897543660027e-07,68005.421875,66957.5234375,66425.3203125,68857.84375,89503.875,66526.56119791667,1734.9612282693295,68005.421875,66699.84453125,1305.4363460279765,68005.421875,73516.482421875,8850.442102258172,89184.5703125,67905.85452080937,73177.728970584,-5271.874449774623,-5827.676134697584,-5698.309217431208,-129.36691726637582,31.14628213479415,23.852029462016684,31.08573162928826,-0.11507804721371218
2026-02-24,3.52,64080.04296875,64992.15625,62553.1875,64616.015625,40849331086.0,-0.008340510438744175,3.01708491024043e-07,6.061205158555926e-06,8.941092588371775e-07,64616.73828125,68005.421875,66957.5234375,67494.21875,88267.140625,65567.40104166667,2128.3725361037245,68005.421875,66017.009375,1636.8923902116655,68005.421875,72307.1275390625,8368.140930993719,89184.5703125,67140.6922103975,72350.6666067809,-5209.974396383404,-5805.506986432214,-5719.74877123141,-85.75821520080444,30.571716895510363,23.85784239369657,29.68395992301379,0.021976064023476072
2026-02-25,3.53,67960.125,69953.53125,63942.484375,64077.76953125,53629234355.0,0.05878816281087218,1.4149627822043044e-06,6.91856656176404e-06,9.527505290187867e-07,64080.04296875,64616.73828125,68005.421875,66425.3203125,89102.5703125,65552.30208333333,2102.4316548068696,67960.125,66323.9703125,1861.1503306566926,68005.421875,71250.0052734375,7416.018415379357,89184.5703125,67304.578768318,71951.52646070991,-4646.947692391914,-5412.456158529923,-5658.2902486911125,245.83409016118912,39.29105659231557,60.256055912764054,35.98864258949246,-0.03678337830760181
2026-02-26,3.52,67453.7734375,68843.3515625,66523.734375,67954.8671875,42988597523.0,-0.007478610812400532,1.411276339901318e-06,6.9330628447203186e-06,9.536652412601872e-07,67960.125,64080.04296875,64616.73828125,66957.5234375,89184.5703125,66497.98046875,2109.2449577138755,67960.125,66423.2203125,1915.8115081980643,68005.421875,70163.4654296875,6130.598966093896,84561.5859375,67334.4177021544,71542.63982223628,-4208.222120081875,-5083.222658366809,-5543.276730626252,460.0540722594433,38.6095996799984,63.57806272964625,49.23065367870231,-0.03803448514059449
2026-02-27,3.48,65881.796875,68220.40625,64946.03515625,67456.515625,40283655942.0,-0.02358034539975762,1.5648711984307113e-06,6.346428573129724e-06,9.341851511925492e-07,67453.7734375,67960.125,64080.04296875,68005.421875,84561.5859375,67098.56510416667,1083.7396683907687,67960.125,65998.4953125,1700.6730921864753,67960.125,69229.4759765625,5169.142835702969,84128.65625,67043.89353672352,71028.01773612389,-3984.124199400365,-4892.747560280419,-5413.170896557086,520.4233362766672,36.49348763515757,37.753112849431304,53.862410497280564,-0.042331681775755414
2026-03-02,3.54,68775.8515625,70044.0,65303.13671875,65734.078125,56698092052.0,0.0451739987422588,1.526838174428358e-06,6.864028474479467e-06,9.683640889885375e-07,65881.796875,67453.7734375,67960.125,64616.73828125,84128.65625,67370.47395833333,1448.8244324218117,68775.8515625,66830.31796875,1865.0714768273401,68775.8515625,68461.8357421875,3798.3063203575934,78688.765625,67390.28514187882,70823.27535670354,-3432.99021482472,-4456.892365223801,-5221.91519029043,765.0228250666287,42.71802003420491,78.65759842309735,59.99625800072499,0.02662830852392295
2026-03-03,3.55,68293.6484375,69232.890625,66237.6171875,68785.078125,47947999049.0,-0.007035921401254086,1.5169394286641258e-06,6.750357818131676e-06,9.659878445507102e-07,68775.8515625,65881.796875,67453.7734375,64080.04296875,78688.765625,67650.43229166667,1550.542934347774,68775.8515625,67673.0390625,1111.350049555809,68775.8515625,67942.0798828125,2939.304932485147,75633.546875,67570.95780100305,70593.30927313957,-3022.351472136521,-4103.085924763771,-4998.149337185098,895.0634124213275,41.97971484053464,76.63335502657422,64.34802209970098,0.0312858200584305
2026-03-04,3.58,72710.578125,74051.8046875,67437.40625,68290.5625,75073101274.0,0.06267011054362293,1.7581165742504494e-06,7.377266306589361e-06,1.0426980625762216e-06,68293.6484375,68775.8515625,65881.796875,67960.125,75633.546875,69926.69270833333,2422.941079202487,72710.578125,68623.1296875,2535.814278625777,72710.578125,67795.9314453125,2588.4712000335508,73019.703125,68598.88186580244,70785.78825967234,-2186.9063938698964,-3426.7806652892323,-4683.875602805925,1257.0949375166929,50.430789840923815,88.33575776435075,81.20890373800746,0.05595200437858616
2026-03-05,3.59,70841.125,73555.7890625,70654.8828125,72712.65625,51172841727.0,-0.026047184090687736,2.1037910438727094e-06,7.226346821581148e-06,1.0418660425973776e-06,72710.578125,68293.6484375,68775.8515625,67453.7734375,73019.703125,70615.1171875,2217.1212448945844,72710.578125,69300.6,2597.050984674403,72710.578125,67687.0025390625,2395.7372561140805,72710.578125,69047.33049264195,70790.8188724294,-1743.48837978745,-3006.9904045580333,-4348.498563156347,1341.5081585983135,47.291075982642916,72.07768868946877,79.0156004934646,0.049588043420385475
2026-03-06,3.55,68136.4921875,71378.5703125,67757.8203125,70842.15625,43776962871.0,-0.03892676222985436,2.6971399122346738e-06,2.57173366300663e-06,1.0680249107035794e-06,70841.125,72710.578125,68293.6484375,65881.796875,62702.09765625,70562.73177083333,2299.7157723169053,72710.578125,69751.5390625,1976.6700071815853,72710.578125,67958.722265625,2089.166480273007,72710.578125,68865.16283161356,70549.51644652673,-1684.3536149131687,-2859.5813886910473,-4050.715128263287,1191.1337395722398,43.109449893000026,48.55631417636496,69.65658687672817,0.02576083738775714
2026-03-09,3.56,68402.3828125,69474.9453125,65858.0078125,65969.5859375,49499875378.0,0.03621088313367338,2.2392270977634367e-06,9.467026106939389e-07,1.0915095897450637e-06,68136.4921875,70841.125,72710.578125,68775.8515625,70555.390625,69126.66666666667,1490.7045276203598,70841.125,69676.8453125,2029.1166783219664,72710.578125,67851.071875,2001.9739080778957,72710.578125,68772.60682779085,70354.32247979702,-1581.715652006169,-2690.291524251763,-3778.6304074609825,1088.3388832092196,43.637091209458774,50.86868461764764,57.16756249449381,0.021578745760342688
2026-03-10,3.56,69926.921875,71770.8984375,68402.71875,68402.71875,54003996096.0,0.0220430630536832,2.5080525149652572e-06,9.941505767743692e-07,9.946229880677405e-07,68402.3828125,68136.4921875,70841.125,68293.6484375,70120.78125,68821.93229166667,966.1397106899989,69926.921875,70003.5,1876.5024809969564,72710.578125,67841.37890625,1990.8446309430717,72710.578125,69003.46983723268,70315.46787936092,-1311.998042128238,-2405.382770497323,-3503.980880068251,1098.598109570928,46.69009129078841,64.12714028792864,54.51737969398042,0.028255100064402017
2026-03-11,3.6,70204.8828125,71337.6640625,68998.8671875,69931.25,45236859848.0,0.003967140831024452,6.421174314377506e-07,9.596381518740822e-07,9.878617449521737e-07,69926.921875,68402.3828125,68136.4921875,72710.578125,68793.9609375,69511.39583333333,970.4370051566384,70204.8828125,69502.3609375,1177.0330822932438,70841.125,67911.925,2050.481172134375,72710.578125,69243.75243228614,70305.41469146447,-1061.6622591783234,-2132.5783698863233,-3229.7003780318655,1097.1220081455422,47.251109096084626,66.5444825906376,60.51343583207131,0.08648137742464046
2026-03-12,3.66,70493.4609375,70775.828125,69230.15625,70209.765625,40871848129.0,0.00410208851035776,4.475564080837667e-07,8.934511546399582e-07,9.795617955860948e-07,70204.8828125,69926.921875,68402.3828125,70841.125,66991.96875,70208.421875,283.2861116558568,70493.4609375,69432.828125,1084.8321808163028,70493.4609375,68086.999609375,2116.227696758258,72710.578125,69493.69413332891,70322.50980474042,-828.815671411503,-1871.5193637678894,-2958.0641751790704,1086.544811411181,47.86454081987916,69.05415936563024,66.5752607480655,0.10008448296262284
2026-03-13,3.66,70968.265625,73927.328125,70410.7265625,70497.046875,61167226505.0,0.006712861238543866,1.405878817452533e-07,8.850936496957304e-07,9.693410742421395e-07,70493.4609375,70204.8828125,69926.921875,68136.4921875,66221.84375,70555.53645833333,385.4586324368605,70968.265625,69999.1828125,972.2058340990285,70968.265625,68324.320703125,2161.7054070226795,72710.578125,69788.60843166313,70381.21487930947,-592.6064476463362,-1607.7819410110824,-2688.007728345473,1080.2257873343906,48.91714320623082,73.18339229649217,69.59401141758669,0.044263318011848796
2026-03-16,3.64,74861.0859375,74901.859375,72300.6328125,72798.171875,55572438409.0,0.02805680610892658,7.297657485603796e-08,8.171646897413148e-07,9.798226185870872e-07,70968.265625,70493.4609375,70204.8828125,68402.3828125,68857.84375,72107.60416666667,2396.373566360522,74861.0859375,71290.9234375,2032.6152661615886,74861.0859375,68624.4828125,2609.992358508378,74861.0859375,70803.1039328305,70788.47588459951,14.628048230995773,-1072.2893832556147,-2364.8640593275013,1292.5746760718866,56.64568438837495,99.62795836897634,80.62183667703293,0.10981316718868706
2026-03-17,3.63,73922.4765625,75988.3984375,73444.2265625,74855.296875,49500721728.0,-0.012617278563277878,4.194368962034786e-08,7.962910756565565e-07,9.76889631792062e-07,74861.0859375,70968.265625,70493.4609375,69926.921875,67494.21875,73250.609375,2031.5183077152685,74861.0859375,72090.034375,2144.63163596728,74861.0859375,68945.895703125,2848.399902778604,74861.0859375,71426.97845876441,71073.38503713591,353.593421628495,-715.3989319286193,-2034.971033847725,1319.5721019191058,54.50447223148426,81.29094449819499,84.70076505455452,0.12204706108359309
2026-03-18,3.68,71245.578125,74658.9765625,70503.859375,73936.8515625,46229011155.0,-0.03688417423341761,2.2443186769994555e-07,8.980057787198978e-07,9.965298550845429e-07,73922.4765625,74861.0859375,70968.265625,70204.8828125,66425.3203125,73343.046875,1876.1072084582956,74861.0859375,72298.1734375,1958.3462419757857,74861.0859375,69186.90859375,2827.7548541624224,74861.0859375,71390.69839201153,71089.03895421447,301.6594377970614,-641.1729672772344,-1756.211420533627,1115.0384532563926,48.83484652080044,57.048865431249325,79.32258943280691,0.03590979255641269
2026-03-19,3.73,69912.7890625,71598.84375,68805.5234375,71250.3515625,44631433398.0,-0.018884161047628467,2.934381187798479e-07,9.259791891900279e-07,1.0025968328306006e-06,71245.578125,73922.4765625,74861.0859375,70493.4609375,66957.5234375,71693.61458333333,2042.0457788479796,73922.4765625,72182.0390625,2103.9317632350526,74861.0859375,69334.671875,2781.97031014308,74861.0859375,71095.11652610922,70982.10714587678,113.00938023244089,-682.031262438948,-1541.3753889146913,859.3441264757432,46.254992825435366,43.14028486229024,60.4933649305782,0.02370850967907767
2026-03-20,3.8,70522.5859375,71346.796875,69398.8828125,69911.53125,38299078407.0,0.008684431647449031,3.000526932772154e-07,9.100999862303096e-07,9.945446699251574e-07,69912.7890625,71245.578125,73922.4765625,70968.265625,68005.421875,70560.31770833333,667.1952009551082,71245.578125,72092.903125,2176.403460822413,74861.0859375,69460.530078125,2775.60089118074,74861.0859375,70980.61040838738,70940.3324905698,40.27791781758424,-657.6255462557892,-1364.625420382911,706.9998741271218,47.61848228767091,46.045392499363764,48.744847597634454,-0.03009180017436419
2026-03-23,3.76,70914.859375,71782.2578125,67458.84375,67843.0,51508669357.0,0.04425119303469849,6.114730158296385e-07,8.949949110000629e-07,1.0324380804135635e-06,70522.5859375,69912.7890625,71245.578125,74861.0859375,64616.73828125,70450.078125,504.9547157454612,70914.859375,71303.6578125,1545.7472524718125,73922.4765625,69775.4361328125,2544.805691083446,74861.0859375,70967.46020170991,70938.01675279072,29.443448919191724,-599.7174824797403,-1211.6438328022768,611.9263503225366,48.523201022586285,49.91763644356014,46.36777126840474,0.0010408413897999846
2026-03-24,3.81,70517.859375,71371.3046875,68920.6953125,70912.671875,40181522399.0,-0.005613991531696172,5.721888218494147e-07,8.913991049000552e-07,1.0328846365244602e-06,70914.859375,70522.5859375,69912.7890625,73922.4765625,64080.04296875,70651.76822916667,227.85587190183458,70914.859375,70622.734375,499.5803675181823,71245.578125,70097.326953125,2165.3503311462246,74861.0859375,70877.54003636794,70899.82062753702,-22.280591169081163,-579.1830452480353,-1085.1516752914285,505.9686300433932,47.62665644399881,45.99873524126815,47.32058806139738,0.03494995282332525
2026-03-25,3.77,71309.8828125,71985.7421875,70383.59375,70520.046875,35409791747.0,0.011168924480813303,2.5937849435357037e-07,6.046216139456358e-07,1.0332868994774294e-06,70517.859375,70914.859375,70522.5859375,71245.578125,67960.125,70914.20052083333,396.0121298064979,71309.8828125,70635.5953125,520.0321610525996,71309.8828125,70264.81484375,2120.42342753629,74861.0859375,70964.00859159435,70937.0990079882,26.909583606146043,-493.3130775280588,-966.7839557387547,473.4708782106959,49.6263262132621,53.81702642883033,49.91113270455289,0.042505829189749766
2026-03-26,3.83,68791.625,71410.390625,68118.3515625,71310.1171875,38962070215.0,-0.03595291880741591,4.851015473007159e-07,7.04606332801932e-07,1.0458428592589093e-06,71309.8828125,70517.859375,70914.859375,69912.7890625,67453.7734375,70206.45572916667,1287.6858217488539,71309.8828125,70411.3625,962.8226292326826,71309.8828125,70331.707421875,2046.904683929559,74861.0859375,70529.53187327548,70742.05591635291,-212.52404307742836,-621.3008989437076,-897.6873443797454,276.3864454360378,43.88852140267756,28.95857915153198,42.92478027387684,-0.016235476187975717
2026-03-27,3.77,66338.375,69117.53125,65532.5703125,68790.8359375,46483453594.0,-0.03631346968520788,8.932935178611621e-07,7.700766141522525e-07,1.0676732147930727e-06,68791.625,71309.8828125,70517.859375,70522.5859375,65881.796875,68813.29427083333,2485.8247424971537,71309.8828125,69574.5203125,2048.379966562487,71309.8828125,70354.536328125,1996.5909590040822,74861.0859375,69691.30049862039,70341.72128759355,-650.4207889731624,-910.1967601788347,-900.1892275395633,-10.007532639271403,39.14075694011381,7.706751467856593,30.160785682739654,-0.055074628111359325
2026-03-30,3.71,66691.4453125,68087.2890625,65759.8046875,65958.3515625,37694994180.0,0.011105181731210223,3.3428454698304116e-07,6.11010861640711e-07,1.0674978241386812e-06,66338.375,68791.625,71309.8828125,70914.859375,68775.8515625,67273.81510416667,1326.263481103803,68791.625,68729.8375,2221.013807597512,71309.8828125,70250.316015625,2133.0714995634025,74861.0859375,69091.32946139631,70009.8780171305,-918.548555734189,-1098.0019056174206,-939.7517631551348,-158.2501424622858,40.14432680775079,11.08353146346311,15.916287360950578,-0.053934302195360995
2026-03-31,3.68,68233.3125,68495.2734375,65950.4375,66694.5859375,42997691338.0,0.022856210162577995,4.574511431517107e-07,6.485353822513618e-07,1.0490239226813385e-06,66691.4453125,66338.375,68791.625,70517.859375,68293.6484375,67087.7109375,1007.7037592438703,68233.3125,68272.928125,1983.5128748943887,71309.8828125,70247.29921875,2136.0250783595056,74861.0859375,68919.72606911705,69848.37206102772,-928.645991910671,-1109.631894572245,-973.7277894385569,-135.90410513368818,44.45215826911857,25.83001705089715,14.873433327405637,-0.03853769147257502
2026-04-01,3.68,68078.5546875,69230.359375,67555.359375,68232.890625,36465393617.0,-0.0022706442540201266,4.2566951914763274e-07,3.711217142673349e-07,1.0031499447966996e-06,68233.3125,66691.4453125,66338.375,71309.8828125,72710.578125,67667.77083333333,849.0560270709221,68233.3125,67626.6625,1056.371651986337,68791.625,70015.698046875,2105.7863562825096,74861.0859375,68751.49179279365,69687.4795725252,-935.9877797315567,-1118.4436841286079,-1002.6709683765671,-115.77271575204077,44.109018482070944,24.349906526413946,20.421151680258088,-0.09060156107891082
2026-04-02,3.68,66888.5703125,68633.1484375,65725.2578125,68077.8984375,39323384518.0,-0.01763414922887563,2.080305904832098e-07,3.490717815288006e-07,9.993315893244634e-07,68078.5546875,68233.3125,66691.4453125,68791.625,70841.125,67733.47916666667,735.7925821993,68233.3125,67246.0515625,855.4243523831489,68233.3125,69818.0703125,2207.2708937804064,74861.0859375,68378.90749673492,69433.03327615927,-1054.1257794243575,-1207.5292393750133,-1043.6426225762564,-163.8866167987569,41.458876658635695,12.968843632364127,21.049589069891763,-0.09515247022403217
2026-04-03,3.72,66931.1015625,67296.234375,66281.5390625,66889.015625,22815543346.0,0.0006356502125015595,3.703734889744292e-08,2.653058934862708e-07,9.866320906489117e-07,66888.5703125,68078.5546875,68233.3125,66338.375,68136.4921875,67299.40885416667,675.0951036760168,68078.5546875,67364.596875,730.0779231373342,68233.3125,69757.80078125,2271.135658618587,74861.0859375,68089.34630988794,69205.58493855387,-1116.2386286659312,-1260.1717913273314,-1086.9484563264714,-173.22333500086006,41.59394425521298,13.37561437774686,16.898121512174995,-0.06055781532055604
2026-04-06,3.72,68859.828125,70305.421875,68347.078125,68982.9140625,39542143229.0,-0.001771166793332668,2.8363037619707452e-08,2.0220668838097473e-07,9.785735914683587e-07,66931.1015625,66888.5703125,68078.5546875,66691.4453125,68402.3828125,67559.83333333333,1126.0293382399661,68859.828125,67798.2734375,862.3024057691971,68859.828125,69780.673046875,2259.038228373384,74861.0859375,68243.44267291036,69174.15250095807,-930.7098280477076,-1133.196494665157,-1096.1980639942085,-36.99843067094844,47.50855106763692,36.457480867674505,20.933979625928515,-0.015061063242072681
2026-04-07,3.68,71940.703125,72732.4296875,67740.5078125,68859.375,44650511480.0,0.04376925008865129,1.998818463039311e-07,2.716145325307737e-07,1.0138823472525996e-06,68859.828125,66931.1015625,66888.5703125,68233.3125,69926.921875,69243.87760416667,2526.785993230689,71940.703125,68539.7515625,2073.3895821030774,71940.703125,69881.362109375,2310.1993090176793,74861.0859375,68982.8947633283,69425.65710314369,-442.76233981539553,-775.0326981957624,-1031.9649908345193,256.93229263875696,55.296111068255854,89.00358296928542,46.27889273823561,0.02010869523072789
2026-04-08,3.69,71123.359375,72825.1875,70707.46875,71950.1484375,42444631703.0,-0.01142638659290185,2.229376843811938e-07,2.776317417481314e-07,1.013087903563359e-06,71940.703125,68859.828125,66931.1015625,68078.5546875,70204.8828125,70641.296875,1596.0062286331806,71940.703125,69148.7125,2334.7343045297034,71940.703125,69927.2859375,2326.043712570724,74861.0859375,69410.98768566264,69579.99367331245,-169.0059876498126,-550.7889665095281,-935.7297859695211,384.940819459993,53.047605430295164,76.66368491250248,67.37491624982083,0.0029401454340822752
2026-04-09,3.68,71767.828125,73107.265625,70486.359375,71120.5703125,38799581473.0,0.009020473987913391,1.8168387897251477e-07,2.8104291420766057e-07,1.0070608455492962e-06,71123.359375,71940.703125,68859.828125,66888.5703125,70493.4609375,71610.63020833333,430.7506125000764,71940.703125,70124.5640625,2167.604073638946,71940.703125,69991.004296875,2359.582350755274,74861.0859375,69882.35577353011,69778.88771437496,103.4680591551587,-317.41202326236817,-812.0662334280905,494.65421016572236,54.614704177396526,82.31694550420242,82.66140446199678,0.017725562872703104
2026-04-10,3.7,72979.046875,73440.1171875,71434.828125,71774.3671875,37722595732.0,0.0167360714535274,2.3249979634911289e-07,2.936409644293473e-07,9.535299724580703e-07,71767.828125,71123.359375,71940.703125,66931.1015625,70968.265625,71956.74479166667,942.1577121810855,72979.046875,71334.153125,1535.2825934968907,72979.046875,70091.543359375,2444.716593341134,74861.0859375,70501.6939938241,70069.81127443178,431.8827193923207,-34.32817002585216,-656.5186207476429,622.1904507217907,57.486607305594575,94.16923706190487,84.38328915953662,0.023407191214839695
2026-04-13,3.7,74484.640625,74896.3125,70588.5234375,70757.6171875,52278211554.0,0.051392257782232775,1.0196713051042549e-06,4.0269872661711603e-07,9.957980019914208e-07,72979.046875,71767.828125,71123.359375,68859.828125,74861.0859375,73077.171875,1361.0616910183219,74484.640625,72459.115625,1313.7688835539293,74484.640625,70072.72109375,2407.2240710916863,74484.640625,71298.28332005929,70471.15939721071,827.1239228485792,307.9567226241343,-463.6235520732875,771.5802746974218,60.80660232128795,95.60355393434949,90.6965788334856,0.08275739415953609
2026-04-14,3.71,74181.609375,76061.7578125,73877.203125,74478.3984375,53540826530.0,-0.004076670658996306,3.9685231115128996e-07,3.937018507367365e-07,9.944257673361875e-07,74484.640625,72979.046875,71767.828125,71940.703125,73922.4765625,73881.765625,796.3245825793102,74484.640625,72907.296875,1466.1050228371387,74484.640625,70085.677734375,2429.6286817051173,74484.640625,71874.94853104744,70808.47303155519,1066.475499492255,548.4457356960775,-261.20969451941454,809.6554302154921,59.79447070634438,82.14346133070572,90.63875077565338,0.11823072806652268
2026-04-15,3.7,74805.078125,75409.2734375,73549.203125,74182.0234375,38090174312.0,0.008369504683727769,3.8175025075601465e-07,3.168980293384311e-07,9.906679662133203e-07,74181.609375,74484.640625,72979.046875,71123.359375,71245.578125,74490.44270833333,311.7748685905629,74805.078125,73643.640625,1255.5861011971806,74805.078125,70263.652734375,2640.30185880605,74805.078125,72460.97444983796,71171.8007673229,1289.1736825150583,780.3483586362563,-52.89808388828038,833.2464425245366,61.22453392482176,88.0647990407617,88.60393810193898,0.12165927390659292
2026-04-16,3.69,75152.1328125,75506.5703125,73346.265625,74810.875,41312783855.0,0.004628724487071523,3.670792300736801e-07,2.9831001996327847e-07,9.332590317931932e-07,74805.078125,74181.609375,74484.640625,71767.828125,69912.7890625,74712.94010416667,491.77840217548277,75152.1328125,74320.5015625,832.4899895950017,75152.1328125,70525.619921875,2854.8599395834526,75152.1328125,72999.20612237036,71533.64913506627,1465.556987304095,980.8308632630506,153.84770554198582,826.9831577210648,62.034061232640035,91.19987423209017,87.13604486785255,0.10139944931590406
2026-04-17,3.64,77126.875,78320.6796875,74558.6015625,75164.0390625,54137194839.0,0.02593729657840349,4.684034849554608e-07,3.3182651147509773e-07,9.400438014041251e-07,75152.1328125,74805.078125,74181.609375,72979.046875,70522.5859375,75694.6953125,1252.3840193783738,77126.875,75150.0671875,1162.700938793506,77126.875,70855.834375,3213.8680410346064,77126.875,73824.73989789629,72042.1242136966,1782.6156841996853,1284.25578226395,379.92932088637866,904.3264613775714,66.34015745310273,90.52191582507037,89.92886303264076,0.13290999425640537
2026-04-20,3.65,75872.5234375,76575.359375,73775.5703125,73854.25,39674447916.0,0.026932597272258718,9.074566921973389e-08,2.6461114665557874e-07,9.486938098239295e-07,77126.875,75152.1328125,74805.078125,74484.640625,70914.859375,76050.51041666667,999.3303759705358,77126.875,75427.64375,1129.3140257610055,77126.875,71103.717578125,3404.2138861451194,77126.875,74234.29660581703,72390.34232495146,1843.9542808655679,1407.284231968195,585.400303102742,821.883928865453,61.56368019132441,80.56312623510279,87.42830543075446,0.13431223126802427
2026-04-21,3.69,76352.7734375,76881.4765625,74852.671875,75872.828125,36453522626.0,0.006309747501946461,9.356193354483877e-08,2.650380686577969e-07,9.472908021839019e-07,75872.5234375,77126.875,75152.1328125,74181.609375,70517.859375,76450.72395833333,632.8863950069161,77126.875,75861.8765625,930.3054972529213,77126.875,71395.46328125,3595.9905885413064,77126.875,74657.99197215363,72750.56333518315,1907.4286369704787,1525.947157155635,773.5096739133206,752.4374832423144,62.67183550616722,84.37601956067867,85.15368720695064,0.14076672361655485
2026-04-22,3.69,78203.1015625,79468.0,76159.578125,76354.21875,48336654537.0,0.023944952373343042,1.6527589327876388e-07,2.8863678324713033e-07,9.336607600282827e-07,76352.7734375,75872.5234375,77126.875,74805.078125,71309.8828125,76809.46614583333,1230.5790391378332,78203.1015625,76541.48125,1174.422430350205,78203.1015625,71740.12421875,3904.468490410888,78203.1015625,75367.01389022291,73246.24862857559,2120.7652616473206,1749.1314970357635,968.6340385378093,780.4974584979542,66.66014294802093,90.40759728106539,85.11558102561564,0.13568540166175436
2026-04-23,3.7,78268.953125,78676.9375,77014.453125,78203.875,40354900916.0,0.0008417038623189654,1.6192419430040386e-07,2.2340187887438916e-07,9.333623788806402e-07,78203.1015625,76352.7734375,75872.5234375,75152.1328125,68791.625,77608.27604166667,1087.795568511139,78268.953125,77164.8453125,1075.6426457807152,78268.953125,72213.990625,4098.097000497788,78268.953125,75947.40173717833,73702.85812825053,2244.5436089277937,1909.3110162063967,1156.7694340715268,752.5415821348699,66.79611289854924,89.77576061591387,88.18645915255267,0.08796480608487234
2026-04-24,3.67,77455.3125,78554.09375,77318.4453125,78263.8203125,32784213526.0,-0.01044985540070087,8.39198785780929e-08,1.69892887717234e-07,8.948119723881615e-07,78268.953125,78203.1015625,76352.7734375,77126.875,66338.375,77975.7890625,451.9468952812376,78268.953125,77230.5328125,1082.749233408885,78268.953125,72769.8375,4012.236956716269,78268.953125,76248.98388974267,74043.99034386412,2204.9935458785476,1948.1434555428714,1315.0442383657958,633.0992171770756,63.35791172271501,82.83786961593319,87.67374250430417,0.08902775657171347
2026-04-27,3.69,77366.625,79488.171875,76481.34375,78661.015625,38135631927.0,-0.016547994707933,3.975379840286609e-08,1.7615329662778757e-07,8.401995708329045e-07,77455.3125,78268.953125,78203.1015625,75872.5234375,66691.4453125,77696.96354166667,497.3383463448429,78268.953125,77529.353125,777.37496340051,78268.953125,73303.596484375,3868.554015235052,78268.953125,76472.51211179413,74346.04803987648,2126.464071917653,1949.291880031058,1441.8937666988484,507.39811333220973,62.977390200627546,76.4320032771178,83.01521116965496,0.078012627959821
2026-04-28,3.71,76350.671875,77483.8671875,75673.6015625,77368.1171875,32056900880.0,-0.013218654490737336,5.124225799073863e-08,1.6186341567423473e-07,8.332429421010964e-07,77366.625,77455.3125,78268.953125,76352.7734375,68233.3125,77057.53645833333,613.7666678322778,77455.3125,77528.9328125,778.1703187025906,78268.953125,73709.464453125,3732.0151590474065,78268.953125,76448.14406443531,74528.28657034226,1919.8574940930557,1846.9327965955308,1522.901572678185,324.03122391734587,58.63311546243584,65.1459081157267,74.80526033625925,0.046199904553083426
2026-04-29,3.75,75776.1328125,77884.96875,74958.5703125,76350.6875,41460907886.0,-0.007553459041741206,1.5155168101087158e-08,1.6395815980868076e-07,8.302167876274418e-07,76350.671875,77366.625,77455.3125,78203.1015625,68078.5546875,76497.80989583333,805.3903075561273,77366.625,77043.5390625,982.5941498740583,78268.953125,74094.343359375,3511.1262525782663,78268.953125,76313.74181404825,74641.72713781115,1672.0146762371005,1699.8570903814107,1558.2926762188301,141.56441416258053,56.26918956837102,58.290048325293746,66.62265323937943,0.017339040326476596
2026-04-30,3.72,76304.3203125,76611.484375,75318.984375,75778.6328125,29497862305.0,0.006946186875135041,1.7586615630305033e-08,1.534929690095453e-07,8.143940010045483e-07,75776.1328125,76350.671875,77366.625,78268.953125,66888.5703125,76143.70833333333,319.1722724065326,76350.671875,76650.6125,730.5500276598741,77455.3125,74565.130859375,3101.4441389752283,78268.953125,76311.8575137386,74792.87197187377,1518.9855418648367,1607.3898608360905,1568.1121131422824,39.277747693808124,57.94773656122202,64.22497377442052,62.553643405147,0.0286150564187595
2026-05-01,3.73,78179.0,78894.9765625,76294.6953125,76305.0546875,39164328894.0,0.024271509894035148,5.225607667621546e-08,1.7742367226113149e-07,8.249393683796584e-07,76304.3203125,75776.1328125,76350.671875,77455.3125,66931.1015625,76753.15104166667,1262.7467868792605,78179.0,76795.35,964.1699684547798,78179.0,75127.52578125,2627.947418899341,78268.953125,76685.2860109909,75100.70179261251,1584.5842183783825,1666.1732901286596,1587.724348539558,78.44894158910165,63.3280072547612,78.68460015976311,67.06654075315915,0.045102845415950776
2026-05-04,3.78,79827.90625,80742.359375,78217.9609375,78540.2890625,54325085296.0,0.016287676864907397,5.1477410583137434e-08,1.88637739898891e-07,8.20664657738873e-07,78179.0,76304.3203125,75776.1328125,77366.625,68859.828125,78103.7421875,1762.9980908932446,79827.90625,77287.60625,1686.4871862653692,79827.90625,75675.9296875,2384.275801409331,79827.90625,77313.81005879272,75530.447652375,1783.362406417713,1824.7776345587044,1635.1350057433874,189.64262881531704,67.29191421295646,87.63599873243899,76.84852422220756,0.06221744164155352
2026-05-05,3.77,80927.0546875,81751.453125,79787.578125,79823.53125,39700107376.0,0.013675043806523846,5.259735747838896e-08,1.210256725376712e-07,8.230989627892765e-07,79827.90625,78179.0,76304.3203125,76350.671875,71940.703125,79644.65364583333,1383.1620581380057,80927.0546875,78202.8828125,2211.1105294966937,80927.0546875,76125.247265625,2487.8157976607213,80927.0546875,78036.45898453418,76021.04829193182,2015.410692602367,2015.9264676926832,1711.2932981332467,304.6331695594365,69.64714543099632,90.19179004037684,85.50412964419301,0.04927179647172264
2026-05-06,3.73,81427.53125,82792.2109375,80751.0234375,80930.734375,41751540000.0,0.006165248057273587,5.0864793896876405e-08,1.1782731843756637e-07,8.232760921044212e-07,80927.0546875,79827.90625,78179.0,75776.1328125,71123.359375,80727.49739583333,818.2709634642214,81427.53125,79333.1625,2102.238106025355,81427.53125,76640.455859375,2464.290828891517,81427.53125,78714.67343762735,76512.54674266529,2202.126694962062,2182.637484761275,1805.5621354588525,377.07534930242264,70.68233498265734,84.86487657369621,87.5642217821707,0.07321501329893088
2026-05-07,3.76,80009.9921875,81684.953125,79522.65625,81428.8515625,36931193154.0,-0.017561908350902655,7.704314436177852e-08,1.2574997174418501e-07,8.179698115256752e-07,81427.53125,80927.0546875,79827.90625,76304.3203125,71767.828125,80788.19270833333,718.8993221385853,81427.53125,80074.296875,1246.5384909589259,81427.53125,77052.5640625,2289.523819773729,81427.53125,78973.73718760189,76830.49632855935,2143.240859042533,2175.298128649636,1879.5093340970093,295.78879455262677,64.02214615917265,69.1435106963687,81.4000591034806,0.047898964049992054
2026-05-08,3.75,80186.765625,80447.265625,79205.515625,80009.625,33789351540.0,0.002206954893020807,2.583071262731706e-08,1.1617950836484291e-07,8.107595206384697e-07,80009.9921875,81427.53125,80927.0546875,78179.0,72979.046875,80541.4296875,772.4598347807613,81427.53125,80475.85,676.333359395368,81427.53125,77412.95,2179.190866057736,81427.53125,79216.34287508152,77135.61171914487,2080.73115593665,2158.859783363878,1935.3794239503832,223.48035941349463,64.47173580318409,67.18392224044807,73.73076983683768,0.025365542067595115
2026-05-11,3.79,81728.296875,82326.234375,80451.421875,82139.046875,32409774919.0,-0.005011785219489084,1.2697971094985555e-08,4.4120517015366855e-08,8.06406165605827e-07,80186.765625,80009.9921875,81427.53125,79827.90625,74484.640625,80641.68489583333,945.1753313550757,81728.296875,80855.928125,751.0330249296148,81728.296875,77775.1328125,2267.06718547777,81728.296875,79718.73367506522,77553.12855149533,2165.6051235698833,2244.3495010646293,1997.1734393732324,247.17606169139685,68.20323992050594,86.41865113004211,74.24869468895297,0.044198160469518966
2026-05-12,3.8,80477.4921875,81753.03125,79832.1015625,81725.3515625,32186688600.0,-0.015422747705667206,1.5093630954462057e-08,4.8890047572196565e-08,8.038194969866888e-07,81728.296875,80186.765625,80009.9921875,80927.0546875,74181.609375,80797.51822916667,819.0800627470223,81728.296875,80766.015625,767.1270919405888,81728.296875,78089.926953125,2177.15056803835,81728.296875,79870.48537755218,77818.97979113212,2051.505586420055,2185.9727008180344,2034.933291662193,151.03940915584144,62.46996160294727,70.45155808382516,74.6847104847718,0.039018365428452606
2026-05-13,3.79,79277.1171875,81276.671875,78725.5078125,80476.7890625,34075428359.0,-0.015028018231236118,2.5735330037030154e-08,5.2395473545760363e-08,8.0674138282552e-07,80477.4921875,81728.296875,80186.765625,81427.53125,74805.078125,80494.30208333333,1225.6763008849507,81728.296875,80335.9328125,895.5857591247407,81728.296875,78313.52890625,2047.8350504402385,81728.296875,79751.81173954175,77951.53773625648,1800.2740032852744,2019.5681114417239,2031.8602556180992,-12.29214417637536,57.47651329260104,55.12822302848492,70.6661440807841,0.02469400969087121
2026-05-14,3.79,81051.25,82005.9609375,78909.6796875,79276.9453125,43731663431.0,0.02213214369882266,3.869269214251865e-08,6.366584182230657e-08,7.989220246817695e-07,79277.1171875,80477.4921875,81728.296875,80009.9921875,75152.1328125,80268.61979166667,905.3218032294353,81051.25,80544.184375,921.5331286878968,81728.296875,78608.484765625,1992.613357119023,81728.296875,80011.6993916334,78233.32976023316,1778.3696314002445,2007.7053884381603,2027.0292821821115,-19.323893743951203,62.27606012122922,77.77583858080035,67.78520656437017,0.06156564191989955
2026-05-15,3.82,79065.6796875,81634.84375,78635.3671875,81046.8671875,38183347368.0,-0.02480277513696727,1.0161175115771348e-07,6.22216233811317e-08,8.099172539480451e-07,81051.25,79277.1171875,80477.4921875,80186.765625,77126.875,79798.015625,1090.4695104001105,81051.25,80319.9671875,1140.5869586898104,81728.296875,78705.425,1963.6909841926883,81728.296875,79822.49545080673,78308.99793543923,1513.497515367504,1817.1383253904933,1985.051090823788,-167.91276543329468,54.8187180116691,52.4291267829254,61.777729464070255,0.043411384995584834
2026-05-18,3.81,76954.171875,77749.3203125,76029.2265625,77426.34375,41520471808.0,-0.006155853649120857,1.03247371677266e-07,4.625472308504923e-08,8.079065131762059e-07,79065.6796875,81051.25,79277.1171875,81728.296875,75872.5234375,79023.70052083333,2048.8616298846096,81051.25,79365.1421875,1580.3865124678523,81051.25,78759.507421875,1895.265866983248,81728.296875,79248.83073564539,78185.83192994475,1062.9988057006412,1478.6861476421327,1883.778102187457,-405.09195454532437,48.20765830971347,25.474765285138414,51.89324354962141,0.008516576254641528
2026-05-19,3.83,76750.90625,77346.8671875,76082.3671875,76954.75,26031898332.0,-0.002644879999712302,7.570649845249659e-08,4.555161199854447e-08,8.079402810417578e-07,76954.171875,79065.6796875,81051.25,80477.4921875,76352.7734375,77590.25260416667,1281.7928995166885,79065.6796875,78619.825,1789.5463517092217,81051.25,78779.4140625,1870.5868222759477,81728.296875,78749.24583851632,78055.38414085886,693.8616976574558,1180.4510166695836,1743.1126850838825,-562.6616684142989,47.61238275166713,19.160691342950305,32.354861137004725,-0.018266973867662628
2026-05-20,3.79,77457.7734375,77775.5703125,76463.6484375,76749.453125,26668360936.0,0.00916773478361499,6.090498076853727e-08,3.570685173637726e-08,8.094414076581311e-07,76750.90625,76954.171875,79065.6796875,79277.1171875,78203.1015625,77054.28385416667,363.9122304487451,77457.7734375,78255.95625,1807.362239403773,81051.25,78742.14765625,1889.9962166082205,81728.296875,78490.95135831306,78001.05589509897,489.8954632140958,989.7268462019856,1592.4355173075032,-602.7086711055176,49.927942634714675,21.123024921967236,21.91949385001867,-0.02969052958845453
2026-05-21,3.83,77539.171875,78100.5625,76655.4375,77462.5078125,27141485404.0,0.0010503232153258324,2.22140017821166e-08,3.5714310732829e-08,8.083172640514585e-07,77457.7734375,76750.90625,76954.171875,81051.25,78268.953125,77249.28385416667,433.52232198315835,77539.171875,77553.540625,908.2135208645692,79065.6796875,78705.65859375,1906.584669111109,81728.296875,78300.59546165045,77959.06643872632,341.5290229241218,835.5134615484276,1441.051106155688,-605.5376446072605,50.200910612152846,22.326612465373323,20.87010957676364,-0.041863414226333995
2026-05-22,3.86,75488.2421875,77819.453125,75323.875,77538.1171875,27859040109.0,-0.026806340702622222,2.8806261033557398e-08,4.815888355967239e-08,8.173683051502304e-07,77539.171875,77457.7734375,76750.90625,79065.6796875,77455.3125,76828.39583333333,1161.3204864449779,77539.171875,76838.053125,824.4222941316514,77539.171875,78607.305078125,2021.739371063225,81728.296875,77738.12480682036,77734.4460522512,3.6787545691622654,541.5625616170291,1261.1533972479563,-719.5908356309271,43.731950150575855,2.2008542314584387,15.216830539599684,-0.07293956934866552
2026-05-26,3.82,75825.734375,77990.8671875,75569.46875,77280.125,35999475458.0,-0.018996541405032374,5.490533915066497e-08,5.008775896095239e-08,8.219164221785204e-07,75488.2421875,77539.171875,77457.7734375,76954.171875,77366.625,76284.3828125,1099.7031134277995,77539.171875,76612.365625,932.1104984742872,77539.171875,78530.260546875,2099.377137327711,81728.296875,77355.6467204563,77560.92680886472,-205.28008840842813,332.0099505697144,1075.324707912308,-743.3147573425936,44.98820104664585,6.719828609745101,10.415765102192307,-0.052296690677014035
2026-05-27,3.8,74344.703125,76014.296875,74136.5,75825.3046875,33802172927.0,-0.01972531072410888,9.655772060952318e-08,5.4999958518239926e-08,8.25634377951692e-07,75825.734375,75488.2421875,77539.171875,76750.90625,76350.671875,75219.55989583333,776.2126134380518,75825.734375,76131.125,1363.86004953247,77539.171875,78429.962109375,2251.4018036945176,81728.296875,76753.45800136504,77268.54283760428,-515.0848362392426,45.90202224980749,869.4401707798079,-823.5381485300004,40.694467656527195,2.542245150655451,3.820975997286349,-0.07285569450850393
2026-05-28,3.8,73536.5546875,74460.125,72493.4140625,74339.5703125,40148145327.0,-0.010929802661886256,1.0100956962142566e-07,5.647324093063235e-08,8.149319876042563e-07,74344.703125,75825.734375,75488.2421875,77457.7734375,75776.1328125,74568.99739583333,1160.9551457149132,75825.734375,75346.88125,1527.8305429233392,77539.171875,78317.983203125,2438.2827466812932,81728.296875,76110.07733859203,76929.2711875948,-819.1938490027678,-243.24739264186064,646.9026580954742,-890.1500507373348,38.533319837141356,10.608763222021912,6.623612327474174,-0.10023140700006172
2026-05-29,3.79,73372.5234375,74218.5625,72435.625,73537.03125,34457929250.0,-0.0022330998228099475,1.0150388164612376e-07,5.544981917064269e-08,8.149736628189913e-07,73536.5546875,74344.703125,75825.734375,77539.171875,76304.3203125,73751.26041666667,520.4394765959705,74344.703125,74513.5515625,1113.196233659004,75825.734375,78171.393359375,2645.0768043075595,81728.296875,75562.56655837363,76605.93048304072,-1043.3639246670937,-480.1020209171984,421.5017222929397,-901.6037432101381,38.09114576029235,9.4726058019049,7.541204724860774,-0.08828516591255764
2026-06-01,3.83,71319.7734375,73969.5703125,70599.5078125,73580.2109375,43378836121.0,-0.03119538630329366,1.365385145355644e-07,6.486197856353385e-08,8.201879576661312e-07,73372.5234375,73536.5546875,74344.703125,75488.2421875,78179.0,72742.95052083333,1235.2333061563434,73536.5546875,73679.8578125,1637.9708461882567,75825.734375,77828.43203125,3056.695695768801,81728.296875,74714.0079341989,76125.37075162792,-1411.3628174290207,-823.9527750255947,172.4108228292328,-996.3635978548275,32.989332803060705,6.314545083443719,8.798638035790196,-0.10037377786051327
2026-06-02,3.82,66703.65625,71334.953125,66127.265625,71321.03125,54990073882.0,-0.0669138485252585,1.4228436261296247e-06,2.1649374638183857e-07,9.031118409424311e-07,71319.7734375,73372.5234375,73536.5546875,75825.734375,79827.90625,70465.31770833333,3415.5553481034244,73372.5234375,71855.4421875,3088.36259720546,74344.703125,77172.21953125,3897.872733485962,81728.296875,73111.93759735912,75268.85125147992,-2156.913654120799,-1452.1990073039633,-152.51114319740643,-1299.6878641065568,24.909660416917006,3.629962120038003,6.472371001795559,-0.17701878441109786
2026-06-03,3.84,64014.3671875,67402.9296875,64009.67578125,66694.0078125,47411556213.0,-0.04115222229019189,2.1132832142763094e-06,2.9226329554562605e-07,9.349658724714311e-07,66703.65625,71319.7734375,73372.5234375,74344.703125,80927.0546875,67345.93229166667,3694.811091877265,71319.7734375,69789.375,4245.432932917779,73536.5546875,76326.58515625,4776.054121223673,81728.296875,71292.4235153873,74245.71633657266,-2953.2928211853578,-2142.3956215413928,-550.4880388662037,-1591.9075826751891,21.591824500471574,0.026068748129225456,3.3235253172036683,-0.1903646760451433
2026-06-04,3.82,63801.57421875,64664.4453125,61335.75,64020.0703125,63800151780.0,-0.0033296811494363254,2.0507352174270137e-06,2.9080958575125827e-07,9.348683200460101e-07,64014.3671875,66703.65625,71319.7734375,73536.5546875,81427.53125,64839.865885416664,1617.5926879851465,66703.65625,67842.37890625,4328.776870888247,73372.5234375,75445.2873046875,5374.039430829381,81728.296875,69794.25365605984,73296.24887131606,-3501.995215256218,-2675.708127393591,-975.5320565716812,-1700.17607082191,21.34950995771213,12.1474596310488,5.2678301664053615,-0.17091467994242515
2026-06-05,3.88,60922.66796875,63901.515625,59108.91796875,63807.69140625,71465606706.0,-0.04617254262521264,3.4500173178586564e-06,3.9745685273291477e-07,9.381810943604762e-07,63801.57421875,64014.3671875,66703.65625,73372.5234375,80009.9921875,62912.869791666664,1726.8461668149498,64014.3671875,65352.4078125,3913.2262097672733,71319.7734375,74490.92109375,6158.346243731083,81728.296875,68019.93651859787,72171.37788017369,-4151.441361575824,-3292.7094994727377,-1438.9675451518926,-1853.741954320845,18.349223267881342,9.550252465054019,7.2412602814107005,-0.20622868256034432
2026-06-08,3.85,63090.58984375,64185.765625,62384.66796875,63244.0859375,34133252457.0,-0.0023577871851845345,2.768575292141641e-06,3.97500260498035e-07,9.328782488746132e-07,60922.66796875,63801.57421875,64014.3671875,71319.7734375,80186.765625,62604.944010416664,1499.6380248741068,63801.57421875,63706.57109375,2074.5983329694245,66703.65625,73636.1123046875,6502.996422962678,81728.296875,67034.0671836283,71345.85169504426,-4311.784511415957,-3565.6517411362,-1864.3043843487542,-1701.347356787446,26.702636849405465,20.96538753370366,14.221033209935511,-0.18548407675754786
2026-06-09,3.9,61643.78125,63486.08984375,60756.6875,63092.890625,40144449754.0,-0.023199274916972712,7.674675922258499e-07,4.3050741085950676e-07,9.393247094085803e-07,63090.58984375,60922.66796875,63801.57421875,66703.65625,81728.296875,61885.6796875,1104.0187745573683,63090.58984375,62694.59609375,1357.1982606805382,64014.3671875,72631.8865234375,6734.254351233013,81051.25,65956.00999690265,70463.84529094932,-4507.835294046672,-3854.27610044647,-2262.2987275682976,-1591.9773728781724,24.873709881651095,13.347255299976696,14.620965099578143,-0.2049981994987614
2026-06-10,3.9,61449.2890625,62788.27734375,60788.0234375,61643.20703125,27493506779.0,-0.0031600860854066326,2.908967246686036e-07,4.1568565136608085e-07,9.395168448169488e-07,61643.78125,63090.58984375,60922.66796875,64014.3671875,80477.4921875,62061.220052083336,896.7488102847399,63090.58984375,62181.58046875,1210.4768874176227,63801.57421875,71680.4763671875,6909.363531141884,81051.25,65054.665810022125,69644.34017927211,-4589.674369249988,-4051.9979684195278,-2620.2385757385437,-1431.759392680984,24.62949424210649,12.32316185098669,15.545268228222367,-0.1859753614361508
2026-06-11,3.85,63561.0546875,63851.94921875,61447.96875,61448.87890625,29316677897.0,0.03378866852406581,5.85938036180762e-07,4.7682964357750033e-07,9.190762682664655e-07,61449.2890625,61643.78125,63090.58984375,63801.57421875,79277.1171875,62218.041666666664,1167.1417151940395,63561.0546875,62133.4765625,1132.2562233283747,63561.0546875,70894.6732421875,6893.601569336977,81051.25,64755.9435855177,69091.31422547465,-4335.370639956949,-3992.271712917849,-2894.6452031744047,-1097.6265097434443,32.391315420236324,23.578798285978735,16.416405145647392,-0.16174824798721243
2026-06-12,3.86,63543.19921875,64334.015625,62778.79296875,63547.44140625,26881868307.0,-0.00028095784867510076,1.1498945009866593e-07,4.436104570831286e-07,9.163191501769718e-07,63561.0546875,61449.2890625,61643.78125,60922.66796875,81051.25,62851.180989583336,1214.106846969263,63561.0546875,62657.5828125,1033.9052581672718,63561.0546875,70019.270703125,6643.0598375912305,79065.6796875,64513.39471216416,68586.94013395422,-4073.5454217900624,-3901.406032035695,-3095.997368946663,-805.408663089032,32.36096994406701,23.484234591610416,19.795398242858635,-0.14528948872240188
2026-06-15,3.84,66289.5,67248.1328125,65315.8359375,65711.109375,32927321950.0,0.00877432914288434,1.248822884530888e-07,4.084890005516802e-07,9.177761736466982e-07,63543.19921875,63561.0546875,61449.2890625,63090.58984375,79065.6796875,64464.584635416664,1580.4482814571086,66289.5,63297.36484375,1951.445775678754,66289.5,69380.46171875,6334.478633991815,77539.171875,64868.61576973133,68378.08193995839,-3509.466170227053,-3566.6763789139513,-3190.1331709401206,-376.5432079738307,41.44703407671336,42.47513215214185,29.846055009910355,-0.09855037019747515
2026-06-16,3.84,65600.640625,66928.609375,65315.0703125,66289.4609375,25063963967.0,-0.010446052081716672,7.159349705292131e-08,4.130539269541019e-07,9.198640072502318e-07,66289.5,63543.19921875,63561.0546875,61643.78125,76954.171875,65144.446614583336,1428.8550404533694,66289.5,64088.73671875,1915.1994584067718,66289.5,68812.78515625,6125.303859715697,77539.171875,65015.02074078507,68125.58727496216,-3110.5665341770946,-3318.729662036072,-3215.852469159311,-102.877192876761,39.99572743424746,42.28802753447981,36.08246475941071,-0.10592361347801027
2026-06-17,3.98,64418.4453125,66354.625,63870.9296875,65600.4296875,31288885189.0,-0.01818545153086326,1.1003451764719464e-07,4.3412084965125805e-07,9.189967987836669e-07,65600.640625,66289.5,63543.19921875,61449.2890625,76750.90625,65436.1953125,946.3049754210921,66289.5,64682.56796875,1229.9188917620286,66289.5,68196.162109375,5900.756314716616,77539.171875,64895.70565512806,67788.57436928379,-2892.868714155724,-3180.9553114960145,-3208.873037626652,27.917726130637675,37.56470455913442,35.139988454187346,39.96771604693635,-0.09676598497677324
2026-06-18,4.0,62896.47265625,64736.921875,62201.14453125,64419.64453125,30432454936.0,-0.023909926459543485,4.74005200053337e-08,4.668446919155271e-07,9.282795221813157e-07,64418.4453125,65600.640625,66289.5,63561.0546875,77457.7734375,64305.186197916664,1355.6370535954522,65600.640625,64549.6515625,1404.8854482941665,66289.5,67468.0970703125,5587.897008205369,77539.171875,64495.859055352455,67343.83784991708,-2847.978794564624,-3158.1731654290707,-3198.733063187136,40.55989775806529,34.64512770346947,25.487136095293597,34.3050506946536,-0.05707608559688215
2026-06-22,4.04,63952.10546875,65544.0,63233.53125,63240.7890625,26561496819.0,0.011236353824841672,5.9025648450099745e-08,4.7543502157612107e-07,9.306976673028634e-07,62896.47265625,64418.4453125,65600.640625,63543.19921875,77539.171875,63755.674479166664,779.7685822378018,64418.4453125,64631.4328125,1342.1518767424393,66289.5,66788.74375,5104.0360554748195,75825.734375,64387.10833803197,67035.49854253825,-2648.3902045062787,-3020.123303377419,-3163.0111112251925,142.88780784777373,38.231049948822005,39.61372135858895,33.41361530268998,-0.0009726210143987668
2026-06-23,4.01,62668.01953125,64196.5625,61893.20703125,63952.79296875,29608942370.0,-0.02028318896027237,9.59981779054766e-08,4.5449083704923766e-07,8.845565459138956e-07,63952.10546875,62896.47265625,64418.4453125,66289.5,75488.2421875,63172.19921875,685.0095084543452,63952.10546875,63907.13671875,1192.5044442883852,65600.640625,66147.7326171875,4746.487269723439,75825.734375,64043.29057667558,66638.4549960575,-2595.1644193819156,-2979.981425805585,-3126.4051741412713,146.42374833568647,35.66739164036862,42.911701637146905,36.0041863636765,-0.01776687646629993
2026-06-24,3.99,60995.1328125,63097.7578125,59029.85546875,62663.03125,42644106535.0,-0.027057191162535688,1.8872946416609645e-07,4.798616997650758e-07,8.978815481709265e-07,62668.01953125,63952.10546875,62896.47265625,65600.640625,75825.734375,62538.419270833336,1482.7403660378745,63952.10546875,62986.03515625,1328.3390216659436,64418.4453125,65406.2025390625,4291.619227107191,74344.703125,63433.65902384047,66125.42570664317,-2691.766682802707,-3048.020987314201,-3110.7283367758573,62.70734946165612,32.60032655236111,23.913495025141653,35.47963934029252,0.0011894561772503032
2026-06-25,3.96,59721.67578125,61868.90625,58075.921875,60992.0703125,40625024718.0,-0.021099038116469515,2.0914322656414828e-07,4.837544449364209e-07,8.971233659446341e-07,60995.1328125,62668.01953125,63952.10546875,64418.4453125,74344.703125,61128.276041666664,1477.6774725549296,62668.01953125,62046.68125,1677.0698176736948,63952.10546875,64675.051171875,3918.023948233694,73536.5546875,62691.26237532238,65543.26662251652,-2852.004247194134,-3168.179370050988,-3122.2185434308835,-45.9608266201044,30.453526123729745,17.942826625600595,28.256007762629736,-0.05339804352508737
2026-06-26,3.94,60016.4296875,60647.1875,58269.125,59712.0546875,41502864671.0,0.004923319948584748,1.2098758496837973e-07,4.771542228903821e-07,8.6811405540639e-07,59721.67578125,60995.1328125,62668.01953125,62896.47265625,73536.5546875,60244.412760416664,666.6373930129298,60995.1328125,61470.67265625,1802.1583702560933,63952.10546875,63999.044921875,3446.6165109398803,73372.5234375,62156.295837757905,65040.82690115138,-2884.5310633934714,-3202.7028127786616,-3138.315397300439,-64.38741547822247,31.57666616540689,21.15638013258458,21.00423392777563,-0.026399281963255583
2026-06-29,3.97,60138.37890625,60682.33984375,58856.1875,59522.7890625,30829983083.0,0.010128530183576956,1.1771691837181606e-07,4.83919916171596e-07,8.471040077692524e-07,60016.4296875,59721.67578125,60995.1328125,63952.10546875,73372.5234375,59958.828125,214.24011902233354,60138.37890625,60707.92734375,1193.7016943703077,62668.01953125,63337.3376953125,2752.88992289347,71319.7734375,61752.712451456326,64595.14981070579,-2842.4373592494667,-3183.5249135592676,-3147.357300552205,-36.167613007062755,32.06549112370942,22.48593109451698,20.52837928423407,-0.02133320297516661
2026-06-30,3.98,58558.859375,60173.21875,58111.671875,60136.453125,32747419391.0,-0.026615830286262465,1.6200458009123118e-07,4.6567800535543513e-07,4.835934532318293e-07,60138.37890625,60016.4296875,59721.67578125,62668.01953125,71319.7734375,59571.22265625,878.8500798808572,60138.37890625,59886.0953125,880.225433260763,60995.1328125,62699.2919921875,2235.6228840940657,66703.65625,61113.94183616506,64046.39613473254,-2932.454298567478,-3258.2215657969646,-3169.530153601157,-88.69141219580752,29.159709362115606,5.265224527551376,16.302511918217665,-0.07869906088080914
2026-07-01,4.0,60003.7578125,61223.76953125,57747.765625,58562.4453125,37904450118.0,0.024374798891813043,1.4055433717101122e-07,2.3837773733480938e-07,3.1595937658445315e-07,58558.859375,60138.37890625,60016.4296875,60995.1328125,66703.65625,59566.998697916664,875.6651075208341,60138.37890625,59687.8203125,649.3270868390201,60138.37890625,62364.2970703125,2101.9880735901793,66289.5,60891.905031432056,63678.883559984126,-2786.97852855207,-3164.351300418559,-3168.4943829646377,4.143082546078858,34.96555567822874,23.746368355828352,17.165841325965587,-0.05570134097380475
2026-07-02,3.96,61485.30078125,62117.875,59532.32421875,60004.76953125,40109297349.0,0.024390944088390043,1.6390799197118115e-07,1.8775761151577445e-07,3.226350943078224e-07,60003.7578125,58558.859375,60138.37890625,59721.67578125,64014.3671875,60015.97265625,1463.2589408099218,61485.30078125,60040.5453125,1036.1247363927562,61485.30078125,62237.84375,2073.375300642595,66289.5,61010.58418139565,63479.46694373557,-2468.8827623399193,-2936.559473336689,-3122.107401039048,185.54792770235917,40.362708623086796,39.34095474928189,22.784182544220556,-0.07247300430309478
2026-07-06,3.95,63995.015625,64597.5703125,61275.828125,63551.015625,36552222303.0,0.0070115176898397635,1.6796880926557925e-07,1.8941104660330868e-07,3.1905783044859406e-07,61485.30078125,60003.7578125,58558.859375,60016.4296875,63801.57421875,61828.024739583336,2017.5801136938517,63995.015625,60836.2625,2047.2934910583779,63995.015625,62247.5158203125,2081.489176546092,66289.5,61607.470470116525,63526.3350056687,-1918.864535552173,-2524.419855200329,-3002.569891871304,478.15003667097517,48.20438784422795,65.7579846831578,42.94843592942269,-0.0244757518326445
2026-07-07,4.06,63297.39453125,64257.6328125,62623.93359375,63994.59765625,31026493556.0,-0.010961031808177424,1.7085937905215466e-07,1.1197443969427298e-07,3.124900102849637e-07,63995.015625,61485.30078125,60003.7578125,60138.37890625,60922.66796875,62925.903645833336,1295.4424949398676,63995.015625,61468.065625,2254.988690389627,63995.015625,62366.2521484375,2069.6351549189367,66289.5,61945.455282343224,63505.522235266995,-1560.0669529237712,-2228.4008130826696,-2847.7360761135774,619.3352630309078,46.37884916921608,60.44791804947121,55.18228582730365,-0.017402636400361327
2026-07-08,4.06,62257.57421875,63706.88671875,61492.6484375,63293.51953125,27349235354.0,-0.01656396551934769,1.0663092213824252e-07,1.2115001699285938e-07,3.140647762667494e-07,63297.39453125,63995.015625,61485.30078125,58558.859375,63090.58984375,63183.328125,874.319174452093,63995.015625,62207.80859375,1562.3412311840855,63995.015625,62324.6013671875,2062.661207212229,66289.5,62007.879069624585,63392.07241558363,-1384.1933459590437,-2054.030809992386,-2688.9950228893395,634.9642128969535,43.72107154918145,52.39784220071564,59.53458164444823,-0.010157937488669555
2026-07-09,4.02,63193.1484375,63422.94140625,61645.75390625,62257.31640625,26546256117.0,0.01491568233698537,6.361152705111671e-08,1.1040977991588192e-07,2.9965031751971215e-07,62257.57421875,63297.39453125,63995.015625,60003.7578125,61643.78125,62916.0390625,572.6244623285721,63297.39453125,62845.68671875,980.0832541442815,63995.015625,62402.0697265625,2064.8395490910793,66289.5,62244.932943199674,63373.98841757602,-1129.0554743763496,-1819.3756754772985,-2515.0711534069314,695.695477929633,46.681672162792395,69.84632003831979,60.8973600961689,-0.011867584744662762
2026-07-10,4.06,64127.140625,64658.96875,62902.0625,63194.359375,27450201269.0,0.014671800523156975,3.107533382920403e-08,1.1733601552221506e-07,2.977228695901902e-07,63193.1484375,62257.57421875,63297.39453125,61485.30078125,61449.2890625,63192.62109375,934.7833146851252,64127.140625,63374.0546875,747.9744987475838,64127.140625,62535.9623046875,2086.5133226662106,66289.5,62621.374479559745,63442.45680006911,-821.082320509362,-1540.2889348973622,-2320.1147097050175,779.8257748076553,49.53576055047149,81.8263624866973,68.02350824191093,0.023283344593687083
2026-07-13,4.12,62239.12109375,64340.8828125,61769.0,63757.171875,37650044790.0,-0.02411433877143665,7.994754175506277e-08,9.893214748724899e-08,3.0129835616677835e-07,64127.140625,63193.1484375,62257.57421875,63995.015625,63561.0546875,63186.470052083336,944.0274827671577,64127.140625,63022.87578125,794.3097724523906,64127.140625,62469.865625,2073.2271304913734,66289.5,62544.923802397796,63333.06264494919,-788.1388425513942,-1454.6893265666731,-2147.0296330773485,692.3403065106754,44.365800977687485,64.98659332560132,72.21975861687282,0.02039487781876037
2026-07-14,4.02,64956.11328125,65046.1328125,62207.5234375,62238.5859375,29841287318.0,0.04272810304425967,3.8920039825752256e-07,1.6468614201906153e-07,3.2095238089844867e-07,62239.12109375,64127.140625,63193.1484375,63297.39453125,63543.19921875,63774.125,1392.4714217372925,64956.11328125,63354.61953125,1186.9592629317413,64956.11328125,62540.511328125,2134.8821002185828,66289.5,63027.16169816824,63480.612702794715,-453.4510046264768,-1154.306332699991,-1948.484973001877,794.1786403018862,52.11158472181273,98.76657985358455,81.85984522196107,0.08764719729521353
2026-07-15,3.97,64712.375,65507.59375,64442.8203125,64959.80859375,27029791676.0,-0.003759410964789822,3.2697001664904553e-07,1.6214523874933796e-07,3.1838531646190664e-07,64956.11328125,62239.12109375,64127.140625,62257.57421875,66289.5,63969.203125,1503.2431485217955,64956.11328125,63845.5796875,1125.8631452751083,64956.11328125,62461.655078125,2014.8712854138794,65600.640625,63364.2043585346,63592.59109344974,-228.38673491514055,-925.2525527309335,-1743.8384889476883,818.5859362167548,51.41995247007759,89.75210871696981,84.50176063205191,0.07824432971023687
2026-07-16,3.99,63789.28125,64931.85546875,63701.8046875,64713.296875,27232426674.0,-0.014367279855175497,3.2330726914025764e-07,1.6608685965883548e-07,2.971873824233352e-07,64712.375,64956.11328125,62239.12109375,63193.1484375,65600.640625,64485.923177083336,615.4953845195568,64956.11328125,63964.80625,1069.661091142375,64956.11328125,62371.087109375,1904.0086450545837,64956.11328125,63449.21973682768,63610.47201677249,-161.2522799448052,-808.8873826385825,-1556.8482676858673,747.9608850472848,48.77946137888635,77.85630722329948,88.79166526461796,0.06070835978870348
2026-07-17,4.01,63899.4609375,64332.01953125,62489.453125,63789.91015625,27280236800.0,0.0017257545646920391,2.7682798314996736e-07,1.5299905411157493e-07,2.96461841273594e-07,63789.28125,64712.375,64956.11328125,64127.140625,64418.4453125,64133.705729166664,504.1611693098955,64712.375,63919.2703125,1065.8622509680422,64956.11328125,62345.137890625,1877.9960371564136,64956.11328125,63539.26797696215,63636.74373683862,-97.47575987646997,-699.7107371800303,-1385.4207615847,685.7100244046696,49.1153384328052,79.27618000559774,82.29486531528903,0.09120057356820732
2026-07-20,4.03,65230.02734375,65735.71875,63720.390625,64684.41796875,30988932408.0,0.008300835886389635,1.7945810609622803e-07,1.339647108394056e-07,2.607242605742348e-07,63899.4609375,63789.28125,64712.375,62239.12109375,62896.47265625,64306.256510416664,801.9035511037756,65230.02734375,64517.4515625,642.3254452771431,65230.02734375,62461.815625,1983.5754062712172,65230.02734375,63877.419850319726,63781.58770110329,95.8321492164323,-500.05751830589725,-1208.3481129289394,708.2905946230421,53.113867912465174,93.66932431454397,83.60060384781376,0.08709903715665734
2026-07-21,4.08,66505.125,66910.0625,65113.65625,65228.87109375,29554470321.0,0.019359107363715822,1.7806716356596153e-08,1.4321522099035238e-07,2.639905505379179e-07,65230.02734375,63899.4609375,63789.28125,64956.11328125,63952.10546875,65211.537760416664,1302.9304279854139,66505.125,64827.25390625,1110.0520303439966,66505.125,62589.4666015625,2158.9269739989886,66505.125,64402.960880255785,64029.18200100299,373.77887925279356,-236.21820309618488,-1013.9221309623886,777.7039278662037,56.63096792357448,95.58039315332707,89.50863249115628,0.08164267158112049
2026-07-22,4.11,66100.796875,66694.6484375,65514.17578125,66506.7890625,28142272410.0,-0.006098209978869562,1.9058577715704082e-08,1.2940343533147014e-07,2.586858230547769e-07,66505.125,65230.02734375,63899.4609375,64712.375,62668.01953125,65945.31640625,651.6127226857461,66505.125,65104.93828125,1240.164657398261,66505.125,62761.10546875,2297.509173155695,66505.125,64742.52807920463,64217.51062591181,525.0174532928213,-59.068639007702586,-822.9514325714514,763.8827935637488,55.21652772149096,89.03097949331313,92.76023232039473,0.03290539473166976
2026-07-23,4.15,65044.8125,66282.3828125,64610.609375,66100.1328125,24364433538.0,-0.01610434695290941,2.2093570090871476e-08,1.1295636023702948e-07,2.408829326186731e-07,66100.796875,66505.125,65230.02734375,63789.28125,60995.1328125,65883.578125,754.0000917957955,66505.125,65356.04453125,1013.5856465522581,66505.125,62963.589453125,2312.085897117555,66505.125,64802.98496336371,64292.71988719255,510.26507617116295,-3.8411684083766886,-659.1293797388365,655.2882113304598,51.59223573286813,66.89434844463672,83.83524036375898,0.02760647545906969
2026-07-24,4.14,64098.49609375,65760.484375,63686.03515625,65044.95703125,25917559237.0,-0.01465555365422766,3.648117747517422e-08,1.053460756516176e-07,2.425080575657792e-07,65044.8125,66100.796875,66505.125,63899.4609375,59721.67578125,65081.368489583336,1001.6508173659017,66100.796875,65395.8515625,943.5693880127958,66505.125,63182.43046875,2193.162385592736,66505.125,64662.08718944097,64275.06317869777,387.0240107432037,-36.017636461227085,-534.5070310833147,498.4893946220876,48.518776294182004,48.10131967367964,68.00888253720984,0.0295694443302863
2026-07-27,4.14,63724.8984375,65658.3359375,63562.484375,65340.58984375,26183821002.0,-0.02503365298859528,9.154040283598344e-08,1.2580700867874662e-07,2.1108739381091725e-07,64098.49609375,65044.8125,66100.796875,65230.02734375,60016.4296875,64289.40234375,680.350777403489,65044.8125,65094.82578125,1211.6927033613683,66505.125,63367.85390625,2064.389004406261,66505.125,64474.64943905278,64225.04820222524,249.60123682754056,-90.61932461988908,-445.7294897906296,355.1101651707405,47.320263299758274,41.2050837216211,52.06691727997917,0.008414678064757597
2026-07-28,4.09,63871.36328125,64026.921875,62714.8046875,63723.48828125,24128738898.0,0.002295755472855987,5.228335448940884e-08,1.2237893381882856e-07,2.0494691310776008e-07,63724.8984375,64098.49609375,65044.8125,66505.125,60138.37890625,63898.252604166664,188.24473154515255,64098.49609375,64568.0734375,999.1713158644927,66100.796875,63554.503125,1920.7946760958462,66505.125,64353.99220749223,64192.89502759113,161.0971799011022,-120.68192097359861,-380.7199760272234,260.0380550536248,47.86399492211496,42.2773349123631,43.861246102554624,-0.003988597359201207
2026-07-29,4.04,63908.16796875,64638.6953125,63206.2109375,63871.39453125,28611167472.0,0.0005760654802511311,4.8966729943934635e-08,9.886212291402809e-08,1.914596451585437e-07,63871.36328125,63724.8984375,64098.49609375,66100.796875,58558.859375,63834.809895833336,96.94866043769103,63908.16796875,64129.54765625,528.6972341296242,65044.8125,63821.9685546875,1518.9584171897106,66505.125,64264.82735974379,64167.01074951466,97.81661022912886,-139.92395819119702,-332.56077246001814,192.63681426882113,48.00921337631395,41.609452690956395,41.69729044164688,0.026816684517217748
2026-07-30,4.04,64725.30859375,65071.4453125,63533.90625,63908.625,26250039650.0,0.012705115941955114,4.068219216879981e-08,8.572477461470327e-08,1.8152962706980963e-07,63908.16796875,63871.36328125,63724.8984375,65044.8125,60003.7578125,64168.279947916664,482.7518311359484,64725.30859375,64065.646875,392.0739320363004,64725.30859375,64058.04609375,1234.5912738379627,66505.125,64356.92360654503,64217.765098990596,139.15850755443535,-88.22004623129033,-283.6926272142726,195.47258098298227,51.25550818658395,57.50384465759753,47.13021075363903,-0.003553240424048365
2026-07-31,4.08,62813.74609375,65328.18359375,62410.8671875,64723.96875,30439749629.0,-0.029978357028635827,1.1456979188906713e-07,9.484990729039794e-08,1.8506428833696967e-07,64725.30859375,63908.16796875,63871.36328125,64098.49609375,61485.30078125,63815.740885416664,959.1271407650518,64725.30859375,63808.696875,680.247722368752,64725.30859375,64124.468359375,1119.2366372923993,66505.125,64048.28810398603,64090.127007605086,-41.83890361905651,-199.19524288685352,-266.7931503487888,67.59790746193528,44.288741148647894,12.891390123354238,37.3348958239694,-0.02933950278057329
2026-08-03,4.07,63460.8984375,64020.32421875,62226.578125,63485.44140625,26038889824.0,-0.00033245755302679925,4.5440147198495e-08,9.334526822673636e-08,1.849298550308318e-07,62813.74609375,64725.30859375,63908.16796875,63724.8984375,63995.015625,63666.651041666664,972.2491442233547,64725.30859375,63755.896875,698.3820999552283,64725.30859375,64097.7625,1128.8192556634508,66505.125,63930.81017068883,64032.924410322805,-102.11423963397829,-232.24690238466428,-259.8839007559639,27.636998371299626,46.919196545185905,26.354743897271998,32.24999289274127,-0.0051479309072791635
2026-08-04,4.04,64055.953125,64466.9375,63277.68359375,63458.41015625,23662357784.0,0.009333025393484462,5.2685820769579244e-08,9.233857890667401e-08,1.8553479052875257e-07,63460.8984375,62813.74609375,64725.30859375,63871.36328125,63297.39453125,63443.532552083336,621.28556848235,64055.953125,63792.81484375,710.7806993475803,64725.30859375,64135.6904296875,1113.1466520067897,66505.125,63955.838761551066,64035.01792983891,-79.17916828784655,-208.0266388586242,-249.512448376496,41.485809517871786,49.2901098594521,39.060128176471174,26.102087399032484,0.002449037678941668
2026-08-05,4.03,64597.5,64954.34765625,63829.71875,64054.87890625,23568584891.0,0.008418741360801008,5.936171247615476e-08,8.62586024992328e-08,1.8575722711439568e-07,64055.953125,63460.8984375,62813.74609375,63908.16796875,62257.57421875,64038.1171875,568.5106581847673,64597.5,63930.68125,800.0020215037757,64725.30859375,64252.68671875,1024.8234470016632,66505.125,64084.171009240854,64086.15266348992,-1.981654249066196,-143.47965445664158,-228.30588959252512,84.82623513588354,51.41691233439068,50.62303373223061,38.67930193532461,-0.009696873809613815
2026-08-06,4.06,64262.11328125,64934.4921875,64098.4765625,64595.44921875,18529402711.0,-0.005205470783877786,4.699269376945272e-08,8.061574287795769e-08,1.7926311318507566e-07,64597.5,64055.953125,63460.8984375,64725.30859375,63193.1484375,64305.188802083336,273.33108097559256,64597.5,63838.0421875,706.3139411832808,64597.5,64306.1349609375,994.0701037375509,66505.125,64119.75946364269,64102.14908328629,17.61038035639649,-118.02805558664113,-206.25032279134834,88.22226720470721,50.01779693616195,43.46198243161642,44.38171478010609,-0.0337269002764824
2026-08-07,4.01,64880.19140625,65330.609375,64113.2734375,64257.48828125,22165720102.0,0.009572120395366923,3.0650288184759994e-09,7.714356479744541e-08,1.7869139215212803e-07,64262.11328125,64597.5,64055.953125,62813.74609375,64127.140625,64579.934895833336,309.4132217837105,64880.19140625,64251.33125,542.7639437634265,64880.19140625,64343.7875,1001.1698317442423,66505.125,64271.84585216415,64172.88020355572,98.965648608435,-47.43691766185657,-174.48764176545,127.05072410359344,52.5787562547383,56.65895450435873,50.24799022273527,-0.01846582078364689
2026-08-10,4.04,63910.5859375,65321.83984375,63752.56640625,64845.3828125,22384770392.0,-0.01451304804556841,9.499681491981214e-09,6.718654011126378e-08,1.6910263591894448e-07,64880.19140625,64262.11328125,64597.5,63460.8984375,62239.12109375,64350.963541666664,490.8711316017469,64880.19140625,64341.26875,396.6265125975958,64880.19140625,64427.3607421875,878.4805298103597,66505.125,64199.59386923132,64149.03527027792,50.55859895340109,-68.93732371609076,-153.37757815557816,84.4402544394874,48.390051624174966,37.689823452168426,45.93692012938121,-0.01743761752714712
2026-08-11,4.03,63551.875,64433.6796875,63185.47265625,63910.17578125,20824820662.0,-0.005628510258814501,7.46172250597391e-09,2.8731311829273986e-08,1.6644082216000743e-07,63910.5859375,64880.19140625,64262.11328125,64055.953125,64956.11328125,64114.217447916664,687.1720765605897,64880.19140625,64240.453125,529.1901589765585,64880.19140625,64357.148828125,890.0365032000786,66505.125,64070.05009538506,64094.74797297992,-24.69787759486644,-113.61187818917097,-145.42443816229672,31.812559973125758,46.90141194308873,32.67654576869957,42.34177457507559,-0.008527830246602308
2026-08-12,4.0,63402.43359375,64381.078125,63251.11328125,63551.87109375,23063864553.0,-0.0023542560615528174,5.3750489855544545e-09,2.8585882132715648e-08,1.6587115518996172e-07,63551.875,63910.5859375,64880.19140625,64597.5,64712.375,63621.631510416664,261.1592984640802,63910.5859375,64001.43984375,593.575272853049,64880.19140625,64291.6517578125,910.4837576144827,66505.125,63936.526795058046,64031.81030214084,-95.28350708279322,-159.23983927846712,-148.1875183855308,-11.052320892936308,46.26288789920367,33.273533183003934,34.54663413462399,-0.0050602645379853595
2026-08-13,3.97,63402.171875,63926.33203125,62799.2890625,63404.42578125,18765583756.0,-4.127906064965714e-06,4.609777704639443e-09,2.5202408352814406e-08,1.5030442453297703e-07,63402.43359375,63551.875,63910.5859375,64262.11328125,63789.28125,63452.16015625,86.35568697378463,63551.875,63829.4515625,623.0164586680925,64880.19140625,64272.2962890625,925.7127676641961,66505.125,63829.65581104644,63974.57044512803,-144.91463408159325,-193.19442066719057,-157.18889884186277,-36.005521825327804,46.26170004947764,34.256314525400384,33.402131159034646,-0.007345880565973961
2026-08-14,3.98,62975.59375,63551.5625,62487.69921875,63402.08984375,20280053024.0,-0.0067508670210933985,3.4439394476061077e-09,2.5883166874222256e-08,1.5041344214444715e-07,63402.171875,63402.43359375,63551.875,64880.19140625,63899.4609375,63260.06640625,246.36058174981844,63402.43359375,63448.53203125,336.1987988416349,63910.5859375,64226.1029296875,967.4081809427134,66505.125,63658.843398837154,63883.754381934574,-224.91098309741938,-251.62439132027066,-176.07599733754435,-75.54839398272631,44.26664977644463,24.130415085221838,30.553420931208734,-0.014592410460052774
2026-08-17,4.0,64506.25390625,64547.84765625,62687.1015625,62819.37890625,21555405073.0,0.026510137670230804,2.4685705886752293e-08,3.708576191204455e-08,1.5493051998313717e-07,62975.59375,63402.171875,63402.43359375,63910.5859375,65230.02734375,63628.006510416664,789.9247371734958,64506.25390625,63567.665625,567.1058578748572,64506.25390625,64189.9142578125,941.0554299804877,66505.125,63828.32550031973,63940.34524778143,-112.01974746170163,-172.43139983683795,-175.34707783740308,2.915678000565123,52.227745920293835,73.44242366277723,43.943051091133164,-0.0033843745554756888
2026-08-18,3.99,64680.7109375,64987.7109375,63980.32421875,64506.5234375,18728001793.0,0.002700847372800297,2.317693965350232e-08,3.0346551418316975e-08,1.4497739030952664e-07,64506.25390625,62975.59375,63402.171875,63551.875,66505.125,64054.186197916664,938.15247452945,64680.7109375,63793.4328125,753.3595796872066,64680.7109375,64098.6935546875,779.3511940642688,66100.796875,63998.80258775579,64007.65121957402,-8.848631818233116,-94.50377837731503,-159.17841794538546,64.67463956807043,53.05089671955048,79.06276112716327,58.87853329172079,0.029722233744243542
2026-08-19,4.0,69266.1875,69996.953125,64111.0703125,64680.046875,46228098443.0,0.0684938460027027,1.1868198734548802e-06,1.6557864104447246e-07,1.7179893827758615e-07,64680.7109375,64506.25390625,62975.59375,63402.43359375,66100.796875,66151.05078125,2699.197361497832,69266.1875,64966.18359375,2509.563912869307,69266.1875,64256.9630859375,1332.468395384894,69266.1875,65052.279570204635,64485.699972340015,566.5795978646202,333.4205941721957,-60.65861552186923,394.07920969406496,68.44257347521852,90.59549088686195,81.03355855893416,0.09147820477545543
2026-08-20,3.99,73032.7578125,73369.8046875,68867.53125,69268.25,55444322363.0,0.05295120538976228,2.723089592647291e-06,2.8530293602472664e-07,1.9473810471277726e-07,69266.1875,64680.7109375,64506.25390625,63402.171875,65044.8125,68993.21875,4182.709134568996,73032.7578125,66892.30078125,4161.294690399969,73032.7578125,64656.3603515625,2372.401307769726,73032.7578125,66648.37521866371,65262.705230536376,1385.669988127338,965.3564597688528,144.5443995362752,820.8120602325776,75.5369662765294,96.97532062989498,88.87785754797342,0.14014005333715818
2026-08-21,4.03,78335.1875,79463.7109375,73011.4140625,73031.0859375,74478039014.0,0.07008881775516329,6.883026610612155e-06,5.913924046836881e-07,2.3541104977193467e-07,73032.7578125,69266.1875,64680.7109375,62975.59375,64098.49609375,73544.7109375,4556.123599250563,78335.1875,69964.21953125,5866.880185795047,78335.1875,65368.194921875,3863.4754047148267,78335.1875,68985.73767493098,66451.11270957852,2534.6249653524574,1872.4475379740034,490.12502722382084,1382.3225107501826,81.75519187244379,93.35224635681922,93.64101929119208,0.21266593134409217
2026-08-24,4.04,78964.484375,79970.109375,76688.828125,77748.875,55502180329.0,0.015431912662529967,6.404055776273166e-06,5.618903046361197e-07,2.3767735630140544e-07,78335.1875,73032.7578125,69266.1875,64506.25390625,63724.8984375,76777.4765625,3258.2499177736736,78964.484375,72855.865625,6064.000851219442,78964.484375,66130.17421875,4889.025392244243,78964.484375,70981.48701494478,67588.69195188956,3392.7950630552223,2611.9933181863016,914.498685416317,1697.4946327699845,82.32927638972858,94.24778968682138,94.85845222451188,0.22878754437165028
2026-08-25,4.01,78564.9765625,81235.03125,77870.625,78960.09375,46728068401.0,-0.005072177186830729,6.4227275578946085e-06,5.634247557154863e-07,2.3490431546559405e-07,78964.484375,78335.1875,73032.7578125,64680.7109375,63871.36328125,78621.54947916667,318.43996356615725,78964.484375,75632.71875,4309.717288795692,78964.484375,66864.8548828125,5586.053052247684,78964.484375,72498.18492445583,68586.5360073996,3911.648917056227,3129.7736530456605,1357.5536789421858,1772.2199741034747,80.59546628027016,85.7576817701352,91.11923927125862,0.21092393317032854
2026-08-26,4.02,79027.421875,79240.5,77639.8359375,78538.5859375,29329039002.0,0.005868895257053808,2.5693444271222637e-06,5.659881729671611e-07,2.3523439302606077e-07,78564.9765625,78964.484375,78335.1875,69266.1875,63908.16796875,78852.29427083333,250.80646197353283,79027.421875,77584.965625,2560.7421913529215,79027.421875,67620.817578125,6158.572253139127,79027.421875,73804.03231456467,69535.70744990872,4268.324864655951,3536.665294709892,1793.376002095727,1743.2892926141649,81.09184836378812,88.22440776468818,89.40995974054827,0.2365310177610198
2026-08-27,4.04,80257.5390625,80806.5625,78591.1015625,79037.921875,34033075972.0,0.015445797722405175,1.1878078469392746e-06,5.71807420261755e-07,2.3752370728049589e-07,79027.421875,78564.9765625,78964.484375,73032.7578125,64725.30859375,79283.3125,874.8153879953126,80257.5390625,79029.921875,743.330725665583,80257.5390625,68397.4291015625,6727.291158032568,80257.5390625,75094.73366415173,70510.41941468974,4584.314249461997,3913.28017086038,2217.3568358486577,1695.9233350117224,82.38282932187869,94.78596641980515,89.5893519848762,0.2628665804510095
2026-08-28,4.15,77830.2890625,81346.953125,76909.3515625,80264.6484375,39362871737.0,-0.030710027313093136,8.761520509134114e-08,5.751700804177806e-07,2.2813770084673408e-07,80257.5390625,79027.421875,78564.9765625,78335.1875,62813.74609375,79038.41666666667,1213.6623520186827,80257.5390625,78928.9421875,882.5588956914032,80257.5390625,69148.25625,6906.895803425773,80257.5390625,75641.84474382139,71175.86210994521,4465.982633876178,3970.126239971316,2567.9107166731897,1402.2155232981263,71.94470841091075,81.35311142221501,88.12116186890279,0.22755996341080897
2026-08-31,4.16,78548.6328125,79247.34375,77378.4375,77673.703125,30608386987.0,0.011280159480270058,7.497644561070988e-08,5.848521331000935e-07,2.2810598382401926e-07,77830.2890625,80257.5390625,79027.421875,78964.484375,63460.8984375,78878.8203125,1246.8574415272465,80257.5390625,78845.771875,897.8343787511683,80257.5390625,69902.64296875,7074.929932139927,80257.5390625,76223.20235755712,71846.11399199565,4377.088365561474,4026.723929560001,2859.673359250552,1167.050570309449,73.03366372162893,85.16208368363591,87.1003871752187,0.23889498560651634
2026-09-01,4.18,77403.625,79196.515625,76399.0625,78539.859375,30608796575.0,-0.014684345110770991,9.721853728179524e-08,5.947224309242614e-07,2.2939025975808107e-07,78548.6328125,77830.2890625,80257.5390625,78564.9765625,64055.953125,77927.515625,578.6626616716475,78548.6328125,78613.5015625,1113.0611391424136,80257.5390625,70570.0265625,7123.7592435052175,80257.5390625,76459.2868860457,72351.34226545058,4107.94462059511,3933.8386024051433,3074.5064078814703,859.332194523673,68.47154863651504,79.0907522397099,81.86864911518695,0.2291051245547011
2026-09-02,4.16,77300.4765625,77737.546875,76248.3046875,77402.140625,26525296646.0,-0.001333493446432854,9.318716455175483e-08,5.894057271684207e-07,2.2673201536115624e-07,77403.625,78548.6328125,77830.2890625,79027.421875,64597.5,77750.91145833333,692.7693838569531,78548.6328125,78268.1125,1215.7155301434407,80257.5390625,71205.175390625,7129.518225453717,80257.5390625,76627.52482133656,72801.26356518235,3826.2612561542046,3808.0067630113917,3221.2064789074548,586.800284103937,68.05910154261794,78.54381417941995,80.93221670092193,0.19834081009950522
2026-09-03,4.11,81271.7421875,82262.2109375,76940.8828125,77300.1640625,40504199354.0,0.050098260888363555,5.768681135399093e-07,7.954224282768018e-07,2.2548306318454984e-07,77300.4765625,77403.625,78548.6328125,80257.5390625,64262.11328125,78658.61458333333,2263.622496526911,81271.7421875,78470.953125,1640.892185460902,81271.7421875,72055.6568359375,7270.8279925920815,81271.7421875,77556.36829456924,73571.30707630214,3985.061218267103,3982.8205938224273,3373.5293018904495,609.2912919319779,74.44221161524791,94.94016237137883,84.19157626350291,0.2565066309495525
2026-09-04,4.13,79671.96875,81433.1484375,78641.625,81271.5390625,37501874897.0,-0.019880567170122987,4.2242795422423836e-07,8.227309089800348e-07,2.2909313499912654e-07,81271.7421875,77300.4765625,77403.625,77830.2890625,64880.19140625,79414.72916666667,1998.090793357856,81271.7421875,78839.2890625,1667.6135593619808,81271.7421875,72795.245703125,7254.816633939611,81271.7421875,77979.4883856554,74125.91268300194,3853.5757026534557,3946.77747373053,3488.178936258466,458.598537472064,68.50324884634637,85.83164731655714,86.43854128911865,0.1502288724928018
2026-09-08,4.15,78438.578125,79463.2734375,77635.6875,79114.90625,34680168667.0,-0.008597379465072663,4.086778507557041e-07,8.103770919904929e-07,2.291301477984921e-07,79671.96875,81271.7421875,77300.4765625,78548.6328125,63910.5859375,79794.09635416667,1420.5249082767284,81271.7421875,78817.278125,1673.1262449671617,81271.7421875,73521.6453125,7042.621436550006,81271.7421875,78071.30633352432,74517.97317772903,3553.3331557952915,3775.1709055818355,3545.57733012314,229.59357545869534,64.24751448977656,78.9344763974027,86.56876202844624,0.07401911791936677
2026-09-09,4.17,78259.5234375,79737.296875,77768.1484375,78440.6015625,29192409298.0,-0.002285346965219759,3.5664512733974683e-07,8.079971292316314e-07,2.2897506139313762e-07,78438.578125,79671.96875,81271.7421875,77403.625,63551.875,78790.0234375,769.0161220411075,79671.96875,78988.4578125,1529.9974209892177,81271.7421875,74257.027734375,6706.662987726282,81271.7421875,78108.94975431946,74858.11411043548,3250.8356438839837,3583.415859675224,3553.145036033557,30.270823641666993,63.62950996278355,70.11733319957376,78.29448563784455,-0.0009659013390374005
2026-09-10,4.28,76568.125,78520.96875,76470.640625,78260.3828125,30120111719.0,-0.02184965985828491,4.793119879932708e-07,8.509690940250672e-07,2.2710946187876484e-07,78259.5234375,78438.578125,79671.96875,77300.4765625,63402.43359375,77755.40885416667,1032.1082104374036,78438.578125,78841.9875,1751.0733061202782,81271.7421875,74915.3123046875,6213.141527995216,81271.7421875,77800.78480345556,75013.56964585042,2787.21515760514,3257.417405791988,3493.9995099852435,-236.58210419325542,57.95806030719575,38.4476168438192,62.49980881359858,-0.03034730605748981
2026-09-11,4.35,77173.796875,79818.3359375,76162.9140625,76559.125,37410998193.0,0.007879113269485316,4.1116707622336685e-08,8.567055216631027e-07,2.2083156011416746e-07,76568.125,78259.5234375,78438.578125,81271.7421875,63402.171875,77333.81510416667,856.9781466544755,78259.5234375,78022.3984375,1202.6587064385242,79671.96875,75603.8935546875,5603.217555611204,81271.7421875,77675.38721776445,75209.95393940948,2465.433278354976,3013.1996509741584,3397.8395381830264,-384.639887208868,59.35512793387968,16.573759782761844,41.71290327538495,-0.017707377362905286
2026-09-14,4.37,78163.3828125,79568.953125,76367.375,76830.28125,29909358382.0,0.017099944459992855,3.319931117275858e-08,8.797043865538436e-07,2.232119674553163e-07,77173.796875,76568.125,78259.5234375,79671.96875,62975.59375,77301.76822916667,805.2914830673199,78163.3828125,77720.68125,810.7373077387309,78438.578125,76363.2830078125,4768.694376143128,81271.7421875,77772.98633671156,75478.4474733268,2294.5388633847615,2866.4638249661803,3291.564395539657,-425.10057057347694,61.60036680005689,32.79835021967184,29.273242282084308,-0.010933408201860284
2026-09-15,4.39,75612.5078125,78242.546875,74944.59375,78162.484375,39694675220.0,-0.03317957065234545,1.5023420679404378e-07,9.174390784264337e-07,2.282243950113737e-07,78163.3828125,77173.796875,76568.125,78438.578125,64506.25390625,76983.22916666667,1286.0707037331138,78163.3828125,77155.4671875,1113.649918718268,78259.5234375,76918.595703125,3878.927927684312,81271.7421875,77340.89063186926,75490.634776888,1850.2558549812675,2515.3450003164326,3136.3205164950123,-620.9755161785797,53.410059478891,9.127480235518949,19.499863412650893,-0.05787657214835251
2026-09-16,4.45,76150.3203125,76474.078125,74995.5234375,75611.796875,30053315577.0,0.007087568912613307,1.5729373403164538e-07,9.215565212122293e-07,2.28697831837866e-07,75612.5078125,78163.3828125,77173.796875,78259.5234375,64680.7109375,76642.0703125,1344.6577123123345,78163.3828125,76733.6265625,982.6618236327635,78163.3828125,77492.076171875,2616.9727596835437,81271.7421875,77102.77656799542,75550.60618921636,1552.1703787790611,2254.489425444801,2959.9542982849703,-705.4648728401694,54.775329972828146,16.47703797022383,19.467622808471553,-0.021585025190526186
